lm0_x,lm0_y,lm0_z,lm7_x,lm7_y,lm7_z,lm8_x,lm8_y,lm8_z,lm11_x,lm11_y,lm11_z,lm12_x,lm12_y,lm12_z,lm23_x,lm23_y,lm23_z,lm24_x,lm24_y,lm24_z,head_angle,neck_angle,torso_angle,shoulder_angle,forward_lean,spine_curve,lateral_shift_norm,shoulder_height_diff,label
0.8179104600212114,0.0,-0.20238876342773438,0.6168896933344663,-0.09722569893151524,-0.10481935739517212,0.5676800556422593,-0.05548021254458867,-0.33782538771629333,0.25443371281207505,0.10636025748369177,0.062484584748744965,0.25832183309143014,0.38280625911526195,-0.3952122926712036,0.011429844057621227,0.892471601594273,0.14287549257278442,-0.011429844057621227,1.107521689899877,-0.14213432371616364,18.696105790985367,-43.69433065228337,-71.25343584957653,89.19420721074685,0.5615326870694588,0.3051549141177062,0.2563777729517526,-0.2764460016315702,looking_down
0.6457234879443615,0.0,-0.03774839639663696,0.5492172227483356,-0.11530238294625582,0.10142263025045395,0.5559559623669977,-0.08775669984719804,-0.26546111702919006,0.35249366712244296,0.09532425887004362,0.30426904559135437,0.40015763491210504,0.18330144985864225,-0.40555983781814575,0.0032191539521338134,0.9203111949979607,0.20262858271598816,-0.0032191539521338134,1.0796850665204774,-0.2023419439792633,47.46866179871888,-53.801401344346516,-66.3831482866019,61.552209585216,0.2693978369270875,-0.10692781409018648,0.376325651017274,-0.08797719098859863,leaning_forward
0.014071664973880087,0.0,-0.0914761945605278,-0.06891627661432767,0.011546571330719721,0.0072935898788273335,-0.0744509232205926,0.02547844605849768,-0.16991499066352844,-0.07651072648873068,0.26702363164505394,0.14014561474323273,-0.04516981625543795,0.3061014427628484,-0.27821439504623413,-0.010279961837230714,0.9673154294441395,0.1258632093667984,0.010279961837230714,1.0326807305375982,-0.12549512088298798,-12.18184832692751,-92.31650191680608,-94.87426975366823,51.269935742938515,0.07491193634596441,0.13575220771804872,-0.060840271372084316,-0.03907781111779446,looking_up
0.25535316075109155,0.0,-0.46267011761665344,0.41502536455378225,0.08341893741789547,-0.5051805377006531,0.3581452955390245,0.0024749473776928595,-0.29397445917129517,0.32730876913900303,0.5227658701794409,-0.5796290636062622,0.24477895885242018,0.2504788312920904,-0.10531879961490631,0.007379807738779823,1.1297219903083024,-0.14545589685440063,-0.007379807738779823,0.870274483195732,0.1465386003255844,-161.87883680674767,-73.69328199158569,-64.99831272162086,-106.86198079018715,-0.030690703244620032,-0.3167345672403316,0.2860438639957116,0.27228703888735045,slouching
0.8035480978883556,0.0,-0.15883499383926392,0.6836837203774043,-0.12565791158182216,-0.005363402422517538,0.6441344522502396,-0.12478977304960791,-0.26183754205703735,0.4442344464284451,0.11595236150459763,0.16209198534488678,0.31389776140217657,0.16429151429506036,-0.40989333391189575,0.07206919540671235,0.9611070087651883,0.16164126992225647,-0.07206919540671235,1.0388881660078206,-0.1611645668745041,41.884748827944364,-42.970441776688475,-66.21027832382478,159.65123527274886,0.4244819939730447,0.04541589005773383,0.37906610391531087,-0.04833915279046273,leaning_sideways
0.89060477334066,0.0,-0.12682883441448212,0.7008706532165822,-0.09775458081749493,-0.021213339641690254,0.6315253889943924,-0.07011243636903418,-0.27043187618255615,0.2973397220279433,0.08057648323022418,0.12768390774726868,0.25190623847719346,0.34583574557040536,-0.37516847252845764,0.0582221310537418,0.9012833738295319,0.15310803055763245,-0.0582221310537418,1.0987093871306388,-0.1522766649723053,20.507002583772778,-37.19238581628131,-70.7588590025765,99.719283062583,0.6159817930880916,0.3413588128355233,0.27462298025256837,-0.26525926234018116,looking_down
0.5028819206258066,0.0,-0.2685334086418152,0.4334017564625338,-0.14205076422406487,-0.10877541452646255,0.3414189006962668,-0.15906336074357927,-0.3121527433395386,0.3333488194489702,0.02346339338874739,0.02281866781413555,0.10678217310423002,0.1417895528474359,-0.4124641418457031,0.08053871109154374,0.9472848865562972,0.12413699179887772,-0.08053871109154374,1.0527106495784753,-0.12355547398328781,52.51315361119755,-54.33477889752409,-76.51038582210008,152.4238421173681,0.2828164243492065,0.0627509280726064,0.2200654962766001,-0.11832615945868852,leaning_sideways
-0.6360921276854258,0.0,-0.06331560760736465,-0.5155889449229352,-0.11578456410273914,-0.21502289175987244,-0.535081952920685,-0.10925859220009541,0.04327600076794624,-0.34667286344424475,0.2358449618321084,-0.34435760974884033,-0.334906065277372,0.15063769590588894,0.22606365382671356,0.014032776180514123,1.0647749248580571,-0.1909581869840622,-0.014032776180514123,0.9352213190048465,0.19138187170028687,134.54711586513696,-121.11346327813658,-112.90012370208852,-82.13740126604738,-0.2953026633246174,0.04548680103619096,-0.34078946436080837,0.08520726592621947,leaning_forward
0.0676105003273989,0.0,-0.47693899273872375,0.2079167979952097,0.058393276796918976,-0.5141313672065735,0.160046540264098,-0.005405283992103509,-0.29749375581741333,0.15350629807359029,0.48516522990400723,-0.5705215334892273,0.10306380495929016,0.23894548571187413,-0.09688705950975418,0.019511306542593757,1.0865230323135846,-0.1429450660943985,-0.019511306542593757,0.9134738309696959,0.14539311826229095,-167.17419825911676,-80.5759380874574,-78.62993662370951,-101.5778560775682,-0.060674551189041304,-0.1889596027054815,0.1282850515164402,0.2462197441921331,looking_up
0.04776907370866407,0.0,-0.4440593421459198,0.1933356030452714,0.005076067486869788,-0.4529550075531006,0.10888608062353558,-0.026946674764132105,-0.24619832634925842,0.18972759250995158,0.4449678835035124,-0.5378710627555847,0.06867919111388954,0.26706706014171594,-0.02462988905608654,0.0335995423253901,1.1140152277245834,-0.16148291528224945,-0.0335995423253901,0.8859814445839247,0.1625080555677414,173.95961750754205,-86.58343955884844,-78.65523448081994,-124.23240147496934,-0.08143431810325649,-0.21063770991517705,0.12920339181192056,0.17790082336179647,good_posture
0.045456593157668104,0.0,-0.3841295838356018,0.17954293486841566,-0.002919924024656888,-0.4172137677669525,0.10686388232098226,-0.01983015465858137,-0.18243855237960815,0.18374207578374907,0.43248663438405377,-0.5231906771659851,0.05278933249248577,0.2629903475853054,0.025008007884025574,0.034485632585993055,1.0943677571206747,-0.1687459796667099,-0.034485632585993055,0.9056289690332286,0.16962485015392303,173.36220481772324,-86.02762078782193,-79.72296111202726,-127.6896557077507,-0.07280911098044932,-0.19107481511856672,0.11826570413811742,0.1694962867987484,good_posture
0.6957240839575981,0.0,-0.23874631524085999,0.6996985564288656,-0.07137686275007876,-0.10093864798545837,0.5920478433084287,-0.2519975064784849,-0.18792058527469635,0.6106494929103881,0.18387135104370533,0.031444039195775986,0.29906477127108005,-0.1330145782214528,-0.2339189499616623,0.09938454259397701,1.06850145980992,0.07425694912672043,-0.09938454259397701,0.9314917904600329,-0.07386604696512222,72.86458772653607,-44.409004555259415,-64.98027654284247,-134.5167163025817,0.24086695186686402,-0.21399018022387006,0.4548571320907341,0.31688592926515813,leaning_sideways
0.721271049150343,0.0,-0.530034065246582,0.5618532547245267,-0.08357352768110513,-0.26198187470436096,0.4362286787792356,-0.04952938482968982,-0.49643197655677795,0.3488548746868097,0.13727473010720945,-0.013858438469469547,0.14640162191333428,0.32363768104894425,-0.5379651188850403,0.06084525541839015,0.9209862437904688,0.17632389068603516,-0.06084525541839015,1.0790074422802174,-0.17582741379737854,16.671431265817425,-49.75256529017228,-72.16249457778643,137.3697074644126,0.473642800850271,0.226014552550199,0.247628248300072,-0.1863629509417348,looking_down
-0.39631542514687906,0.0,-0.022347893565893173,-0.2964273642223775,-0.06147994162832659,-0.187869593501091,-0.31143861532251654,-0.05852009406588673,0.1163226068019867,-0.15641490066276795,0.23760090863917643,-0.35823896527290344,-0.16982588637760768,0.19264112064460268,0.315749853849411,0.02457856304054231,1.0321233045310165,-0.20557087659835815,-0.02457856304054231,0.9678732412395815,0.2060076743364334,146.99731166448944,-117.10429927953278,-101.74060162148501,-106.60923467485159,-0.23319503162669125,-0.07007463810650344,-0.1631203935201878,0.04495978799457376,leaning_forward
-0.288957809491557,0.0,-0.06807122379541397,-0.18647191001357366,-0.00960770122781894,-0.20579399168491364,-0.20056764794496923,-0.0052570057911736,0.062833771109581,-0.0740879045461581,0.29874210683882013,-0.3607448637485504,-0.10395547132089387,0.2842169999392412,0.23991596698760986,0.019725309803395413,1.0193833993060626,-0.172824889421463,-0.019725309803395413,0.980613197142828,0.17320334911346436,175.54700851614368,-109.26936827826371,-97.16138876048203,-154.06555524991094,-0.19993612155803103,-0.11091443362450505,-0.08902168793352598,0.014525106899578921,leaning_forward
0.1686288382242797,0.0,-0.39146894216537476,0.10624074330265403,-0.03553307709255698,-0.13202829658985138,0.044185500585376715,-0.039353591269418564,-0.4095596373081207,0.07420308909224901,0.2506918711160735,0.10103791207075119,-0.07969715261355854,0.3110845866318473,-0.5152636170387268,0.05145900032998247,0.9564583843382884,0.1928817182779312,-0.05145900032998247,1.0435388453115546,-0.19078589975833893,21.842136318069322,-76.23897655719716,-90.21887121025736,158.57422827253797,0.17137586998493448,0.17412290174558925,-0.0027470317606547666,-0.0603927155157738,good_posture
0.15791923794223253,0.0,-0.4362644553184509,0.08979888307239939,-0.047237237105785986,-0.21163243055343628,0.027163801671342393,-0.041446809156538755,-0.4883144795894623,0.06547838446547882,0.2300696489932263,-1.3245339687273372e-05,-0.07700066786299073,0.3068427709395478,-0.6057119965553284,0.046688326150275176,0.9583006462480499,0.17483331263065338,-0.046688326150275176,1.041696585629413,-0.17314311861991882,24.033373407521815,-78.39398402068959,-90.45121414416029,151.68252719171093,0.1636803796409885,0.16944152133974447,-0.005761141698755957,-0.07677312194632152,good_posture
-0.03661025954318787,0.0,-0.4112447500228882,-0.08474878085535312,-0.04725301739783974,-0.31751343607902527,-0.13116383391909242,-0.037177507576806684,-0.49098050594329834,-0.1135752840867576,0.20900692891535247,-0.20570901036262512,-0.13804298404885987,0.4617128738346526,-0.4993000030517578,0.003934260411959007,0.9139593783362225,0.10008741915225983,-0.003934260411959007,1.0860367546004757,-0.09968145191669464,30.6126876161769,-87.29290891409308,-100.71868070006792,95.53029987221811,0.08919887452462089,0.21500800859242963,-0.12580913406780875,-0.2527059449193001,slouching
0.5107561022916476,0.0,-0.2337835431098938,0.4524514509349295,-0.10793173270068687,-0.07233916223049164,0.37724392907034204,-0.12000073721402656,-0.3144596219062805,0.309332581414145,0.1385224125900781,0.06763119250535965,0.15434159072282713,0.1758880540228905,-0.4325302839279175,0.0685079900549493,0.9569943918461559,0.14033184945583344,-0.0685079900549493,1.0430014623686306,-0.13951794803142548,49.917674256571196,-55.9850247638818,-74.61938178108217,166.44562734278986,0.2789190162231615,0.04708193015467546,0.23183708606848605,-0.0373656414328124,leaning_sideways
0.8258524505931492,0.0,-0.008863171562552452,0.7475153153457263,-0.16555648412481808,0.13316413760185242,0.7571648812958693,-0.13741442198082676,-0.21986925601959229,0.48551811793499605,0.030977097395031787,0.3357715904712677,0.5395493210735853,0.16040815004388362,-0.37375789880752563,0.009199291187455248,0.9131061882226705,0.21786604821681976,-0.009199291187455248,1.0868895734116921,-0.2176828384399414,64.11378406525314,-45.86724518534322,-60.45670627524376,67.34182405499564,0.31331873108885844,-0.19921498841543228,0.5125337195042907,-0.12943105264885182,leaning_forward
-0.17411408303572876,0.0,-0.2786516845226288,-0.059946911756926485,-0.034372931780361445,-0.3862251043319702,-0.09784031122467853,-0.04102581958613001,0.03581485524773598,-0.0036024762658003542,0.2418407584329353,-0.5822003483772278,-0.0772498992120697,0.23876227156193713,0.36519598960876465,0.03089820721193557,1.0189506855570778,-0.26277807354927063,-0.03089820721193557,0.9810469143109835,0.2664019465446472,158.4005597168023,-97.878082227187,-93.04603872885309,-177.60641071616263,-0.13368789529679373,-0.0932617075578587,-0.040426187738935034,0.003078486870998154,good_posture
-0.19373379124619994,0.0,-0.3294423818588257,-0.25217336983734595,0.0068198236827642636,-0.23250532150268555,-0.28040828603925755,0.08003895340001234,-0.3610347807407379,-0.2128654968079089,0.2807618874014122,-0.10036785900592804,-0.18660507981528068,0.4417027317440599,-0.38990333676338196,-0.012582862809981873,0.9323436925007592,0.09184128791093826,0.012582862809981873,1.067652369599187,-0.09150326997041702,-30.90284760895791,-101.82816369031431,-107.36391194002161,80.73282139725329,0.006001497065394851,0.20573678537698964,-0.1997352883115948,-0.16094084434264766,slouching
0.850596219102375,0.0,-0.2107820361852646,0.6532011929144746,-0.1092956789884716,-0.09470702707767487,0.5714708426045082,-0.06795174046329197,-0.3235510587692261,0.25431854683840754,0.08402352687941772,0.05749906599521637,0.20495160061582463,0.36208651523979984,-0.4013354778289795,0.06669762481375188,0.9010840936703529,0.1458083987236023,-0.06669762481375188,1.0989084517435919,-0.14503301680088043,20.403281837741456,-39.16000873800665,-73.5342711699759,100.0673199076777,0.6209611453752589,0.3913260716481428,0.22963507372711608,-0.2780629883603821,looking_down
0.489769693031951,0.0,-0.6164600849151611,0.4712637207784989,-0.04914293221227138,-0.29675596952438354,0.34876877216875096,-0.11136930499506768,-0.5260188579559326,0.39416864883610736,0.20477993354414775,-0.06809868663549423,0.10044944932825886,0.11941934952058679,-0.6296787858009338,0.10280798718121864,0.9975299512973202,0.1437222808599472,-0.10280798718121864,1.002466602615242,-0.1410118043422699,45.179994814073645,-56.12429309544553,-73.55582929130219,-163.79509493724277,0.24246064394976788,-0.0048484051324152455,0.24730904908218312,0.08536058402356096,leaning_sideways
0.375258063761554,0.0,-0.5122948884963989,0.5390475407533017,0.09406169353886228,-0.5391989350318909,0.4687766410801598,0.01483390842064275,-0.2943699061870575,0.45030034553619497,0.5563827377080551,-0.6379581093788147,0.3047109671493851,0.2506917513039759,-0.08313991874456406,0.013094667502859,1.161391919367082,-0.16496381163597107,-0.013094667502859,0.8386045023968525,0.16581259667873383,-157.06138355242837,-70.09451197623197,-57.66990235662872,-115.46674321519457,-0.0022475925812360242,-0.37975324892402607,0.37750565634279004,0.3056909864040792,slouching
0.01803656587441649,0.0,-0.14495916664600372,-0.06356987803469447,0.008454622652111473,-0.033411260694265366,-0.07132884523982382,0.027633326869695347,-0.1918487697839737,-0.07950825592138033,0.26138667064034476,0.10004183650016785,-0.028497162595703094,0.32306731150542306,-0.27521225810050964,-0.01185642804696702,0.9717325675099993,0.12101542949676514,0.01185642804696702,1.028263555671633,-0.12067721784114838,-11.918778713559153,-92.80768535965147,-94.36319600671231,50.40858795147077,0.07203927513295821,0.12604198439149994,-0.05400270925854172,-0.061680640865078296,looking_up
0.3153838256451999,0.0,-0.3050448000431061,0.2840960598361293,-0.09349800995685967,-0.14632979035377502,0.20656280095010587,-0.14631160021061562,-0.27103641629219055,0.22731838038380242,0.10110746199900705,0.0017494375351816416,0.022909744956087236,0.06533573661802625,-0.3239024579524994,0.06317443172461405,0.9651025958639846,0.09241798520088196,-0.06317443172461405,1.0348932379179379,-0.09081950783729553,59.7043871306051,-59.38187509822634,-82.22875305063391,-170.07369624228596,0.19026976297525508,0.06515570030531026,0.12511406266994482,0.03577172538098081,leaning_sideways
0.2844547499276444,0.0,-0.44694408774375916,0.44689574777602287,0.0607220009856656,-0.5020648241043091,0.3899231339557441,-0.012502820641839415,-0.2698332965373993,0.3617481730209943,0.5133831988204351,-0.5893404483795166,0.2776208751192092,0.2403193345105566,-0.07686016708612442,0.00021749926381194347,1.1241438507416561,-0.15861840546131134,-0.00021749926381194347,0.8758526523420728,0.15954872965812683,-169.79696019863331,-74.36419319485654,-62.84143970440251,-107.12336036243124,-0.03522977414245737,-0.35491429821255915,0.3196845240701018,0.27306386430987856,slouching
-0.34613171541679094,0.0,-0.4661734998226166,-0.1933580655511119,-0.03745298271538682,-0.5844123959541321,-0.22856259767785087,-0.08901762434229174,-0.32785776257514954,-0.07443729924875099,0.3899140950058017,-0.6189751625061035,-0.09387574806757298,0.08480378005954631,-0.14572253823280334,0.016457283991753176,1.1086814177792368,-0.16441871225833893,-0.016457283991753176,0.8913149165266988,0.1680038869380951,154.92906616045522,-112.87214618626413,-96.29705841625231,-93.64536308323301,-0.26197519175862893,-0.17781866810046693,-0.084156523658162,0.3051103149462554,looking_down
0.052208251382804466,0.0,-0.3097074329853058,0.18639394648301028,-0.003621172141467364,-0.37783342599868774,0.13508595032091225,-0.029057753503718926,-0.10748660564422607,0.19132675772395608,0.3935943837888939,-0.5075819492340088,0.07705023506854428,0.25194409319216965,0.10504806786775589,0.019152144779903884,1.0852248888796583,-0.18634042143821716,-0.019152144779903884,0.9147720789946114,0.18719074130058289,171.43840945875579,-85.5230026506931,-78.79238865698439,-128.8948909719752,-0.08198024501344572,-0.2161687414096959,0.1341884963962502,0.14165029059672424,good_posture
-0.30864635907417903,0.0,-0.5032854080200195,-0.15814272447491085,-0.05100972834362129,-0.6076221466064453,-0.22354894120152533,-0.09507863076050106,-0.36593151092529297,-0.029610313568089703,0.3666544492570451,-0.6300962567329407,-0.10762213591633206,0.08620649161797879,-0.18805183470249176,0.03832770871870797,1.107076950492916,-0.15615220367908478,-0.03832770871870797,0.8929192677541677,0.15949445962905884,148.19832817224258,-112.20266789263557,-95.06892695396988,-105.54489857141414,-0.24003013433196815,-0.17141390958975727,-0.06861622474221088,0.2804479576390663,looking_down
-0.34245866180440115,0.0,-0.48535865545272827,-0.4758174511125451,-0.040170269312582337,-0.2221873253583908,-0.5876809799366693,-0.0006658711493276885,-0.5024768710136414,-0.4011426295079078,0.21877722988280726,0.05624997988343239,-0.5973256741084934,0.39776747158422865,-0.5954176187515259,0.04233586500772798,0.9042628443102269,0.20304414629936218,-0.04233586500772798,1.0957316619774053,-0.2029142528772354,6.156479784324893,-95.64949371661577,-125.8188710694409,137.62381778985718,0.15677549000379937,0.6560096418119998,-0.4992341518082005,-0.1789902417014214,slouching
-0.011927762478106757,0.0,-0.16513857245445251,-0.08084904723298326,0.010165944560839154,-0.04584353417158127,-0.09750173059755866,0.028485677640587802,-0.20130901038646698,-0.0732122308555078,0.2709277695464635,0.0898517295718193,-0.07764766338090974,0.3176465743305252,-0.28898152709007263,0.003872350741969738,0.9715598274534836,0.11741213500499725,-0.003872350741969738,1.0284363286139773,-0.11709769815206528,-14.04594957909153,-92.86185934005766,-96.10089968135885,95.42334373534378,0.06350218464010202,0.1389321317583108,-0.07542994711820877,-0.04671880478406165,looking_up
2.1179332954122962,0.0,-0.3510975241661072,1.9762390057145938,-0.46536739765104673,-0.24361230432987213,1.8986738224424824,-0.4360527867816193,-0.4981749951839447,1.3688048769573384,-0.43365606802382073,-0.06506264209747314,1.1233479239983688,0.1461198980822985,-0.5390757918357849,0.07646368172081114,0.8439278890987241,0.16382327675819397,-0.07646368172081114,1.1560635129928372,-0.16333188116550446,68.17745998280562,-23.939094514085067,-42.5485793655336,112.94610718419722,0.8718568949344425,-0.3742195055434112,1.2460764004778537,-0.5797759661061193,leaning_forward
0.9983470491157177,0.0,-0.2841137647628784,0.8899210466506944,-0.15855414385040273,-0.14860902726650238,0.85622894489268,-0.16806191962867437,-0.4065414369106293,0.6420771499551879,0.168542970709886,0.04647195339202881,0.535457230686629,0.255530824136266,-0.5152590870857239,0.05183593540588321,0.9749569588775946,0.17689907550811768,-0.05183593540588321,1.02503836719862,-0.17563222348690033,52.508526315064394,-52.85762104679815,-53.23277884851175,140.79007159760897,0.4095798587948092,-0.17918733152609934,0.5887671903209085,-0.08698785342637999,leaning_forward
0.03663756395746582,0.0,-0.3954637050628662,0.18008726145117054,0.0007764137334039699,-0.43305495381355286,0.11734872372484509,-0.027677697546387273,-0.19012968242168427,0.17767782096266796,0.4219055210086839,-0.5352175235748291,0.07066773750443103,0.2564409265547565,0.023867519572377205,0.025804697980821776,1.093462964191216,-0.17055989801883698,-0.025804697980821776,0.9065338091402404,0.1713624745607376,173.15672744453215,-86.01821507600509,-79.35789390597175,-122.89175733366132,-0.08753521527608368,-0.21170799450963318,0.1241727792335495,0.16546459445392742,good_posture
0.3198304401680767,0.0,-0.09607499092817307,0.2316542936449797,-0.01997009157808797,0.16717787086963654,0.15661329291814158,-0.03490800911382964,-0.10255050659179688,0.15243287113621537,0.29675101452325264,0.3276342451572418,0.01176453356376602,0.31293263528225274,-0.318464070558548,0.06078181456430111,0.9850816645861021,0.18941637873649597,-0.06078181456430111,1.0149149348471416,-0.18957239389419556,12.314249702879811,-71.36744510521832,-83.26450846528239,173.43788933264418,0.23773173781808601,0.15563303546809532,0.0820987023499907,-0.016181620759000093,good_posture
0.8960582144329914,0.0,-0.15928426384925842,0.7834582531764016,-0.12310846837776097,0.03539545089006424,0.7373884416199364,-0.146634558948949,-0.247471421957016,0.5121238978546079,0.16572108249215065,0.25214457511901855,0.40763766079224684,0.09942980204721528,-0.3947068452835083,0.06144931363689089,0.9907946310946367,0.20880194008350372,-0.06144931363689089,1.0092000608774294,-0.2087031602859497,44.838315051008266,-41.66526024524548,-62.06882159391808,-147.60692053349428,0.436177435109564,-0.02370334421386333,0.45988077932342736,0.06629128044493536,leaning_sideways
0.3810231610801416,0.0,-0.15815992653369904,0.21093920010737072,-0.04458062266643103,-0.009827656671404839,0.15132702842415766,-0.029617443548415293,-0.2733437418937683,0.07729027378635009,0.23107646314683938,0.2033635824918747,-0.03533012363328945,0.3343350125746278,-0.40982311964035034,0.046808420899938766,0.9433765710711031,0.18472792208194733,-0.046808420899938766,1.0566176430193914,-0.1842498630285263,10.514299352381075,-63.399034670690405,-88.32463181525249,137.4831439683746,0.3600430860036113,0.33906301092708097,0.02098007507653032,-0.1032585494277884,good_posture
0.08792165452771067,0.0,-0.40278443694114685,0.210864972610037,-0.026796062160282665,-0.40665438771247864,0.1272944324145108,-0.0408564652594208,-0.07943485677242279,0.250488410623027,0.27386950225466333,-0.5286045670509338,0.11748284414927551,0.23561467988376544,0.2198152244091034,0.051208501409157094,1.0636792864945224,-0.2039019912481308,-0.051208501409157094,0.9363179924578686,0.2070091962814331,157.37387304201138,-92.9569708250004,-76.13236682698259,-163.9538012713656,-0.09606397285844062,-0.2800496002445919,0.1839856273861513,0.03825482237089789,slouching
0.16440099023228513,0.0,-0.40099507570266724,0.10535839120600171,-0.07878218922202804,-0.2911834120750427,0.04337040584471265,-0.05438668791649178,-0.4944351017475128,0.056585077952483645,0.12488188243374439,-0.16725492477416992,-0.012444354737369096,0.37224379355263537,-0.5288811922073364,0.03559950717177082,0.9336512952656307,0.11247605830430984,-0.03559950717177082,1.0663438593764496,-0.1119832918047905,36.483904204969384,-80.57845800692488,-88.31765145414433,105.59242449468152,0.14233062862472787,0.12026026701717059,0.022070361607557275,-0.247361911118891,slouching
0.4103360479978588,0.0,-0.19428923726081848,0.3542055222717044,-0.07671872176373004,0.010137530975043774,0.28904321364179714,-0.10566829571837523,-0.27921533584594727,0.2308915214729064,0.17647913700304688,0.20188455283641815,0.0992892049181898,0.14405111366657225,-0.4271353483200073,0.05216472025026811,0.9506770218742348,0.19073931872844696,-0.05216472025026811,1.0493195708160805,-0.18967388570308685,45.79035680681959,-58.097571146780716,-78.87757993657445,-166.15755426391974,0.24524568480231068,0.08015532160676259,0.1650903631955481,0.032428023336474626,leaning_sideways
0.4667298989346576,0.0,-0.32065829634666443,0.31999805933247305,-0.038768085350651425,-0.12014316767454147,0.23958194992509382,-0.03982531913531603,-0.3641270101070404,0.200999056927644,0.2863883291278397,0.07946913689374924,0.002323161848451582,0.28279585155060355,-0.5130130052566528,0.07716063392104916,0.9682865467243328,0.1727684736251831,-0.07716063392104916,1.0317087169767174,-0.1726459562778473,11.871322227286809,-61.19055637176825,-81.91226002451016,-178.96408482676773,0.3650687895466098,0.26340768015856203,0.10166110938804779,0.0035924775772361306,good_posture
0.794308136861982,0.0,-0.22903721034526825,0.6872608130899133,0.00119874033895692,-0.252693235874176,0.6826172444144835,0.008947644721552976,-0.20070749521255493,0.43264094427469424,0.11561559391312254,-0.2319256216287613,0.40323961270367753,0.3992630746223864,-0.12584467232227325,0.004064040272713792,0.92657399895828,-0.02779684215784073,-0.004064040272713792,1.0734193432495842,0.027874836698174477,-2.6558167876434924,-43.386173190226216,-60.62749092083946,95.91783028871166,0.3763678583727961,-0.04157242011638973,0.41794027848918586,-0.2836474807092639,looking_down
-0.5767730618753969,0.0,-0.5720171332359314,-0.6757447150976703,-0.04217366672541099,-0.36228421330451965,-0.8345679116362318,0.034072547666687936,-0.5728856921195984,-0.4375413276037901,0.21741956423725659,-0.1465330272912979,-0.7945060610003383,0.5085021245355281,-0.6080553531646729,0.07578156698350995,0.8896567126391602,0.14947865903377533,-0.07578156698350995,1.1103361486337908,-0.1494649201631546,1.3007952734315962,-110.76152629170832,-134.03932724622072,140.80489435022437,0.039250632426667265,0.6552743267287314,-0.6160236943020642,-0.2910825602982715,slouching
0.10684007006101612,0.0,-0.43996381759643555,0.2243918712750912,-0.014914165484354718,-0.35510241985321045,0.12822248167167963,-0.03482479770653558,-0.05747596174478531,0.25107191245296,0.2636958596379133,-0.4401484429836273,0.09331416445930135,0.22135027597361798,0.27783459424972534,0.05498819025627344,1.0070599898699464,-0.19850632548332214,-0.05498819025627344,0.9929375057068369,0.2050647884607315,160.3024443538762,-89.11850892344684,-77.19289472922509,-164.97475034013254,-0.06535296839511456,-0.23754600685124524,0.17219303845613068,0.04234558366429533,slouching
0.10697423941465238,0.0,-0.20658272504806519,0.030126090562152038,-0.04571638068975251,-0.009911307133734226,-0.027021397182161306,-0.027188862417898422,-0.2858620882034302,0.014069929968258276,0.25706277740507677,0.18938395380973816,-0.10007063356745119,0.33958673313744536,-0.4648348391056061,0.038108328687874546,0.9505057571449932,0.16608485579490662,-0.038108328687874546,1.0494910282092031,-0.1652512103319168,19.074284010761406,-82.41953018079664,-93.50684597996118,144.1329625396125,0.14997459121424883,0.1929749430138453,-0.04300035179959646,-0.08252395573236859,slouching
-0.979732376460816,0.0,-0.04474659636616707,-0.8890472688074731,-0.2255217300562138,-0.1754196584224701,-0.927347297990944,-0.14471279955082123,0.08758080750703812,-0.5528017741892163,-0.10559189667993414,-0.29098281264305115,-0.6093742178203236,0.025256552699671288,0.24370428919792175,0.05496750349916059,0.9995789139958655,-0.1588168740272522,-0.05496750349916059,1.0004162426859835,0.15912656486034393,111.12808906323153,-156.10077462909703,-119.18989551757223,113.38128496060973,-0.398644380456046,0.18244361554872401,-0.58108799600477,-0.13084844937960544,leaning_forward
0.15895731456361922,0.0,-0.31006330251693726,0.08413910678937946,-0.03763456106361593,-0.09303507208824158,0.0339153743601449,-0.03168998168601748,-0.37337109446525574,0.0583283498447989,0.2576652629756037,0.11642593890428543,-0.08453200972375625,0.3070658615135579,-0.4924814999103546,0.0490703475277254,0.9589076991537099,0.18730653822422028,-0.0490703475277254,1.0410895630963588,-0.18526621162891388,19.12988366435609,-77.1824522227145,-91.04593308697984,160.92479859430756,0.1720591445030979,0.18516097444257656,-0.013101829939478676,-0.0494005985379542,good_posture
0.8425551619157943,0.0,-0.21089908480644226,0.8497351221491253,-0.07943792956962817,0.007623047102242708,0.7596172500469327,-0.22538675095930363,-0.15706998109817505,0.6615042551385452,0.24899459494411144,0.15630997717380524,0.4981984650433457,-0.051466746104155726,-0.2847827076911926,0.07489062142185184,1.0690355331863506,0.11700591444969177,-0.07489062142185184,0.9309586706031981,-0.11669907718896866,76.04307664917694,-48.16866216206384,-57.24286386906779,-118.5248237258528,0.26270380182484887,-0.31714755826609653,0.5798513600909454,0.30046134104826716,leaning_sideways
0.5789486373808018,0.0,-0.1392524093389511,0.7704592685962518,0.051155524859940675,-0.25936391949653625,0.7317280644900683,0.033231160481481274,0.07029218971729279,0.7017806777764465,0.3964500821700068,-0.46905016899108887,0.5306800626517783,0.3143915362267397,0.3357371687889099,0.04177177349123038,1.0438559429222656,-0.2703891098499298,-0.04177177349123038,0.9561380511274677,0.27027183771133423,-166.22810716989858,-66.70520983317108,-46.2879233168457,-154.37798018772858,-0.0372817328333106,-0.653512103047423,0.6162303702141124,0.08205854594326711,slouching
0.5794190785596692,0.0,-0.6742167472839355,0.5782583134884474,-0.07333662043341094,-0.3520283102989197,0.42291992891398406,-0.15461797304223435,-0.5860317349433899,0.4782829979887501,0.17452529606689893,-0.1307739019393921,0.1228229106979921,0.11938393446775764,-0.6776962280273438,0.11559712057692545,0.958953591396442,0.14813019335269928,-0.11559712057692545,1.0410422996455826,-0.14644207060337067,55.331157673674646,-52.52542916574833,-70.5910982586747,-171.1821763145732,0.27886612421629814,-0.021686830127072954,0.3005529543433711,0.05514136159914129,leaning_sideways
0.030843213004928524,0.0,-0.4062310457229614,0.17024242864837724,-0.00854651419645296,-0.4477604329586029,0.1133039020276224,-0.02698184778291937,-0.19697067141532898,0.1791491117689651,0.389531504193978,-0.5634564161300659,0.05145690878025709,0.2471675621579736,0.019034817814826965,0.027234325921897888,1.0941913459214654,-0.17783889174461365,-0.027234325921897888,0.9058055576748263,0.17857232689857483,170.90197335998806,-85.49704673833773,-80.3991235441924,-131.89026470727944,-0.08445979726968258,-0.1997628075442937,0.11530301027461111,0.14236394203600436,good_posture
-0.299416489317639,0.0,-0.12056966125965118,-0.37495921280772704,0.032111578016230116,-0.018296023830771446,-0.38643422625567525,0.06594760298700293,-0.19622677564620972,-0.29211243927355834,0.28298256445516085,0.11038386821746826,-0.2976316935464765,0.35573347249766285,-0.27774107456207275,2.2460136502159357e-05,0.9776232490120876,0.11448877304792404,-2.2460136502159357e-05,1.0223721696072257,-0.11398700624704361,-31.09908049246712,-107.61375323127406,-113.423604083407,94.33843896134255,-0.004544422907621526,0.2903276435023959,-0.29487206641001745,-0.072750908042502,slouching
0.03371308521771266,0.0,-0.3722236454486847,0.17292676923338954,-0.0027438193706603204,-0.4169660210609436,0.0984064054553771,-0.020897609751046337,-0.17910343408584595,0.1897093176172306,0.42696360901811553,-0.5208488702774048,0.057099171071142256,0.2515184130711216,0.021233856678009033,0.033452591207378465,1.097323053959413,-0.1638074815273285,-0.033452591207378465,0.9026737454808813,0.16473044455051422,173.38652916907435,-87.9995113984183,-79.42120904123391,-127.08378959454353,-0.08969115912647375,-0.21309540347066017,0.12340424434418641,0.17544519594699393,good_posture
0.32288978644236005,0.0,-0.5528590083122253,0.5000919614786421,0.07230695353952485,-0.5970748066902161,0.44404524506016557,-0.012409212284286266,-0.370911568403244,0.39687517564182573,0.5806911118304232,-0.6511458158493042,0.3180276667684304,0.23294199671237517,-0.17267833650112152,0.005100309189041035,1.150879780826639,-0.14725983142852783,-0.005100309189041035,0.8491163960143616,0.14822356402873993,-168.64830283913585,-73.0838525735234,-58.92681684468491,-102.77506249751414,-0.03456163476276802,-0.3920130559678961,0.3574514212051281,0.34774911511804807,slouching
-0.4403467422234774,0.0,-0.46020349860191345,-0.5742701459878938,-0.033743673167325614,-0.16386446356773376,-0.7013587721281178,0.01711078085073513,-0.4681325852870941,-0.4388152593263219,0.2255013054224839,0.12631238996982574,-0.711903443563984,0.39580483839545805,-0.5834761261940002,0.05696338285301261,0.9098118322515004,0.20991741120815277,-0.05696338285301261,1.0901826421529373,-0.20981383323669434,2.4116136518808093,-101.07851143239857,-129.84997788076063,148.05146784991223,0.13501260922167563,0.7103719606668286,-0.575359351445153,-0.17030353297297415,slouching
0.4914665249509688,0.0,-0.5743690729141235,0.4839806774067953,-0.05928361699862429,-0.2716643810272217,0.35819977087865507,-0.1337877965947389,-0.49332892894744873,0.38823214344264456,0.21644606294830876,-0.06317232549190521,0.08814971581872602,0.09952130005462051,-0.5967706441879272,0.10904549230360538,0.9660778579779803,0.14000317454338074,-0.10904549230360538,1.0339184874890164,-0.13831782341003418,53.90726485324325,-54.29872911919844,-74.20473496613599,-158.71201488940943,0.25327559532028354,0.015084665689598237,0.2381909296306853,0.11692476289368825,leaning_sideways
0.9209879454724698,0.0,-0.18259599804878235,0.7757857619893773,-0.08276857209310443,0.013597307726740837,0.7350540735056217,-0.06785707049214244,-0.28135359287261963,0.4209997979738368,0.12862753019724443,0.24707801640033722,0.4411454141955776,0.23110556380033406,-0.4347207546234131,0.042655457663565495,0.9472805472664284,0.21976646780967712,-0.042655457663565495,1.0527136795881606,-0.21878403425216675,24.459619802794034,-38.193803191700574,-62.27292854054525,78.87834507342428,0.48991533938776255,0.05884273330305534,0.4310726060847072,-0.10247803360308963,looking_down
-0.28816624123428997,0.0,-0.06621742993593216,-0.19557738067107464,-0.025534547801126982,-0.19235122203826904,-0.22425961050299822,-0.027165049403613292,0.022124068811535835,-0.09166932067396773,0.27858209505153364,-0.3023364543914795,-0.11299271080972315,0.24303175136805494,0.16358734667301178,0.009600950064005779,1.058170649264514,-0.15902209281921387,-0.009600950064005779,0.9418258267061689,0.1596793681383133,161.38913294020148,-110.53919934442679,-97.88172845197764,-120.95567839956821,-0.18583522549244452,-0.08350420975059908,-0.10233101574184544,0.0355503436834787,leaning_forward
0.7578642557997669,0.0,0.0016568785067647696,0.6805416145110603,-0.13564803661158772,0.11385423690080643,0.6746058928502496,-0.11291331830955065,-0.1794389933347702,0.4398192752915944,0.080934353686195,0.285788893699646,0.48994139957489885,0.19637399072570957,-0.32762593030929565,0.023893436096022753,0.9388334527027232,0.18391788005828857,-0.023893436096022753,1.0611624243824629,-0.18356876075267792,57.13585359006897,-51.02989098036734,-61.643588290517435,66.53025185564715,0.29298391836652027,-0.17189641906672637,0.46488033743324664,-0.11543963703951457,leaning_forward
-0.5521649604967335,0.0,-0.030013887211680412,-0.4637328420139102,-0.12579442870093077,-0.16736964881420135,-0.4875338889622403,-0.0989836031818097,0.10128002613782883,-0.28452052938896194,0.12394372414997093,-0.33443209528923035,-0.30174884442114497,0.16358582751614484,0.2768307328224182,0.02994517645613734,1.0139785453435781,-0.18407727777957916,-0.02994517645613734,0.9860178293702192,0.1844412237405777,124.25300861819476,-125.4682552892637,-108.89883001670276,113.48959181171465,-0.25903027359168,0.03410441331337344,-0.29313468690505345,-0.03964210336617391,leaning_forward
0.019696241715651323,0.0,-0.3963833451271057,-0.11260708397063558,-0.03949951450792239,-0.1291268914937973,-0.23337012896221956,-0.013749633695162945,-0.42513227462768555,-0.059025931602695786,0.2317122606353273,0.12014549225568771,-0.3893733786029979,0.32540557279996857,-0.5587373375892639,0.0734811390942161,0.9134967301728768,0.20750169456005096,-0.0734811390942161,1.0864982887356083,-0.20719724893569946,7.86713079844002,-80.47427934446294,-107.26354562180603,164.1655757986767,0.24389589681849816,0.468095551921345,-0.22419965510284684,-0.09369331216464127,good_posture
0.5671025592663266,0.0,-0.08221585303544998,0.47177212047122563,-0.1087343540015158,0.06233375146985054,0.45435835648411366,-0.09609034322891825,-0.22395355999469757,0.27411040868214304,0.11476384742424313,0.2363845705986023,0.23796125669219317,0.19092434072007794,-0.3486098349094391,0.04911074158485829,0.9632972520205213,0.163693368434906,-0.04911074158485829,1.0366983672284005,-0.1631697416305542,44.54903233796444,-50.955722816283796,-73.18357299524698,115.39109236562432,0.31106672657915846,0.05503089389199034,0.2560358326871681,-0.07616049329583481,leaning_forward
0.11178840496238623,0.0,-0.07889187335968018,0.03818459623905398,-0.013684773716502209,0.031313780695199966,0.024089917233249547,-0.0045386761666121956,-0.12652696669101715,-0.008361584536960669,0.24249624545195905,0.16199755668640137,0.007038597164150902,0.2901943263297936,-0.24037839472293854,-0.004887206060653487,0.9779683184664678,0.11784207075834274,0.004887206060653487,1.0220276768344039,-0.11761870235204697,6.445773929730142,-83.41492517089085,-90.05166039125518,72.10639467686987,0.11244989864879111,0.11311139233519599,-0.000661493686404883,-0.04769808087783453,looking_up
0.0999866626961227,0.0,-0.36045193672180176,0.21885724058349806,-0.017119485482336896,-0.3939020335674286,0.14885618610438717,-0.03492090282572206,-0.05590542405843735,0.2578738340502813,0.2860910707557124,-0.5285220146179199,0.11119155211565207,0.2182212701415239,0.23288173973560333,0.05040777248026144,1.0467944972127565,-0.20571912825107574,-0.05040777248026144,0.9532028574882538,0.2104107141494751,162.76380139857002,-90.13923077146292,-76.13896330543139,-155.17004883579116,-0.08454603038684398,-0.26907872346981065,0.1845326930829667,0.06786980061418849,slouching
0.2733587069019012,0.0,-0.5391523241996765,0.43898511949132574,0.06743782234316718,-0.5654743313789368,0.37951339350013047,-0.0023736125682150056,-0.3495958745479584,0.3723074764021697,0.5505754055221436,-0.6350058317184448,0.23332218950280736,0.23800422127279305,-0.14050652086734772,0.018169011958448163,1.1456741901352063,-0.1506439745426178,-0.018169011958448163,0.8543223703579048,0.15163302421569824,-166.53681327281913,-73.60534357870142,-63.43793050750591,-113.97240104135224,-0.02945612605058734,-0.3322709590030759,0.30281483295248857,0.3125711842493505,slouching
0.43222658741108755,0.0,-0.3243698477745056,0.38011932348357547,-0.08865245358200462,-0.10193969309329987,0.2841768273921896,-0.10422349341633708,-0.3489418923854828,0.28233420209422116,0.13503928449554192,0.07045634090900421,0.08930040337444065,0.17482404958522144,-0.47947171330451965,0.07157392691581467,0.9662393080926749,0.14846616983413696,-0.07157392691581467,1.033756810174197,-0.14754000306129456,43.938696504322415,-59.79486720502455,-77.59887427160378,168.35426122074603,0.24640928467675663,0.06059198194242571,0.18581730273433092,-0.039784765089679514,leaning_sideways
0.16510526852191798,0.0,-0.42875728011131287,0.09061219992340376,-0.04839975043186944,-0.20016272366046906,0.03366542372949991,-0.04263180070510886,-0.48096123337745667,0.05679623088060051,0.24780805010892273,0.0077524748630821705,-0.08414895053814794,0.32904325633682285,-0.5748384594917297,0.05170789480788946,0.952620262066097,0.17398221790790558,-0.05170789480788946,1.0473768890301436,-0.172036275267601,23.847570761426812,-77.20888553597443,-91.10108353748576,150.04255927789075,0.1787816283506917,0.1924579881794654,-0.013676359828773714,-0.08123520622790012,good_posture
0.9941444325901884,0.0,-0.3870372772216797,0.9183596080436757,-0.19281771666192293,-0.1905788630247116,0.8529691832546404,-0.2512880506893846,-0.47558167576789856,0.6550510355537922,0.1275209842466955,0.03905583173036575,0.5038660845508345,0.08365694169746497,-0.5983272194862366,0.065568615098475,0.9696171325610962,0.18752244114875793,-0.065568615098475,1.0303781752084773,-0.18664222955703735,63.96299033864223,-46.93694018875514,-57.06209876378922,-163.82070747768014,0.41468587253787503,-0.1647726875144383,0.5794585600523133,0.04386404254923053,leaning_forward
0.3343501346835738,0.0,-0.10150575637817383,0.1701870247984722,-0.03767968592614766,0.06132807210087776,0.1271889560102573,-0.03527673170071462,-0.28345343470573425,0.06947795801307374,0.27579988477801265,0.3015368580818176,-0.08666299353194014,0.24657638175943336,-0.49290159344673157,0.062196456592588975,0.9665976349396983,0.2292879819869995,-0.062196456592588975,1.033398031990431,-0.22941827774047852,11.115672867077919,-62.14898812688498,-90.66633235528978,-169.39910722226134,0.342942652443007,0.3515351702024402,-0.008592517759433203,0.02922350301857929,good_posture
0.12908816887986993,0.0,-0.4819125235080719,0.12003144475233782,-0.024461246532120482,-0.2001080960035324,0.006303691768349175,-0.048329955750094425,-0.4687526226043701,0.07317177298522137,0.28267247136394,0.039635393768548965,-0.14229132709014122,0.3302637461457812,-0.576797604560852,0.06624551286978558,0.9686742422863979,0.18096132576465607,-0.06624551286978558,1.0313230588873479,-0.1783406287431717,28.90364679116435,-74.09071891631423,-92.85278393540816,167.5445522121218,0.16364794593232987,0.1982077229847898,-0.03455977705245993,-0.047591274781841164,good_posture
0.4805269956344618,0.0,-0.09020556509494781,0.40794194498117214,-0.11152509301643929,0.09090432524681091,0.3800024942592594,-0.11403434227022076,-0.1930072009563446,0.2567770821761791,0.14888267401652577,0.24250049889087677,0.12612133178495655,0.1455379404016824,-0.32961156964302063,0.07430104342847525,0.9625036630610427,0.1842126101255417,-0.07430104342847525,1.0374925073913606,-0.1826593577861786,52.49493054966668,-52.08267333323186,-77.34699238643857,-178.5335718271688,0.289077788653894,0.09762858167332619,0.1914492069805678,0.003344733614843387,leaning_sideways
0.935847095093806,0.0,-0.22808429598808289,0.8044299184713787,-0.1973106086454223,-0.22062227129936218,0.7707126972063969,-0.15813448783113224,-0.2428700178861618,0.542823499120071,0.11131502137289645,-0.15420499444007874,0.4689651144436602,0.33062197632810486,-0.21078726649284363,0.012290417371897741,0.9299503203447282,0.01353670284152031,-0.012290417371897741,1.070042245042437,-0.013413776643574238,50.16140312144575,-54.75862400456646,-57.00063378189452,108.61254038203965,0.4299527883119404,-0.07594151846992525,0.5058943067818656,-0.2193069549552084,looking_down
0.007211970584554646,0.0,-0.2438247948884964,-0.03726127216061484,-0.038200709161756996,-0.05111109837889671,-0.08486692005086739,-0.03650337319967436,-0.2736697793006897,-0.053407385776930646,0.2231891915946166,0.12944316864013672,-0.13695518766577283,0.29340108141266075,-0.3953576385974884,0.029941947799935562,0.9443592591726306,0.15036886930465698,-0.029941947799935562,1.055638012925074,-0.14988313615322113,28.68190993767701,-83.4172798727361,-97.31268258097525,139.956982671507,0.10239325730590637,0.1975745440272581,-0.09518128672135173,-0.07021188981804416,good_posture
0.17000883419949878,0.0,-0.2877108156681061,0.10643732963104356,-0.05253059915481137,-0.09073490649461746,0.04690084291914331,-0.05939911804218718,-0.38405337929725647,0.05277054596776916,0.2594626436481809,0.10285001248121262,-0.10874947449995524,0.32828251103741146,-0.4979807138442993,0.05824099596640518,0.9557580839925585,0.17646940052509308,-0.05824099596640518,1.0442390504011705,-0.17454136908054352,30.94615493381325,-73.3447426487025,-92.26990522996466,156.92229094143175,0.1979982984655918,0.22598776273168483,-0.02798946426609304,-0.06881986738923057,good_posture
0.5611883033640298,0.0,-0.6921760439872742,0.5473630785904134,-0.05469841049715795,-0.3601645231246948,0.41345181186585234,-0.1282595966428979,-0.5896967053413391,0.4585402298341275,0.2112728984316436,-0.13457706570625305,0.13071659166515603,0.14279354008473485,-0.6901500225067139,0.11889678335218808,0.9636921420029647,0.1522565633058548,-0.11889678335218808,1.0363039940515708,-0.15114536881446838,48.553772397915026,-55.32130002218472,-70.30220094234662,-168.20109989830448,0.266559892614388,-0.028068518135253795,0.2946284107496418,0.06847935834690874,leaning_sideways
-0.6923405218460063,0.0,-0.0659097358584404,-0.6030843196331558,-0.11191547055794018,-0.1829061657190323,-0.629686212723428,-0.10169910211480315,0.039737921208143234,-0.38262035791235144,0.19191067230700612,-0.30114880204200745,-0.37941044800063994,0.0653920317235617,0.1898285299539566,0.020385299793982768,1.0429570313106846,-0.15700311958789825,-0.020385299793982768,0.9570379155950693,0.1574874222278595,125.41826931430484,-134.98919683029087,-113.61841991552201,-88.54665807591331,-0.31132511888951053,0.06969028406698519,-0.3810154029564957,0.12651864058344442,leaning_forward
0.19073945406773474,0.0,-0.06200665980577469,0.10662573265621705,-0.022980314161426523,0.06699589639902115,0.10493293196414477,-0.016455581446355172,-0.21398872137069702,0.061898239848527166,0.31195482005733616,0.24257682263851166,0.054032596182835416,0.31761955780177137,-0.34206390380859375,0.013039895207048829,0.9868628539314798,0.17424276471138,-0.013039895207048829,1.0131338524951865,-0.17327608168125153,13.06615828306552,-81.8652872380672,-85.1645779017766,144.2390406039551,0.13277403605205346,0.07480861803637216,0.057965418015681294,-0.005664737744435211,looking_up
0.06439158169391752,0.0,-0.4830855429172516,0.18669471824665942,-0.024739773693513902,-0.4644237756729126,0.10512294626873693,-0.043507029816956276,-0.12090124189853668,0.20795139200849172,0.2844540161655219,-0.5798366665840149,0.09125032057932209,0.21753433472460001,0.2009076178073883,0.039611822915499,1.0587738582794959,-0.21041344106197357,-0.039611822915499,0.9412234091811711,0.21288874745368958,157.28564654501608,-90.74188892483463,-78.70478163486152,-150.16882617296633,-0.08520927459998938,-0.2348101308938963,0.1496008562939069,0.06691968144092189,slouching
-0.5799151147228624,0.0,-0.36278560757637024,-0.4160720190163723,-0.1690443627873971,-0.4866016209125519,-0.48230158925168576,-0.14804210367938858,-0.20000411570072174,-0.10638573473813923,0.11344956023705868,-0.5854796171188354,-0.33575915398412376,0.146759191022734,-0.04062550887465477,0.09285628942258019,1.0356106888145915,-0.1526142805814743,-0.09285628942258019,0.9643848146684085,0.15362264215946198,129.5076065333032,-128.31884770322787,-104.25913668357082,171.73726206167308,-0.3588426703617309,-0.1377702260005994,-0.2210724443611315,-0.03330963078567531,looking_down
-0.9360130583315789,0.0,-0.05088270455598831,-0.8599428508309435,-0.1814663363650338,-0.20027869939804077,-0.8793381493832602,-0.17953151175133997,0.03125569969415665,-0.5568949955029784,0.12935423012512515,-0.3243592381477356,-0.5381872663901703,-0.12249409781294618,0.1702755093574524,0.016784255665470087,1.0694636863862168,-0.16505806148052216,-0.016784255665470087,0.9305301703566928,0.1655024141073227,110.18934299846926,-150.2722580362,-118.78559910318451,-85.75177258751675,-0.38847192738500447,0.15906920356156995,-0.5475411309465744,0.2518483279380713,leaning_forward
0.06004836734548036,0.0,-0.2588844895362854,0.1846670956746568,0.049827186861994076,-0.3306952714920044,0.15203483394091502,0.007590508902558873,-0.09285034239292145,0.152212749343526,0.4293705880128515,-0.4306611716747284,0.08883255742059337,0.27164479135929814,0.090286023914814,0.008613819450139178,1.0584684404454092,-0.15185227990150452,-0.008613819450139178,0.9415284933757111,0.15250128507614136,-165.15349243094258,-81.54613102049466,-79.48749293577698,-111.89212771618993,-0.060474286036579325,-0.180996939418639,0.12052265338205968,0.15772579665355335,looking_up
0.11959849607623918,0.0,-0.551516056060791,0.11155534563203648,-0.01603688987116547,-0.22652193903923035,0.002224699728871926,-0.03413314637052937,-0.4666377902030945,0.07971366455071852,0.27914272608474766,0.027763336896896362,-0.09517776640547217,0.3300142264982894,-0.5679090023040771,0.054212411466101035,0.9592361239870759,0.18300198018550873,-0.054212411466101035,1.0407612485032283,-0.1805940568447113,21.802692384847333,-78.90926069775861,-90.63701863240686,163.78162064375638,0.127330547003616,0.13506259793099284,-0.007732050927376826,-0.050871500413541715,good_posture
0.13451716868505786,0.0,-0.2533004581928253,0.07108013438965415,-0.04086447986810602,-0.08875291049480438,-0.006457328321252275,-0.03179532576615756,-0.3168396055698395,0.02611870530264749,0.2686659910495801,0.09169065952301025,-0.06766929932509731,0.35556942371875594,-0.4550853669643402,0.028007274787090523,0.9462450028096528,0.16373322904109955,-0.028007274787090523,1.053751917095259,-0.163104847073555,19.568186256528918,-81.33748421421646,-91.72991482444807,137.1819860998601,0.15529246569628277,0.17606776270750768,-0.020775297011224915,-0.08690343266917583,slouching
0.08123043878448147,0.0,-0.29302358627319336,0.0324472206309396,-0.06287448110021861,-0.184341698884964,-0.021276319186264603,-0.04296707096628902,-0.3718354105949402,-0.017106141486576652,0.2226788682109143,-0.057197101414203644,-0.08225774121018847,0.3838957268121017,-0.43394359946250916,0.02398129556742136,0.9260996561349791,0.12200497090816498,-0.02398129556742136,1.0738966209414451,-0.12130426615476608,34.97640317745064,-81.1806059712267,-94.07881594147388,112.00481512386972,0.13091238013286405,0.1805943214812466,-0.049681941348382566,-0.16121685860118742,good_posture
-0.6042331935740883,0.0,-0.13285568356513977,-0.48499135074580935,-0.12286603380033097,-0.21072417497634888,-0.5373043546057537,-0.08308027789096542,0.027591470628976822,-0.25500334006842185,0.1556865005345897,-0.34725421667099,-0.3927018507008748,0.23632286363497176,0.19985239207744598,0.06222175371558604,1.0025738901160544,-0.16731010377407074,-0.06222175371558604,0.997421890911231,0.16721086204051971,132.112849043651,-122.06516769450754,-111.93982926999928,149.6467245630613,-0.28038059818944,0.043471997195208334,-0.32385259538464833,-0.08063636310038205,leaning_forward
0.7948698643307797,0.0,-0.2636750042438507,0.7136060426905687,-0.1555962230426639,-0.1307840794324875,0.6765330425291357,-0.17585548672230353,-0.3738854229450226,0.514393895540882,0.01854980019342336,0.037927135825157166,0.35978181433796425,0.1789573390078039,-0.48246461153030396,0.06150457569778679,0.9285200368997529,0.15589581429958344,-0.06150457569778679,1.071475500322973,-0.15520663559436798,58.94359530510451,-45.71253858754681,-64.12741672602108,133.94604086181008,0.35778200939135657,-0.07930584554806652,0.4370878549394231,-0.16040753881438052,looking_down
0.17855275795929854,0.0,-0.19079843163490295,0.04932080088995635,-0.016557527270574916,0.020154139026999474,0.017014598418680332,-0.007763817727010036,-0.38123244047164917,-0.053124904227487155,0.2671039301675354,0.3068583011627197,-0.02663255843718487,0.2923219853046529,-0.5820801258087158,-0.011984433394774712,0.9942905878282333,0.26116129755973816,0.011984433394774712,1.0057055126643275,-0.25949251651763916,4.781351507680579,-75.94934213318591,-93.16895724219681,43.588355511283204,0.21843148929163456,0.2583102206239706,-0.039878731332336013,-0.0252180551371175,good_posture
-0.016670846436003434,0.0,-0.3270414471626282,-0.04854042482843092,0.0028228670794939875,-0.29187682271003723,-0.0761609036213545,0.017699477979364744,-0.359338641166687,-0.06941981448896167,0.3107059732237109,-0.22047549486160278,-0.07683405239314074,0.36913311541488397,-0.3254983425140381,-0.0006281885480116913,0.9727448586435736,0.02536982111632824,0.0006281885480116913,1.0272517048763092,-0.025727543979883194,-12.660341348701483,-88.12771337922503,-96.32174363531838,97.23201771553467,0.05645608700504777,0.12958302044609898,-0.0731269334410512,-0.058427142191173065,looking_up
0.4243467753089556,0.0,-0.36331745982170105,0.36280531527444854,-0.09693298149362432,-0.17468054592609406,0.2823296734564888,-0.08478664069734004,-0.3655557334423065,0.2968980401836446,0.1729392943357794,-0.03426574543118477,0.07522323128973875,0.18692378761586836,-0.4514227509498596,0.08518597779483802,0.9329749522358685,0.11114813387393951,-0.08518597779483802,1.0670208579562026,-0.11044897884130478,41.75574280587655,-63.247168776157686,-77.21686778264895,176.39024371694242,0.23828613957226394,0.052225503835572284,0.18606063573669165,-0.013984493280088967,leaning_sideways
0.06360354334087112,0.0,-0.2552386224269867,-0.028092400600315644,-0.01974292906339062,0.0037582148797810078,-0.10646465359882201,-0.011624448696386621,-0.3128446340560913,-0.010488898701612894,0.28443065763728664,0.27897199988365173,-0.14684119946407997,0.3084518943862549,-0.47690653800964355,0.05478631553898695,0.9658749030553185,0.2374454289674759,-0.05478631553898695,1.034120511364144,-0.2368697226047516,6.833210210910495,-87.9107391446646,-96.37977629096483,170.00870219212894,0.14226859242371756,0.220933641506564,-0.07866504908284644,-0.024021236748968278,good_posture
0.05314152723744373,0.0,-0.3486570119857788,0.0297013895107421,-0.02339600130562242,-0.05428024008870125,-0.06473053344056799,-0.03454740172725415,-0.3447672426700592,0.005911496775105877,0.27170244146203915,0.2167966216802597,-0.13978327137551164,0.30348388040745333,-0.4929955303668976,0.052907097722203346,0.9504037044794719,0.2108926922082901,-0.052907097722203346,1.0495935979384883,-0.20890989899635315,22.295504096090053,-81.12675168865765,-95.3676139703589,167.69442816540018,0.12007741453764662,0.18701330183784948,-0.06693588730020288,-0.03178143894541419,slouching
0.1207565219623956,0.0,-0.40244850516319275,0.24982656463037975,-0.012253949800576057,-0.35567477345466614,0.16131091912386655,-0.043013349482899754,-0.08509210497140884,0.28543716050064877,0.284440016612264,-0.4383302330970764,0.11961543040686903,0.19352663649417393,0.20248016715049744,0.05342417089870346,1.0338698430650566,-0.1730460375547409,-0.05342417089870346,0.9661274071016335,0.1773131638765335,161.95327383535397,-89.34620902224643,-75.09748423304873,-151.26581455148826,-0.08176977349136332,-0.2842960689451222,0.20252629545375891,0.09091338011809005,slouching
-0.338814666785061,0.0,0.01932891085743904,-0.24376729620012208,-0.06508264830968677,-0.1399894654750824,-0.2604998052761309,-0.05491598164978094,0.13462720811367035,-0.0916450317642977,0.19492910237586009,-0.3201676309108734,-0.12112778158824053,0.20786551592354574,0.3158614933490753,0.02296828417781111,1.030071404262425,-0.20341625809669495,-0.02296828417781111,0.9699252773192217,0.20387861132621765,145.30962268645735,-119.14276451338566,-97.58803599059979,156.30913956592033,-0.2324282601087919,-0.12604185343252278,-0.10638640667626911,-0.012936413547685655,leaning_forward
-0.2821673629191665,0.0,-0.45020705461502075,-0.1357962568363501,-0.021331372274744645,-0.5404454469680786,-0.21652310747354342,-0.07369892332075421,-0.33741703629493713,-0.041688459096813395,0.38350133823796484,-0.5480493903160095,-0.07455800779298526,0.13692340191928312,-0.16124974191188812,0.03187629485415183,1.0918926929044788,-0.13986551761627197,-0.03187629485415183,0.9081035741129382,0.1433248221874237,155.85694986738673,-110.98554319735896,-94.49236665904448,-97.59292890987426,-0.22404412947426716,-0.16592089602936783,-0.05812323344489932,0.24657793631868172,looking_down
1.064973068965353,0.0,-0.1328921765089035,0.9908689777955703,-0.231366141093029,-0.014884760603308678,0.9487617974051739,-0.2564009528151163,-0.20540224015712738,0.663127958172627,-0.020586293093242725,0.13159845769405365,0.5751415196774865,-0.04293780842314422,-0.29109689593315125,0.06265812058009745,0.9682148151792739,0.1221001073718071,-0.06265812058009745,1.0317777938761912,-0.12177205830812454,68.68542855270279,-31.169118289176502,-59.032988178882654,-165.7464479567921,0.44583833004029616,-0.1732964088847606,0.6191347389250568,0.022351515329901497,leaning_forward
0.4194122031402045,0.0,-0.5948999524116516,0.4102352524769065,-0.05323098784670757,-0.2553119659423828,0.2907717016559565,-0.11075240896678602,-0.5025395154953003,0.3300670105868722,0.21943204829036528,-0.02186794951558113,0.05322855140011838,0.09920902226118376,-0.5886233448982239,0.09933929756860596,0.9814739784185232,0.15056337416172028,-0.09933929756860596,1.0185226847006033,-0.1475391983985901,49.95511749174657,-56.64311442885124,-77.15785062651265,-156.52607227844734,0.2277644221467092,0.03611664115321389,0.1916477809934953,0.12022302602918152,leaning_sideways
0.4897836435415429,0.0,-0.15751765668392181,0.43583670155355003,-0.08947158498662697,0.03485569357872009,0.3963850592501049,-0.12743672348174792,-0.23878221213817596,0.29799228627876556,0.11293698249511375,0.1962125450372696,0.14525757301512254,0.09687107184398026,-0.38651517033576965,0.05787789682747466,0.968547056457918,0.18156778812408447,-0.05787789682747466,1.0314492179078605,-0.18046708405017853,55.81178428467595,-47.649366045214315,-76.09327292871797,-173.99523395740562,0.2681587138945989,0.046533784247654836,0.22162492964694405,0.016065910651133483,leaning_sideways
0.2804646468408438,0.0,-0.5720592737197876,0.45745284910677364,0.043090636316826046,-0.603049099445343,0.378474818747993,-0.027631317800332157,-0.3535068929195404,0.3857011820825264,0.5228049371174361,-0.6906979084014893,0.2639955366874161,0.21502105517218872,-0.12368053942918777,0.01879029939306477,1.1565428605507762,-0.17157332599163055,-0.01879029939306477,0.8434536759937586,0.17252689599990845,-176.78244495995474,-75.54355763765176,-62.763054833748036,-111.5751138513317,-0.04438371254412743,-0.3692320719290987,0.32484835938497125,0.3077838819452474,slouching
0.058532507991540236,0.0,-0.41476717591285706,0.19675618860806562,0.02186624597677156,-0.425176203250885,0.1279486712278384,-0.010368401482069911,-0.20833493769168854,0.20066982468228262,0.4410426577075321,-0.5279521346092224,0.06379713492164539,0.2596240064314712,0.004774950910359621,0.033420651880141726,1.0981084620085149,-0.1665693074464798,-0.033420651880141726,0.9018883853570316,0.16748398542404175,-176.8305415046697,-85.00466646811101,-78.49512014082197,-127.03300719484007,-0.07370097181042377,-0.20593445161238777,0.132233479801964,0.18141865127606088,good_posture
0.08871830230092258,0.0,-0.05167427286505699,0.019172035473606543,0.011682841030660373,0.05136008560657501,0.008510762116441537,0.02210568240740035,-0.11237165331840515,-0.006097279220987023,0.266467550651867,0.1773378551006317,0.008427985171590437,0.3137651055208155,-0.23212313652038574,0.0027184802242990066,0.9788822733552857,0.11989209055900574,-0.0027184802242990066,1.0211137487952804,-0.11945901811122894,-12.71458003596543,-87.34368637278791,-89.9059424285081,72.92807273606961,0.08755294932562087,0.08638759635031916,0.0011653529753017072,-0.04729755486894849,looking_up
0.6206295214862539,0.0,-0.2843504846096039,0.6062101047860459,-0.037614164760332525,-0.03573765233159065,0.4781301270023785,-0.09141842555320238,-0.28159070014953613,0.38734078067018385,0.2650506460981642,0.15444320440292358,0.21200635281637636,0.21486580927168308,-0.424887478351593,0.08486165970374399,0.9613181900441935,0.15718777477741241,-0.08486165970374399,1.0386777862432743,-0.15645912289619446,39.430080124883375,-51.46468263324324,-68.48134195261997,-164.0276328775278,0.32095595474297384,0.02128238799969373,0.2996735667432801,0.050184836826481116,leaning_sideways
0.11185977340440184,0.0,-0.08246321231126785,0.03893648072326573,-0.00972444386982003,0.03723035007715225,0.02294876525822353,-0.0002207995353102992,-0.1313961148262024,-0.01193188989648364,0.25949694025914977,0.17300006747245789,-0.0023848933132443457,0.2919148610594862,-0.24777716398239136,-0.0044498262455397765,0.9750211733825177,0.1260201334953308,0.0044498262455397765,1.0249748412473945,-0.1256786435842514,3.516589388597999,-82.2695731874305,-90.5662525793143,73.590430633635,0.11901816500926583,0.12617655661412983,-0.007158391604863993,-0.03241792080033645,looking_up
0.09575358988862129,0.0,-0.3819742202758789,0.020796085827915922,-0.05675202482627299,-0.1745864748954773,-0.0451744202561811,-0.040108682191495125,-0.46013951301574707,-0.012663109485836556,0.23690809215324826,0.03217364847660065,-0.12378715048087624,0.3345997063979381,-0.6132785677909851,0.036142598742808146,0.949139214774325,0.17985910177230835,-0.036142598742808146,1.0508575332725585,-0.17923615872859955,24.16420012822347,-80.48120534456808,-95.45637793997861,138.68057865484502,0.16397871987197768,0.23220384985533407,-0.06822512998335639,-0.09769161424468986,slouching
0.017890595376630153,0.0,-0.18300288915634155,-0.05188289772859034,-0.009313982459436692,-0.024056151509284973,-0.07670562818866673,0.017723281059177007,-0.18420849740505219,-0.029854795551797614,0.2519179743574179,0.129159078001976,-0.034408477463784067,0.31747558020827177,-0.29161250591278076,0.008548518030952182,0.9564268819710307,0.12759184837341309,-0.008548518030952182,1.043569289773335,-0.1271076500415802,-2.9287487496702536,-96.54125143699775,-92.5720215342823,93.97342694912744,0.050022231884420995,0.08215386839221184,-0.03213163650779084,-0.06555760585085385,looking_up
0.023924988167065186,0.0,-0.304852157831192,0.1574779310431639,0.01894755701723904,-0.3820514678955078,0.11692159322963049,-0.01685630387045261,-0.13130001723766327,0.1450102989790469,0.4079728331840198,-0.4672497510910034,0.09036456177575293,0.2618495002305796,0.04254094511270523,0.007379231538384359,1.0739687643725455,-0.1504749357700348,-0.007379231538384359,0.9260281223211182,0.15144601464271545,-179.4711241880151,-86.6552283735348,-79.96536391536794,-110.50428689990127,-0.09376244221033474,-0.21144987258773468,0.11768743037739993,0.14612333295344015,looking_up
0.012447073230457566,0.0,-0.22166898846626282,-0.032128493155692724,-0.035398405547001,-0.04507039114832878,-0.07823302846625001,-0.043923753449458175,-0.2595996856689453,-0.03894134957926057,0.2245925962627136,0.11747115105390549,-0.14638932150941728,0.2854948514385722,-0.375442773103714,0.033249009720607875,0.9364647249390664,0.13825486600399017,-0.033249009720607875,1.0635325018138835,-0.1378125548362732,30.38995551224632,-82.75126493700101,-97.09063109890235,150.45513494277432,0.1051124087747965,0.19777774431913542,-0.09266533554433892,-0.060902255175858566,good_posture
-0.17816806821976958,0.0,-0.14120762050151825,-0.055196732899969916,-0.029698229702041487,-0.24427740275859833,-0.09821726769438718,-0.02768280180920226,0.04632410779595375,0.08447729650227348,0.30633080054038636,-0.4011077582836151,-0.0573978551895169,0.2611615162983507,0.21067233383655548,0.04384401727267461,1.054534974518079,-0.19187895953655243,-0.04384401727267461,0.9454617529661608,0.19235843420028687,164.21049529020414,-106.11125802186048,-88.91703444989726,-162.3399050275303,-0.19170778887614787,-0.20524750953252616,0.013539720656378292,0.045169284242035646,leaning_forward
-0.16087259813349436,0.0,-0.30688947439193726,-0.04481003512095601,-0.03566519086986415,-0.3911132216453552,-0.09055573330004175,-0.04261342309893724,-0.0044501833617687225,0.02219073304644789,0.2703273530709695,-0.5599713921546936,-0.07347956555540527,0.24637230566313711,0.31261956691741943,0.04533689090366794,1.0335665093528332,-0.24125944077968597,-0.04533689090366794,0.9664309884042035,0.2457278072834015,157.2177891417002,-98.04326425186999,-91.98035974268609,-165.942636616769,-0.13522818187901567,-0.10958376562453698,-0.02564441625447869,0.023955047407832386,good_posture
-0.36322909655105406,0.0,-0.06143324822187424,-0.2654522209178048,-0.009812932851716005,-0.16221073269844055,-0.27023735166699353,-0.024402973692422756,0.013247481547296047,-0.2056161439609514,0.27119720292555055,-0.24856717884540558,-0.14958847812713394,0.24168311385162158,0.13675114512443542,-0.017311265101017916,1.0290271312257173,-0.10247457027435303,0.017311265101017916,0.9709682670792141,0.10288824886083603,169.83165152073065,-108.25752515194122,-103.43367734587991,-27.779232570394175,-0.1856267855070114,-0.008024474462968723,-0.17760231104404267,0.029514089073928967,looking_up
0.17593748653310953,0.0,-0.35212215781211853,0.10165639310498799,-0.040009254802248276,-0.13825707137584686,0.05171973536538542,-0.025913861403758908,-0.4118097722530365,0.07544601335641324,0.25757593111332944,0.06144864857196808,-0.07212584663189041,0.3278195317545319,-0.5245730876922607,0.04678175106596539,0.9600103751713461,0.18566061556339264,-0.04678175106596539,1.0399868656759534,-0.1838083267211914,18.371755926016682,-77.02612536212811,-89.86552314987439,154.545743212706,0.1742774031708481,0.1726173198085867,0.0016600833622614146,-0.07024360064120244,good_posture
0.6826631617386081,0.0,-0.3169943690299988,0.6217240796588724,-0.11514260614422432,-0.11153718084096909,0.5006420375989029,-0.16267031552443564,-0.27867111563682556,0.521844969882481,0.13314617450324184,0.01861177198588848,0.19222219739244575,0.15209261002100666,-0.36278650164604187,0.10744013890298929,0.954450047804505,0.12621428072452545,-0.10744013890298929,1.0455445560890713,-0.12571917474269867,48.82880763551801,-54.052121458226146,-67.39193495469418,176.71030721493742,0.32562957810114473,-0.03140400553631861,0.35703358363746335,-0.018946435517764815,leaning_sideways
0.2585993887082495,0.0,-0.32482075691223145,0.17519802082237193,-0.01670191973859672,-0.09692435711622238,0.13711545208470946,0.0003386499682921063,-0.3452271819114685,0.15279847089421253,0.29664780133453156,0.09753015637397766,0.027096723089986802,0.35955470481806817,-0.4782661199569702,0.04837225182098639,0.9489701094283911,0.1951570063829422,-0.04837225182098639,1.0510272143569754,-0.1932520866394043,4.566264592265081,-78.86176812918798,-82.37508924215072,153.41452151019726,0.16865179171614986,0.0787041947240502,0.08994759699209966,-0.06290690348353661,looking_up
0.7442909283899776,0.0,-0.13253742456436157,0.6431921256932346,-0.09114569301906143,0.04354308545589447,0.6051487483494572,-0.11873723371755383,-0.2021900713443756,0.45041195769456477,0.22040037436550106,0.21375545859336853,0.2694686929907452,0.10850797346308404,-0.35884156823158264,0.08394483538623108,0.9955361185029674,0.16220968961715698,-0.08394483538623108,1.0044592122726685,-0.16208229959011078,41.14159940489897,-45.55460886758744,-66.69430558929167,-148.26802085688178,0.38435060304732255,0.024410277704667527,0.359940325342655,0.11189240090241702,leaning_sideways
1.1713157926438384,0.0,-0.12901964783668518,1.1131206744301043,-0.23880225322470863,-0.0014579929411411285,1.0800930138691074,-0.2708658087068428,-0.22238369286060333,0.7342162000587338,-0.06024172302333337,0.1506774127483368,0.6390497374992519,-0.0486699379270416,-0.32160764932632446,0.08826904255630756,0.9817045340120323,0.13903497159481049,-0.08826904255630756,1.0182873996624948,-0.13855798542499542,73.66059982288832,-26.047463622263596,-56.928818735908855,173.06714285617818,0.4846828238648456,-0.2019501449141472,0.6866329687789928,-0.011571785096291767,leaning_forward
-0.25477129143231,0.0,-0.03332819789648056,-0.15843494263932822,-0.044412020628392605,-0.196135014295578,-0.1758573148876242,-0.045670999717870295,0.10515027493238449,-0.054526348179720116,0.26458059328117906,-0.35080936551094055,-0.08668408299016915,0.21683356311691895,0.3068082928657532,0.011266605634622033,1.0372314811086176,-0.1959543228149414,-0.011266605634622033,0.9627654055942898,0.19643886387348175,152.79571029577795,-108.66767517061338,-95.31256019997878,-123.96035726499991,-0.18416607584736533,-0.1135608602624207,-0.07060521558494463,0.0477470301642601,leaning_forward
0.3119352129777991,0.0,-0.3794962465763092,0.2870030199991641,-0.15065322164038578,-0.22904732823371887,0.18896719602348597,-0.16952584137163626,-0.31360137462615967,0.24606767243871341,0.04511947634544145,-0.08826218545436859,0.006242655137123914,0.08862912675349388,-0.34444475173950195,0.0804677100546172,0.9202013942053772,0.06978628039360046,-0.0804677100546172,1.0797939842344804,-0.06829691678285599,65.20638365981546,-63.76954428646459,-82.30048650664496,169.71710136539295,0.18578004918988042,0.05962488540196176,0.12615516378791866,-0.04350965040805243,leaning_sideways
0.8455059994273614,0.0,-0.029412569478154182,0.7267477242810612,-0.1407118875240667,0.023306412622332573,0.7337266394497262,-0.10864965098433611,-0.15077494084835052,0.42356551408281284,-0.010621402074345644,0.12621483206748962,0.5048692143998464,0.11038342132086347,-0.22855672240257263,-0.014009639840617014,0.9623907677170049,0.11739912629127502,0.014009639840617014,1.0376005292118813,-0.11716558039188385,47.24625849155231,-33.27282146720169,-63.960286351219054,56.10266403798747,0.38128863518603173,-0.08292872905529791,0.46421736424132964,-0.12100482339520911,good_posture
-0.43499276415851296,0.0,-0.028474492952227592,-0.320142527704642,-0.06128130306948579,-0.16732585430145264,-0.34237986314406693,-0.054763866914888,0.10511643439531326,-0.1787378647814477,0.20132890236822779,-0.3244268000125885,-0.20756399184007132,0.221554161769921,0.2566417455673218,0.03799687032150844,1.0125045437791746,-0.16098421812057495,-0.03799687032150844,0.9874916345255583,0.16124236583709717,150.77939312482977,-117.13680793489971,-103.76318678485966,144.94536999157603,-0.24184183584775346,-0.048690907536993955,-0.1931509283107595,-0.020225259401693202,leaning_forward
0.47531013065152045,0.0,-0.32587963342666626,0.4159275726311649,-0.09196506197805393,-0.1247796043753624,0.31643728957392475,-0.09464831208190966,-0.38348379731178284,0.3008826202016116,0.12814754884846455,0.03748186677694321,0.1290673027910175,0.2066437925809213,-0.49873971939086914,0.07269705675673707,0.9574512258587786,0.14229527115821838,-0.07269705675673707,1.0425447192442143,-0.14140740036964417,40.53120197156233,-59.886250056037284,-75.52261867755568,155.4460427155849,0.26033516915520594,0.0453602076588914,0.21497496149631454,-0.07849624373245676,leaning_sideways
-0.29220941215562146,0.0,-0.040238745510578156,-0.1840405613674924,-0.0341028831768606,-0.20687584578990936,-0.21275549566469593,-0.036588431934134864,0.08861888945102692,-0.0877792977929626,0.24857661178435547,-0.36764469742774963,-0.10822156426241832,0.25459551926234786,0.2700294256210327,0.02259196721477792,1.0206311224193356,-0.17842638492584229,-0.02259196721477792,0.9793657134112751,0.1788780689239502,159.3549128661347,-109.28497513068206,-97.4601184110781,163.59375482567742,-0.194208981127931,-0.09620855010024054,-0.09800043102769046,-0.006018907477992386,leaning_forward
-0.008562904126749503,0.0,-0.22018559277057648,-0.07218232159705384,-0.024449780380182626,-0.09828722476959229,-0.10888155429670716,0.005613356271684069,-0.29162466526031494,-0.10773955173684029,0.25579802079163344,0.04204971343278885,-0.11366102627596125,0.38125851207975014,-0.38176456093788147,0.0054802659187876464,0.9396307183385347,0.13162089884281158,-0.0054802659187876464,1.0603662291862799,-0.13099800050258636,6.554520893673917,-86.48080419896702,-99.22672273465224,92.70223640895668,0.10213738487965127,0.21283767388605201,-0.11070028900640076,-0.1254604912881167,looking_up
0.03767175396619548,0.0,-0.1582476645708084,-0.04584395753640023,0.04184072354604644,-0.032938212156295776,-0.06338051697792577,0.05122795828263882,-0.28413257002830505,-0.05196645990896988,0.3373812347608163,0.12949132919311523,-0.10129047897093209,0.39639386313583536,-0.4231395125389099,0.021425626078391134,0.9634084982392125,0.16422520577907562,-0.021425626078391134,1.0365884553824978,-0.16388215124607086,-26.759593951370547,-86.06853686971527,-96.90121558926703,129.88960025349562,0.11430022340614646,0.19092869284609743,-0.07662846943995098,-0.05901262837501908,looking_up
-0.15655826128501152,0.0,-0.26928386092185974,-0.03627803880158805,-0.03362128696621017,-0.41581806540489197,-0.07324539857914944,-0.04278454739013728,-0.021477757021784782,0.01476439548198444,0.2695994436930087,-0.5870099663734436,-0.029265652844269262,0.27144864883983916,0.2729358673095703,0.02699114221194489,1.0202336487548305,-0.2345566600561142,-0.02699114221194489,0.9797638979386554,0.2384870946407318,159.4295405195496,-98.74881534923198,-90.56947379662303,177.5950646319622,-0.14930763260386912,-0.14205700392272672,-0.007250628681142411,-0.0018492051468304571,good_posture
0.8733160927631566,0.0,-0.18149235844612122,0.7403875507678128,-0.13435633372771566,-0.01706799305975437,0.6867991747388336,-0.1497147296920944,-0.259224534034729,0.5045321393677752,0.18476008881206718,0.1569162756204605,0.29564067271133326,0.1500416260961159,-0.41010192036628723,0.10026054175280463,0.9431696103843245,0.1634531170129776,-0.10026054175280463,1.0568252580025015,-0.16301187872886658,41.64551467625844,-44.62561118441995,-64.33438747617207,-170.56350804601828,0.4732296867236023,0.07314328068404807,0.40008640603955425,0.034718462715951276,leaning_sideways
0.05242108303303916,0.0,-0.3843369483947754,0.19485779892027583,-0.0007567202365337837,-0.41227784752845764,0.10725007055262958,-0.022484221648100506,-0.17870981991291046,0.21069659219613415,0.428281567118654,-0.5178658366203308,0.060778732713557236,0.2601328785139156,0.02235296182334423,0.04561318764183041,1.095250863697175,-0.16446128487586975,-0.04561318764183041,0.9047457979754886,0.16517172753810883,173.28064863129765,-87.53527789048104,-78.30587678721534,-131.71952951188155,-0.08331657942180654,-0.21905424187665223,0.1357376624548457,0.16814868860473842,good_posture
0.09515466528600978,0.0,-0.35135090351104736,0.06478999871516417,-0.06995595057846953,-0.20929697155952454,-0.014872776466341248,-0.06291633196741037,-0.37519270181655884,0.014713668036592208,0.21384979883834002,-0.067388154566288,-0.06056061365211223,0.35305344990118154,-0.4073205292224884,0.021730663913119043,0.9358988387999411,0.10011328756809235,-0.021730663913119043,1.0640972932102115,-0.0996820479631424,43.42370397994674,-82.20748703141314,-91.8323591661554,118.40227659673089,0.1180781380937698,0.1410016109015298,-0.022923472807760012,-0.13920365106284152,good_posture
0.10433541036622657,0.0,-0.17583169043064117,0.041928169052764315,-0.032368563828774184,-0.012469246052205563,-0.019440551743827417,-0.04234263397648669,-0.2755235731601715,0.009270801510106197,0.2671722566167738,0.18222883343696594,-0.0994402487861149,0.3241601437443011,-0.43300601840019226,0.032818237075557026,0.9505117105070181,0.17984773218631744,-0.032818237075557026,1.049485238762751,-0.1795431673526764,21.864498986740625,-80.39964688840452,-93.66253979696945,152.33582898756322,0.14942013400423093,0.1945048576422353,-0.04508472363800435,-0.05698788712752728,slouching
0.052935781298691205,0.0,-0.3336170017719269,0.1950306763284868,0.037216782418004475,-0.4032604694366455,0.14680764305756414,-0.011072745318582438,-0.17030055820941925,0.16965784279745733,0.42531942913504667,-0.49555325508117676,0.10367190867178416,0.2501139266205611,0.007441546767950058,0.008322150742104387,1.087539560053773,-0.157795250415802,-0.008322150742104387,0.9124572706507348,0.15888896584510803,-173.6776757765277,-83.97682730888842,-78.34041153945105,-110.63738836832165,-0.08372909443592955,-0.2203939701705503,0.13666487573462074,0.17520550251448558,looking_up
0.501373045775599,0.0,-0.29247039556503296,0.41825159370143683,-0.07552128318220488,-0.09880349040031433,0.37542362238412214,-0.10043982869496301,-0.36536988615989685,0.26913465366764444,0.24667483472718948,0.09377981722354889,0.09153283109170351,0.2379811923178122,-0.5111279487609863,0.083016863741756,0.9546074349763355,0.13963532447814941,-0.083016863741756,1.0453892067441546,-0.13917288184165955,40.085098386569356,-56.75678466749576,-76.6120788444183,-177.19759775378964,0.32103930339592507,0.1407055610162511,0.18033374237967398,0.008693642409377283,looking_down
-0.010043567268606564,0.0,-0.20259910821914673,0.07896779282438034,0.04059384849377795,-0.349016010761261,0.0595029423601725,0.023287978716667337,-0.01203961856663227,0.06472170656332044,0.37225000423753146,-0.5345591306686401,0.05958940406078304,0.3664350946143869,0.231181338429451,0.005487435932082168,1.0358343898820062,-0.20854809880256653,-0.005487435932082168,0.9641629238464626,0.21004369854927063,-158.0558484073937,-88.7979197458404,-84.37127940120155,-131.43197406228285,-0.0721991225806583,-0.13435467789271005,0.06215555531205174,0.005814909623144571,looking_up
-0.25642662188904514,0.0,-0.08277983963489532,-0.1502250573525808,-0.07243293839008053,-0.22001871466636658,-0.1868976696795668,-0.048705167433852,0.07545603811740875,-0.019320769251147812,0.2063967218543693,-0.38468635082244873,-0.07827391468351859,0.22353224009089412,0.26500973105430603,0.02647470571475317,1.0249165523183266,-0.19088271260261536,-0.02647470571475317,0.9750799977495865,0.1910165548324585,145.41994373886186,-113.49276498445093,-93.55690312288931,163.79278894652168,-0.20762927992171193,-0.15883193795437872,-0.0487973419673332,-0.017135518236524816,leaning_forward
0.14812687034633742,0.0,-0.09722550213336945,0.07824381233374603,-0.08484378454110299,0.03438673913478851,0.02259462424083573,-0.09907899383383888,-0.1385851353406906,0.049500091151781604,0.1736015696148502,0.17581287026405334,-0.07369339812012794,0.20295907612249467,-0.24028460681438446,0.04290480675011635,0.953361087829399,0.12157329171895981,-0.04290480675011635,1.0466341814440654,-0.12144964188337326,43.26468287934113,-77.42445407863141,-90.85378971149281,166.59618099056974,0.16022352383051058,0.17232017731468374,-0.012096653484173173,-0.02935750650764446,good_posture
0.7414694854008679,0.0,-0.06623030453920364,0.65667762515901,-0.1994856467746375,0.044055450707674026,0.660459920867972,-0.1944726668406803,-0.2019772231578827,0.41079692203174917,0.02308342636759902,0.19968654215335846,0.38788837759848616,0.03237689300630584,-0.3184657692909241,0.020228697185947057,0.96151776979403,0.15145109593868256,-0.020228697185947057,1.0384766995141947,-0.15132282674312592,67.17570547889278,-40.92027421585321,-67.67040207735484,157.91874332855497,0.3421268355857502,-0.0572158142293675,0.3993426498151177,-0.00929346663870682,leaning_forward
0.02724793243052734,0.0,-0.18230703473091125,-0.03661916808864581,-0.008352304517322504,-0.04561504349112511,-0.060543667785443234,0.007474681598883242,-0.21416766941547394,-0.05344543012788762,0.24896386248339658,0.10206624865531921,-0.05973501258375914,0.302605917478298,-0.31441381573677063,0.01209311987079121,0.9604695449941938,0.12534485757350922,-0.01209311987079121,1.039526552522565,-0.12506726384162903,0.3315571589616798,-88.33923694956896,-94.46802941351396,96.68745082754633,0.08383815378635072,0.1404283751421741,-0.05659022135582338,-0.053642054994901434,looking_up
-0.07125001811646674,0.0,-0.2580913007259369,-0.12879852084333576,-0.035420380734737564,-0.12381929159164429,-0.17817625337610948,-3.62332903817098e-05,-0.299018919467926,-0.14330519326146818,0.2627501663588414,0.026917805895209312,-0.13892950660664757,0.3870366632715359,-0.3593379557132721,0.008194789710166656,0.9429420582447847,0.11308254301548004,-0.008194789710166656,1.057054290741767,-0.11242451518774033,12.165356726287209,-92.06771247985994,-101.80655569099972,87.98365166678273,0.06986733181759112,0.21098468175164897,-0.14111734993405786,-0.1242864969126945,slouching
0.16551955939980784,0.0,-0.3970106244087219,0.08757228237805602,-0.04235872188188512,-0.16800442337989807,0.0347898485865047,-0.03230007749948251,-0.45632800459861755,0.06478907216878162,0.25800862610068964,0.047300904989242554,-0.08786222618294628,0.32877158520758637,-0.55222088098526,0.05119096094545879,0.9508211180399809,0.18469029664993286,-0.05119096094545879,1.0491760496748124,-0.1824847012758255,19.68579109106354,-77.59929875375623,-90.9353672795318,155.12947110879628,0.17705613640689016,0.1885927134139725,-0.011536577007082332,-0.07076295910689673,good_posture
-0.5928174966591445,0.0,-0.08202707767486572,-0.470763228919766,-0.11880474916807347,-0.19159850478172302,-0.5107080462989146,-0.09753419168477004,0.046410493552684784,-0.28348576240929707,0.2214939777890606,-0.3251693546772003,-0.3456840048925638,0.18830486425860385,0.2157498151063919,0.04023015878842924,1.0375361673624826,-0.16437843441963196,-0.04023015878842924,0.9624600594477973,0.16478079557418823,133.34152287891553,-119.36463516337976,-111.58648314117963,-151.9155248890606,-0.2782326130082141,0.03635227064271629,-0.3145848836509304,0.033189113530456754,leaning_forward
0.8646405891142303,0.0,-0.2165134698152542,0.7092580882296552,-0.0900298266122457,-0.011620914563536644,0.6364891692689346,-0.08192165965750643,-0.30602821707725525,0.4420532023908432,0.16829336543284476,0.2340558022260666,0.34220089658278174,0.18460054715134,-0.45800331234931946,0.06428468433144716,0.9662755190817762,0.2305334061384201,-0.06428468433144716,1.0337185732697163,-0.22971346974372864,24.14833914873907,-43.06785284703944,-64.53890417173784,170.72473536070697,0.47251353962741777,0.08038649014060528,0.3921270494868125,-0.01630718171849524,looking_down
0.11022274071933956,0.0,-0.1482326239347458,-0.04495143124569329,-0.017261700709000592,0.048431698232889175,-0.08660614793182429,-0.003999338802491857,-0.29779618978500366,-0.09565084269461765,0.263673873102181,0.28482502698898315,-0.22467917296519013,0.30090325656194505,-0.4811122715473175,0.054586951511099185,0.9678759443307718,0.220360666513443,-0.054586951511099185,1.0321198955991093,-0.2199140042066574,3.4564747801209976,-72.1396968510044,-102.58007487662171,163.90521841895628,0.27038774854924347,0.43055275637914736,-0.1601650078299039,-0.037229383459764065,good_posture
0.5945276919375166,0.0,-0.04035095125436783,0.5027953004994871,-0.10604246119235522,0.07893244922161102,0.5069810591316097,-0.08529027684742345,-0.24636678397655487,0.30868826926453913,0.1071276218468472,0.277344286441803,0.364216393906562,0.20033254602957784,-0.396510511636734,0.010346044895379356,0.9400320899965763,0.20071731507778168,-0.010346044895379356,1.0599642833152374,-0.20019930601119995,46.862821523003085,-55.9659363274108,-68.31862679366628,59.21504278781009,0.25807536035196604,-0.07837697123358456,0.3364523315855506,-0.09320492418273064,leaning_forward
0.5940077912481809,0.0,-0.17053654789924622,0.548360344002831,-0.11139437124989217,-0.003825398627668619,0.5080637083259948,-0.15966940471304128,-0.2553011476993561,0.39422862385032154,0.15867713274790776,0.16250868141651154,0.24139703407343807,0.08759765671558198,-0.39214977622032166,0.05761533122528525,0.9767137510740979,0.16484442353248596,-0.05761533122528525,1.0232819643908129,-0.16422294080257416,64.10512600019531,-50.8754133199415,-70.07725441612742,-155.05763101197343,0.27619496228630114,-0.04161786667557865,0.3178128289618798,0.07107947603232578,leaning_sideways
-0.5731822687848275,0.0,-0.056505534797906876,-0.5039721114640724,-0.11930253663097146,-0.1917666494846344,-0.518530209597562,-0.10594310562040848,0.0943673700094223,-0.2777601265063359,0.19571643184752993,-0.3570731580257416,-0.3261407585452493,0.2158421013679346,0.2958899736404419,0.03446593774358661,1.014377563543608,-0.2087944597005844,-0.03446593774358661,0.9856181795205079,0.20914636552333832,118.8063239142016,-123.31880659902778,-110.8160805668778,157.41336931788769,-0.27123182625903486,0.03071861626675776,-0.3019504425257926,-0.020125669520404676,leaning_forward
0.0970105274334015,0.0,-0.43536555767059326,0.21615709284126983,-0.026200227265970277,-0.3692040741443634,0.13144332752394955,-0.0429508635000429,-0.08149818331003189,0.24559110666672634,0.27080991912236174,-0.4673956334590912,0.1135321491443669,0.2077943386017521,0.2409231960773468,0.04447150192661444,1.0315395251239488,-0.19421370327472687,-0.04447150192661444,0.9684577284671011,0.1979587972164154,155.75972937514794,-91.2051228318857,-76.71850575820191,-154.49056747477903,-0.08255110047214512,-0.26211272837769173,0.1795616279055466,0.06301558052060965,slouching
0.4568922748171283,0.0,-0.29548385739326477,0.40608740026702494,-0.0700081509137406,-0.05261702835559845,0.33783855911497657,-0.09063612375622743,-0.32162725925445557,0.2788427476295419,0.2077060607100978,0.16942332684993744,0.10109211861883477,0.2222710080832393,-0.4769163429737091,0.0688938373357299,0.9707234027554378,0.1902775913476944,-0.0688938373357299,1.0292735478804542,-0.18898363411426544,43.40302542516733,-58.35509341334308,-76.39630829193801,175.3156294771191,0.26692484169293995,0.07695740856875163,0.18996743312418832,-0.014564947373141485,looking_down
0.3193706399144039,0.0,-0.1210099384188652,0.2197623252070863,-0.028784034717102454,0.02243122085928917,0.20078253172925375,-0.011279522696025631,-0.2522754669189453,0.12434389251624903,0.21044322648358973,0.20015627145767212,0.10937752603514476,0.30629583425693657,-0.39175280928611755,0.042265219983869354,0.94281363941176,0.16077643632888794,-0.042265219983869354,1.0571827102504092,-0.16007858514785767,10.404323535418174,-71.45190248831196,-81.04535560180021,98.87447188066018,0.202509930638707,0.08564922136301012,0.11686070927569689,-0.09585260777334684,leaning_forward
-0.2867795759513043,0.0,-0.46207892894744873,-0.1612644672892457,-0.05577037224248198,-0.5837386250495911,-0.23763430267227595,-0.1041504769748393,-0.3753867447376251,-0.026270975545727302,0.3732449242842774,-0.6027085185050964,-0.11035382994117503,0.11159703769311961,-0.20885016024112701,0.05112029273699647,1.107508499677891,-0.14659254252910614,-0.05112029273699647,0.8924876997453983,0.14972896873950958,137.52245867635824,-112.1353063465356,-95.15255201143054,-107.81526627723754,-0.21846717320785314,-0.15015477046440195,-0.06831240274345117,0.2616478865911578,looking_down
-0.11673285071296288,0.0,-0.23386099934577942,-0.19010088204305112,-0.017584850656424473,-0.14653751254081726,-0.20639484082778484,0.02889784491916839,-0.30085235834121704,-0.17203270633395448,0.27422608527178494,-0.013941568322479725,-0.15813150598020867,0.4052750720678572,-0.3514310419559479,-0.006830108835256832,0.9535661631900302,0.10146326571702957,0.006830108835256832,1.0464299539590416,-0.10088884085416794,-3.9695107575047506,-95.66921839513779,-104.0378962377032,83.94491514510243,0.048349255444118694,0.21343136160120027,-0.16508210615708158,-0.13104898679607224,slouching
-0.7210498592789893,0.0,-0.29015615582466125,-0.5313620599264366,-0.17211041432574706,-0.3747038245201111,-0.6060637251977735,-0.1483532663088602,-0.16193744540214539,-0.22113385734573557,0.12705358638619044,-0.4433208405971527,-0.4319847394268588,0.11514801756015142,-0.014520700089633465,0.07265911435769519,1.0472035519882488,-0.1257345825433731,-0.07265911435769519,0.9527907151271224,0.12600544095039368,133.55312887838835,-130.71981717858162,-110.38285625115928,-176.76825970504456,-0.3944905608926922,-0.06793126250639503,-0.32655929838629716,0.01190556882603902,looking_down
0.5077952879436134,0.0,-0.5611133575439453,0.49695607507248774,-0.05080332189903247,-0.27311691641807556,0.3796079002783126,-0.12766815750079336,-0.49531927704811096,0.39094854298626164,0.22665416154065832,-0.061830706894397736,0.09553559930964968,0.11864031676288257,-0.5963193774223328,0.10411622029959332,0.9755989572619901,0.1374940276145935,-0.10411622029959332,1.0243974228599197,-0.13628286123275757,52.08194507910521,-53.32274041086076,-73.61660703361643,-159.91572765970466,0.2645532167956577,0.021311145647702007,0.24324207114795568,0.10801384477777574,leaning_sideways
0.3621053692667335,0.0,-0.5581824779510498,0.5370969425646592,0.07410543208861127,-0.5918788313865662,0.47801491117608186,-0.018734921706470307,-0.3796062171459198,0.4169410417322918,0.5824004864771792,-0.6507883071899414,0.3347001820084394,0.20066552603012391,-0.17168010771274567,-0.006582549425171896,1.1552366155074267,-0.14193639159202576,0.006582549425171896,0.8447595084272378,0.14290811121463776,-169.22315773478493,-70.09662132464072,-58.29830042408147,-102.15795704802144,-0.013715242603632105,-0.3895358544739977,0.3758206118703656,0.38173496044705535,slouching
0.33698475582966686,0.0,-0.10564678907394409,0.29462566978234983,-0.11447615728114582,0.019794730469584465,0.2769457787873854,-0.12674820000833323,-0.20456378161907196,0.13710910454955463,0.14232842076333618,0.1768558770418167,0.096324702445132,0.13658189117120223,-0.3272433876991272,0.027970848686927483,0.9594488335510666,0.1471044421195984,-0.027970848686927483,1.0405474761552274,-0.14699344336986542,66.99911479889693,-56.97225245788778,-82.27600970806266,-171.97981083029796,0.22026785233232354,0.10355094883498023,0.11671690349734332,0.005746529592133953,looking_down
-0.3022040461049421,0.0,-0.05821828171610832,-0.18819089290121438,-0.03214653170293973,-0.1816912144422531,-0.21343860105029785,-0.03191202408166107,0.07340206950902939,-0.08342305807700837,0.2652426877291928,-0.3303057849407196,-0.1189620387935875,0.25321890690239945,0.23398397862911224,0.01926279866140165,1.0286651163232663,-0.16676022112369537,-0.01926279866140165,0.9713312220806276,0.1670393943786621,162.46846870972718,-108.88266976024956,-97.77874387863255,-161.30795667562913,-0.20101149766964418,-0.09981894923434625,-0.10119254843529793,0.01202378082679334,leaning_forward
0.2585658239043356,0.0,-0.5985082983970642,0.42791863743209485,0.0522190569639108,-0.6193616390228271,0.35523719407722354,-0.027369435028772742,-0.39017099142074585,0.3567620446475322,0.5483996933254123,-0.7010442018508911,0.22689722062584183,0.22403107547535572,-0.16664190590381622,0.018762737083958123,1.1284935195495092,-0.16067442297935486,-0.018762737083958123,0.8715031601717905,0.16175535321235657,-174.66342172612673,-75.05845179812127,-64.57075195737228,-111.81928070541387,-0.03326380873235146,-0.3250934413690385,0.29182963263668704,0.32436861785005655,slouching
0.12111969002780305,0.0,-0.24296186864376068,0.03806506328203818,-0.04309903049959864,-0.04248411953449249,-0.002960543326320259,-0.027861147035700615,-0.3472353518009186,0.01321470308228386,0.26113068931096173,0.1743302345275879,-0.09337168477527392,0.3313562077279329,-0.5571846961975098,0.039075987732117484,0.9481979717821837,0.18658053874969482,-0.039075987732117484,1.051798973373101,-0.18602322041988373,18.910413849939538,-80.14430256315542,-93.2594448321211,146.62070675633473,0.16119818087429807,0.2012766717207931,-0.04007849084649503,-0.07022551841697117,slouching
0.2883571200628477,0.0,-0.2461193948984146,0.4954756607657494,0.04376492947231515,-0.3878711462020874,0.4331816924670279,0.02168213437234028,-0.0661192312836647,0.4021547459504956,0.3934646636755673,-0.5736356973648071,0.28048762949862593,0.305472892119948,0.1654667854309082,0.021640038040521815,1.050392030282579,-0.23938065767288208,-0.021640038040521815,0.9496041208931607,0.24040928483009338,-169.4656509290334,-68.77640222460285,-62.31480023207658,-144.12489274910976,-0.05296406766171308,-0.39428525538627385,0.34132118772456077,0.08799177155561932,slouching
-0.10908061367730124,0.0,-0.384843111038208,-0.002411456818907984,-0.004238405122473162,-0.3730301558971405,-0.04512427105832,-0.02285949217113589,-0.08151120692491531,0.02781727822006178,0.2816115313396023,-0.4980270266532898,-0.03740725557074353,0.2582510108179898,0.2268352061510086,0.022921126026308494,1.0103795923417085,-0.20447884500026703,-0.022921126026308494,0.9896179353462743,0.20744523406028748,170.9759332347211,-93.82900397733887,-90.37630584344834,-160.29473954537082,-0.10428562500196037,-0.0994906363266195,-0.0047949886753408735,0.023360520521612527,looking_up
0.04172424928613091,0.0,-0.45972710847854614,-0.016252615767848106,-0.06621450897366155,-0.2923908829689026,-0.09100202704586523,-0.022784963871983997,-0.5086020231246948,-0.04087234860007409,0.1742248646597441,-0.10237976163625717,-0.131818062300214,0.4016196491419765,-0.5566768050193787,0.023589382014419596,0.9312307023154771,0.1386432945728302,-0.023589382014419596,1.0687647390299275,-0.13815952837467194,25.018046500913815,-84.37889624361331,-96.91384616057141,111.79875942877005,0.12806945473627496,0.21441466018641903,-0.08634520545014406,-0.2273947844822324,slouching
-0.29555106375556695,0.0,-0.3923048675060272,-0.14171594193074893,-0.04422554625096757,-0.48241695761680603,-0.21915283403604383,-0.0946569297353941,-0.26800742745399475,-0.0026757836849502564,0.35320310250447107,-0.5154579877853394,-0.10422568076144813,0.06100601090846681,-0.10455110669136047,0.01992419380447923,1.1144435281757368,-0.15688996016979218,-0.01992419380447923,0.8855526252676277,0.15945972502231598,148.90057676951798,-114.66353099532343,-93.85660219342074,-109.1643352155189,-0.24210033153236776,-0.18864959930916858,-0.053450732223199196,0.29219709159600427,looking_down
0.6055805980160265,0.0,-0.1549837738275528,0.5372868571023036,-0.1663497016345965,-0.02487334981560707,0.5097008134953529,-0.171288793467422,-0.2086145579814911,0.33762082179031694,0.09420978358046077,0.11931794136762619,0.2716161920788788,0.13575549344126395,-0.32151198387145996,0.03778978636762211,0.9549899179031476,0.144188791513443,-0.03778978636762211,1.0450052113129864,-0.14364831149578094,64.06910032055065,-52.35966463262018,-71.00674710808967,147.81219911688424,0.30096209108142863,-0.003656415853169226,0.30461850693459785,-0.04154570986080318,looking_down
-0.1840357149262459,0.0,-0.19568651914596558,-0.07403565529544243,-0.034841511120880714,-0.34752848744392395,-0.11687642850585547,-0.038103421351721165,0.09849085658788681,-0.012907863711963868,0.23087992240559943,-0.5797901153564453,-0.08868567481496961,0.24378541346394997,0.43525010347366333,0.0394888417101251,1.0131872243297133,-0.28376197814941406,-0.0394888417101251,0.9868104341101593,0.28947943449020386,157.620703815338,-99.26371349934276,-93.81051155913916,170.33486026752348,-0.13323894566277916,-0.08244217639931242,-0.05079676926346674,-0.012905491058350538,good_posture
-0.877512472827259,0.0,-0.21697171032428741,-0.8471160220423557,-0.24488081421012672,-0.28303295373916626,-0.8668372788808699,-0.046095176536389386,-0.15595899522304535,-0.46954313155233945,0.006820052954017375,-0.30280181765556335,-0.5814737467997954,0.10922780198034111,-0.05458624288439751,0.051682904408748655,1.0032081997921558,-0.07541942596435547,-0.051682904408748655,0.9967864636952092,0.07554861903190613,98.03429775549462,-148.45127494699463,-119.15628861933389,137.54392843479573,-0.3520040336511916,0.17350440552487578,-0.5255084391760674,-0.10240774902632374,leaning_forward
-0.07665638409779216,0.0,-0.3301912546157837,-0.1486324978574692,-0.09951366795713752,-0.2677668333053589,-0.18394630161959835,-0.0129213049819797,-0.3991887867450714,-0.18085242074554683,0.1686131152992631,-0.15864397585391998,-0.18634482344702444,0.396312129965795,-0.42204445600509644,-0.003659526763510856,0.9108452300597581,0.08612082898616791,0.003659526763510856,1.0891500760051527,-0.08576132357120514,32.09578039731772,-87.07427974916607,-104.35256586947398,91.38178236182806,0.10694223799849348,0.2905408600947791,-0.18359862209628564,-0.22769901466653192,slouching
0.019175011093207454,0.0,-0.3016487956047058,-0.00890526953324398,-0.05656774376043959,-0.128082275390625,-0.09356903018620376,-0.04505123426490728,-0.3005620837211609,-0.06398712829155478,0.2419823915859835,0.03479037061333656,-0.10463867211263202,0.32309924025429393,-0.3622225821018219,0.01247046101888232,0.9515769896795134,0.11923573166131973,-0.01247046101888232,1.0484194546203536,-0.1182861179113388,35.81425578000559,-84.33353372334504,-96.70244392761327,116.61764595491421,0.10348791129530086,0.18780081149739425,-0.08431290020209341,-0.08111684866831043,slouching
0.40819909234929624,0.0,-0.296110600233078,0.33773125706751306,-0.06276381283468054,-0.02334103360772133,0.2748778620347894,-0.07529218370172304,-0.2987120747566223,0.24661605279807036,0.25948082275383827,0.21130581200122833,0.0724626696494656,0.2824237413894288,-0.4856261909008026,0.0568811436811508,0.9616031713895429,0.20367616415023804,-0.0568811436811508,1.038393702370444,-0.20196771621704102,34.11550187998228,-66.65075173989308,-77.65637411710667,172.49508749458238,0.24865973112552825,0.08912036990176025,0.159539361223768,-0.022942918635590503,looking_up
0.05583800140795528,0.0,-0.39515161514282227,0.19440618907506138,0.05529280251310802,-0.4391576647758484,0.1412627825495643,-0.0037373565393270026,-0.22657561302185059,0.16292554877805318,0.4401726278012265,-0.5157039165496826,0.0744674418301466,0.25746251829091304,-0.05606759712100029,0.020095872924247856,1.0877880452758641,-0.13722430169582367,-0.020095872924247856,0.9122089530276483,0.1389114409685135,-167.03823164761508,-81.3509681570297,-79.66960716214861,-115.83369275608406,-0.06285849389614462,-0.18155498920024452,0.1186964953040999,0.18271010951031347,looking_up
0.4198098817225451,0.0,-0.15640874207019806,0.2595144896800814,-0.05241686360243843,0.013731281273066998,0.20030533296614303,-0.03922286173350919,-0.27500468492507935,0.0976512601894471,0.22265032072620927,0.23962093889713287,-0.019043819366918156,0.28683741674885854,-0.42666083574295044,0.048079062333459176,0.9386497256577859,0.1982070356607437,-0.048079062333459176,1.0613447653736776,-0.1977439969778061,13.565284942049981,-57.618669679685674,-86.9810898958798,151.18739603818938,0.3805061613112806,0.34120244090001617,0.03930372041126447,-0.06418709602264927,good_posture
0.07650223572204917,0.0,-0.43937671184539795,0.21050708291084563,0.02573821977443852,-0.46434271335601807,0.13050388718268086,-0.02272594861644672,-0.2334194928407669,0.2005954608005466,0.4561780029084712,-0.5726915597915649,0.06971647760713441,0.2701112577282877,-0.0076876492239534855,0.034079960114293546,1.095113844366298,-0.1784963458776474,-0.034079960114293546,0.9048829391416024,0.17942236363887787,-179.08207610339872,-84.41717574411443,-78.01820469320252,-125.12247824910354,-0.05865373348179134,-0.19380970268563186,0.13515596920384051,0.1860667451801835,good_posture
-0.021024597614286628,0.0,-0.37188366055488586,-0.07346342189428987,-0.02787724678761638,-0.23626893758773804,-0.1200878911547358,0.009691175895861754,-0.4117763638496399,-0.12933497001976246,0.2608588324565395,-0.09998538345098495,-0.10121116151993877,0.409356734637306,-0.445747971534729,-0.0023334118942314693,0.938494034583988,0.11220350861549377,0.0023334118942314693,1.061502870302579,-0.11147471517324448,6.844941982205695,-86.92387429414056,-99.83568471021178,79.2758472771551,0.094248468155564,0.20952153392541462,-0.11527306576985062,-0.14849790218076647,looking_up
0.8027622963070251,0.0,-0.0052942088805139065,0.6346179542908423,-0.058577815583094356,0.10302987694740295,0.6349630296321958,-0.0419073579860408,-0.19060049951076508,0.34016605147757395,0.169185949981935,0.32511159777641296,0.5044709422903638,0.25650960765944647,-0.4177676737308502,-0.028439133484880755,0.9509586407182988,0.233353391289711,0.028439133484880755,1.0490363206363242,-0.23298461735248566,16.652619180242723,-51.075628871881385,-61.78572516615175,27.98945021776176,0.38044379942305623,-0.04187469746091266,0.4223184968839689,-0.08732365767751146,looking_down
0.4356417330260459,0.0,-0.6719159483909607,0.7201447781608071,0.047974644849143495,-0.7442965507507324,0.5962208839215375,-0.01568662504097815,-0.4701503813266754,0.5879554268587542,0.4934062868577812,-0.828262984752655,0.4482071992479554,0.25251853567002236,-0.21315008401870728,0.010276767568555854,1.1100785829168234,-0.2012033313512802,-0.010276767568555854,0.8899148018722772,0.20228132605552673,-175.85080629744252,-68.56299498206917,-50.43509281838513,-120.11966521353723,-0.08243958002730889,-0.6005208930806637,0.5180813130533548,0.24088775118775885,slouching
0.8678771209140883,0.0,-0.22403974831104279,0.7116705566277272,-0.09019797173932466,-0.04742778092622757,0.6631356264942225,-0.07439975698467768,-0.2971336543560028,0.3927181090903247,0.12106443924168507,0.17278523743152618,0.37672409939354995,0.25642132900272896,-0.44250357151031494,0.026837045724477634,0.9309780922555599,0.2046596109867096,-0.026837045724477634,1.0690163448417547,-0.2038675993680954,24.513697259475446,-41.843397770288774,-64.62829099168073,96.73892325032824,0.48315601667215097,0.09843491243021363,0.38472110424193734,-0.13535688976104387,looking_down
0.5518554306230724,0.0,-0.6491507887840271,0.5361753150239269,-0.05351848288746783,-0.29261210560798645,0.4029131814776371,-0.11661498896757565,-0.5190540552139282,0.4627105837377215,0.18952487097495896,-0.02781958505511284,0.1558609686788558,0.12351967585453945,-0.6371548771858215,0.1001149658826032,0.986721755155039,0.16710610687732697,-0.1001149658826032,1.0132747505408324,-0.16458065807819366,45.943178940081076,-56.441627542168966,-69.86302292317866,-167.86031461461775,0.2425696544147838,-0.06671612179350483,0.3092857762082886,0.06600519512041951,leaning_sideways
0.711939755765949,0.0,-0.025118930265307426,0.643023594618271,-0.19847079301620188,0.08667346835136414,0.6406641605547351,-0.19143698899373912,-0.1766897439956665,0.3841178643918476,0.06138922858447016,0.2276107370853424,0.3762519208292599,0.05405242455788222,-0.31962335109710693,0.01660955598529186,0.9860413327961137,0.15847423672676086,-0.01660955598529186,1.0139533441708841,-0.15878698229789734,70.22389811567163,-43.99927176480348,-68.02716251139296,-136.99340470946177,0.33175486315539526,-0.04843002945515851,0.38018489261055377,0.007336804026587936,leaning_forward
0.7573936505887423,0.0,-0.15597806870937347,0.6736592401179732,-0.14644868271355707,0.011998600326478481,0.6552858689266967,-0.15473230061224616,-0.32532399892807007,0.4367351179862179,0.10568375368207239,0.22913114726543427,0.37893454690260436,0.15625837036380272,-0.499729186296463,0.04127248687632208,0.9799080585172896,0.21796780824661255,-0.04127248687632208,1.0200882948224266,-0.2171967774629593,58.32355063782147,-47.65145438088402,-64.85931270042047,138.81457058587,0.34955881814433115,-0.058276014300080003,0.40783483244441116,-0.05057461668173033,leaning_forward
0.32785821234980744,0.0,-0.2903767228126526,0.24654518522231253,-0.030579342240484596,-0.06142058223485947,0.20198064263707285,-0.021526209061745877,-0.3317176401615143,0.19695851987319662,0.30840353242511603,0.14652881026268005,0.031688219602084323,0.3353337450551939,-0.4885745644569397,0.06662211305919577,0.9555423909493338,0.20351916551589966,-0.06662211305919577,1.0444548085275571,-0.20226390659809113,14.116352996788631,-72.46400626072699,-80.4307011640992,170.74519258422404,0.213534842612167,0.09921147287452652,0.11432336973764047,-0.026930212630077888,looking_up
0.013530998064172708,0.0,-0.2284816950559616,-0.026901878615737153,-0.044088843299631426,-0.04428520426154137,-0.07171305775975272,-0.04493242038813046,-0.2686522603034973,-0.056864599463705014,0.23277240637652,0.13268432021141052,-0.12301335901220241,0.29553627491960804,-0.38567033410072327,0.024243796122479042,0.9570359705682733,0.14675705134868622,-0.024243796122479042,1.04296134947054,-0.14586080610752106,35.31124475823269,-82.50091294979026,-96.96844480117981,136.50408396622393,0.10346997730212643,0.19340895654008014,-0.08993897923795371,-0.06276386854308805,good_posture
0.017411998173971065,0.0,-0.2558217942714691,-0.022324089197273522,-0.03594094846709652,-0.054338064044713974,-0.07973948074033205,-0.0454693219126941,-0.2827417552471161,-0.04619246611646341,0.23213211729134875,0.12634994089603424,-0.13229537171631947,0.2780496278890629,-0.407077819108963,0.030854037408824597,0.9572549428831918,0.14989089965820312,-0.030854037408824597,1.0427423265282008,-0.14909210801124573,30.740949508609294,-82.63906473129664,-96.83177762254779,151.92960562349933,0.10665591709036251,0.19589983600675395,-0.08924391891639144,-0.04591751059771415,good_posture
-0.008769350185356422,0.0,-0.2755028307437897,0.10859847233210332,-0.029986804155153087,-0.3645806908607483,0.06731075017330192,-0.041388258722930574,-0.0863410159945488,0.1620437466835033,0.36453871629493495,-0.5051791071891785,0.035675367528441415,0.23497588226927763,0.14329852163791656,0.019097708245999035,1.0607125403335944,-0.1969200074672699,-0.019097708245999035,0.939284367597382,0.19765016436576843,159.74782153540775,-91.86196760412459,-81.96413025932095,-134.2848887961075,-0.10762890729132878,-0.20648846439730112,0.09885955710597236,0.12956283402565733,good_posture
0.7625766029117108,0.0,-0.1682378202676773,0.6825481383919927,-0.16857163495453736,-0.016570424661040306,0.6331127342775557,-0.17410731615339317,-0.27514833211898804,0.4751443740651661,0.10848410068679348,0.1498071253299713,0.32101479477418116,0.06737326250889279,-0.40467309951782227,0.08405779804984927,0.9462953134242791,0.1556190699338913,-0.08405779804984927,1.0536991483474387,-0.15543605387210846,58.56101067782084,-44.94671415830056,-66.42075374654983,-165.06524520482859,0.3644970184920372,-0.03358256592763642,0.3980795844196736,0.04111083817790069,leaning_forward
-0.6971940160268598,0.0,0.03974592685699463,-0.7131846058477356,-0.05061388027393526,-0.20451177656650543,-0.6109747866163584,-0.1639518719260827,-0.01313699223101139,-0.5392114505213659,0.05088792920128044,-0.27036187052726746,-0.3508499010607981,-0.1766672318775972,0.07273326069116592,-0.05454703017903013,1.0639571398646968,-0.10219386219978333,0.05454703017903013,0.9360378242338263,0.10265057533979416,108.12357772179678,-168.44067133923429,-112.71905306322476,-50.38332923682709,-0.2521633402357778,0.19286733555530422,-0.445030675791082,0.22755516107887763,leaning_forward
0.0820279503835639,0.0,-0.2790621221065521,0.31898029880364337,-0.007750019808089886,-0.3983592987060547,0.22291827089794322,-0.03788735136015381,-0.11529573798179626,0.2986488456745386,0.3620748800381873,-0.5388554930686951,0.17506264233098842,0.20746235922547568,0.11651967465877533,0.028344517886950717,1.0746264118337057,-0.2117004543542862,-0.028344517886950717,0.925369141655524,0.21283644437789917,173.11294515115443,-83.67504902703412,-71.67716175298834,-128.63634277680086,-0.15482779361919963,-0.3916835376219632,0.23685574400276352,0.1546125208127116,slouching
0.11846521470337051,0.0,-0.5167008638381958,0.1184832666155458,-0.018767180949651237,-0.18421415984630585,-0.0033202514906461003,-0.03247508403871975,-0.42316707968711853,0.09057852898561045,0.2917430719570004,0.06701911985874176,-0.10442491930770162,0.36580111814724936,-0.5607099533081055,0.0607906174073727,0.9540538082782108,0.19036145508289337,-0.0607906174073727,1.0459436251045877,-0.18800711631774902,22.822372248069605,-79.68426617757494,-90.59094169568114,159.20431767532185,0.1253884098644161,0.1323116050254617,-0.006923195161045588,-0.07405804619024897,good_posture
0.44865940595365067,0.0,-0.08138538897037506,0.2847553073658994,-0.04630940753244235,0.08324592560529709,0.2321517461083781,-0.042818201262507564,-0.22709444165229797,0.14124730985616968,0.24399541965811247,0.3100211024284363,-0.004460795449906861,0.2924286261693324,-0.3948236107826233,0.06430022353422424,0.9506846826791117,0.20198799669742584,-0.06430022353422424,1.0493100918126637,-0.20142380893230438,13.186127991185542,-58.714769474878594,-84.66060006994537,161.61325248000932,0.38026614875051923,0.31187289154738784,0.06839325720313141,-0.048433206511219934,good_posture
0.3796838839107012,0.0,-0.39907586574554443,0.5963099994829054,0.030521232197411586,-0.45403531193733215,0.4865347846649849,-0.00899146400183742,-0.1810300052165985,0.5630205508840654,0.3947087873188147,-0.5897984504699707,0.321510842093903,0.31048048755720964,0.044764790683984756,0.04059978627299471,1.064707250098464,-0.20923730731010437,-0.04059978627299471,0.9352877448672391,0.2100147157907486,-176.1921617263962,-73.8238107753336,-55.661520447545485,-160.77340403494333,-0.06258181257828305,-0.5048475090672673,0.44226569648898423,0.08422829976160506,slouching
0.34077626206053085,0.0,-0.5043819546699524,0.5136370122066282,0.06004787565289341,-0.5342085361480713,0.43331114891979916,-0.018989723562125735,-0.3106382191181183,0.42266970476314675,0.564667422280356,-0.6111118793487549,0.298083245424111,0.2228465996061858,-0.1162821501493454,0.012723727464229518,1.1496369016719978,-0.15020744502544403,-0.012723727464229518,0.8503594272478155,0.15115174651145935,-171.20574814065284,-73.14184992296474,-59.270883315631714,-110.02572826524651,-0.019600213033098057,-0.37997668812672697,0.3603764750936289,0.34182082267417024,slouching
0.0911516157317981,0.0,-0.35786786675453186,0.2181042584037428,0.07207713236529917,-0.43650373816490173,0.1728871430133742,0.011499940496996422,-0.1808297485113144,0.16128437843597251,0.4430762776886549,-0.5416085720062256,0.10380464897380294,0.25039151281205463,0.0009001549333333969,0.017533930417629254,1.0798169846938384,-0.16078153252601624,-0.017533930417629254,0.9201802573496356,0.16303452849388123,-158.17449909708594,-78.3360300804308,-78.53063413472246,-106.61035109118659,-0.041392897973089635,-0.17393741167797738,0.13254451370488773,0.19268476487660025,looking_up
0.3904345478835784,0.0,-0.2577399015426636,0.34685447462150626,-0.14796673625422813,-0.12285368889570236,0.261096724697235,-0.15810821978697603,-0.2365681380033493,0.2723712562266529,0.007213294174884273,-0.00797287281602621,0.026996595256031097,0.14082103722689096,-0.29334986209869385,0.0777758097286156,0.8944570284349579,0.08374061435461044,-0.0777758097286156,1.1055380247454525,-0.0832916647195816,60.535602718125304,-55.80250349691377,-80.81761682351696,151.43148460595603,0.2407506221422364,0.09106669640089438,0.149683925741342,-0.13360774305200668,leaning_sideways
0.5110186486659071,0.0,-0.6107715964317322,0.4889771788526996,-0.04591351774476003,-0.29202818870544434,0.3618445136121079,-0.11298641703682936,-0.5113579034805298,0.41143002866891326,0.20665674806001483,-0.06512100994586945,0.11387847335879302,0.11073126488078586,-0.6148541569709778,0.11024436768993537,0.973122756234536,0.14347608387470245,-0.11024436768993537,1.0268737460142543,-0.14106915891170502,42.8634486031984,-55.64982228026919,-72.66169415783358,-162.13157484569896,0.24836439765205393,-0.01428985336179922,0.26265425101385315,0.09592548317922897,leaning_sideways
0.41984859738214597,0.0,-0.5695412755012512,0.37539956426143745,-0.06859733413167148,-0.27796098589897156,0.2740484863061403,-0.08559021664212148,-0.5363472104072571,0.3112533718957531,0.1863949646889135,-0.04398919641971588,0.06822641789303659,0.1647706912063092,-0.6396966576576233,0.08105324716732983,0.9669870932491902,0.161705881357193,-0.08105324716732983,1.033009620600453,-0.1593261957168579,39.023061659197886,-61.88811058664908,-77.03902956589211,-174.91527478117175,0.23010870248775112,0.04036880759335626,0.18973989489439486,0.021624273482604317,leaning_sideways
0.8197643473336702,0.0,-0.13661956787109375,0.6966241089430061,-0.13316968838229024,0.02389768324792385,0.6584736932258859,-0.13019877068381847,-0.243431955575943,0.4187996984876041,0.11971281934649783,0.2020648568868637,0.3320826243994711,0.1898239874345949,-0.3955499529838562,0.07506316281305485,0.9620314338359316,0.16474884748458862,-0.07506316281305485,1.0379635033171466,-0.1641513556241989,42.79810913515096,-43.47634985848713,-66.04975042569143,141.0442954642263,0.4443231858901326,0.06888202444659497,0.3754411614435376,-0.07011116808809706,leaning_sideways
0.05686107190903025,0.0,-0.5518681406974792,-0.03634966230980506,-0.049137628615542286,-0.4286426305770874,-0.10424157806681464,0.01605110835402025,-0.6113982796669006,-0.06737223863446966,0.16639939831931913,-0.28206196427345276,-0.09704336618020408,0.522524431490553,-0.6069151163101196,0.01441002825447814,0.9003406323772565,0.10794904083013535,-0.01441002825447814,1.0996546493732218,-0.1076536774635315,7.4126237284082555,-88.11008189912204,-97.14789266345066,94.7626896490834,0.1390688743163671,0.221276676723704,-0.08220780240733687,-0.3561250331712339,slouching
-0.7136100594703975,0.0,-0.06804672628641129,-0.6187271446877177,-0.14071621307256704,-0.18544869124889374,-0.6558816394513736,-0.13702123607573735,0.05034661293029785,-0.32921878370477425,0.11784150195473232,-0.3143821358680725,-0.40234579309828516,0.07673436723352098,0.19322460889816284,0.03935093209236878,1.029744637056276,-0.16194093227386475,-0.03935093209236878,0.9702502365077357,0.16225124895572662,118.78793994725089,-138.9848477670047,-112.0580309853165,-150.65820482016082,-0.34782777106886775,0.017954517332661957,-0.3657822884015297,0.041107134721211344,leaning_forward
-0.6314339281114034,0.0,-0.2822002172470093,-0.46053089133866576,-0.15733980658596755,-0.3931712806224823,-0.5216846557642201,-0.1546061464647611,-0.1349913626909256,-0.1475022593228802,0.15638934367077598,-0.5054439902305603,-0.33706641717462354,0.13757720215628486,0.0007266103639267385,0.06831940604783712,1.050088184362412,-0.14408248662948608,-0.06831940604783712,0.9499069053614903,0.1443338543176651,131.97715981891608,-129.39687925700412,-105.85630448350439,-174.33258526452238,-0.3891495898626515,-0.14686525161389963,-0.2422843382487519,0.01881214151449112,looking_down
0.4339210216163518,0.0,-0.2224743813276291,0.3567753797247163,-0.07300187349351339,0.006164000369608402,0.3083185809223494,-0.08636545298996316,-0.3093157410621643,0.20571035282091427,0.21539000650925044,0.22664527595043182,0.06088848891593316,0.23107021088896051,-0.4872048497200012,0.0496388403805537,0.9478305624807384,0.21526089310646057,-0.0496388403805537,1.0521663985204104,-0.21491210162639618,38.16862783702334,-56.664285178397755,-80.2624523605638,173.82052308311614,0.3006216007479281,0.16732217987950437,0.13329942086842372,-0.015680204379710072,looking_down
0.052573475946540556,0.0,-0.39343881607055664,0.19507924573333624,-0.019724540407246742,-0.42462798953056335,0.09939701904485648,-0.021544499269119454,-0.18076291680335999,0.2236409322839474,0.4144161881427775,-0.5316741466522217,0.06056653437725563,0.25113028343470595,0.011761963367462158,0.04592050501028199,1.0999504097256534,-0.16707050800323486,-0.04592050501028199,0.9000461650858406,0.1676507443189621,167.70330101877585,-89.16765069012881,-77.97694215750778,-134.9628678939697,-0.08953025738406095,-0.23163399071466245,0.1421037333306015,0.16328590470807153,good_posture
-0.18120241694618847,0.0,-0.5023890137672424,-0.036487647962983843,-0.03502763646141278,-0.6071826219558716,-0.10908197769683324,-0.06517218328165335,-0.3143629729747772,0.061863984846581385,0.32228597610016824,-0.6881269216537476,-0.050347364687401495,0.17037521545392012,-0.0707840546965599,0.05639254633559563,1.0926111326217607,-0.2019270956516266,-0.05639254633559563,0.9073857257945117,0.20640479028224945,155.19828255122738,-104.84024743595586,-89.56224688065008,-126.45203049279449,-0.1869607270257784,-0.19271903710536833,0.005758310079589945,0.15191076064624812,looking_down
0.43444819966467957,0.0,-0.526541531085968,0.42544046801346247,-0.05018294833119533,-0.20205014944076538,0.30339367203759343,-0.11935160752108992,-0.4257678687572479,0.34744088234648246,0.21051957763754348,0.012029961682856083,0.049678906500867995,0.1009162953283911,-0.531318724155426,0.10459238225353955,0.9685023279110871,0.14171570539474487,-0.10459238225353955,1.0314942684186932,-0.13924725353717804,50.43792681223217,-55.40685501555521,-76.765544581932,-159.79183039894608,0.23588830524100432,0.03732841081732907,0.19855989442367525,0.10960328230915238,leaning_sideways
0.10640176513669686,0.0,-0.1688065230846405,0.03811549312668677,-0.04426266583290918,-0.02151518315076828,-0.00932739127851353,-0.04803181726852749,-0.28616243600845337,-0.004877030913900383,0.2752114296620229,0.16192589700222015,-0.09587936575085478,0.3433081437766441,-0.43009981513023376,0.027802060777988684,0.933032767859706,0.17539234459400177,-0.027802060777988684,1.0669640629786044,-0.17516514658927917,26.6364382466015,-79.67131207350596,-94.17141343969973,143.19262546585244,0.15677996346907444,0.20715816180145202,-0.05037819833237758,-0.0680967141146212,slouching
0.037182143545849464,0.0,-0.38150453567504883,0.1755701256030974,0.003449379859946031,-0.4146706163883209,0.09474502462987365,-0.017356724427115666,-0.17489708960056305,0.21145894522592065,0.4315457911641378,-0.5260095596313477,0.051115226865340285,0.25498748132013777,0.0342068076133728,0.046945839275988444,1.0920483313079448,-0.17544347047805786,-0.046945839275988444,0.9079484218904968,0.1762380599975586,175.9403178167621,-89.36681667178907,-78.69503900161276,-132.24456590524494,-0.094104942499781,-0.22539202854541146,0.13128708604563047,0.17655830984400006,good_posture
0.19324330668999773,0.0,-0.14956417679786682,0.10197275026935115,-0.054139768759168344,-0.017161542549729347,0.08822826375679352,-0.04540047420631299,-0.2747787833213806,0.031073488341094736,0.22011391716666312,0.147817000746727,0.011627864013704631,0.28784700296140125,-0.38995659351348877,0.016470172666215463,0.9751396130023182,0.15712109208106995,-0.016470172666215463,1.0248566613965535,-0.15661901235580444,26.890452031074258,-76.35281695087056,-88.36066913329111,106.01834685945389,0.17189263051259804,0.15054195433519835,0.021350676177399684,-0.06773308579473813,good_posture
0.37282668545023556,0.0,-0.29129236936569214,0.3306089129947835,-0.13810826123930914,-0.1496211737394333,0.2435666289614938,-0.15441271259021705,-0.26747819781303406,0.26800926187729424,0.03265989043326302,-0.02291034162044525,0.03353889263394431,0.13507065157221115,-0.32592493295669556,0.07502810091046797,0.9323705126428445,0.08646396547555923,-0.07502810091046797,1.0676248445773246,-0.08567079901695251,59.62087155429069,-59.35985961331316,-80.65422525841117,156.40550449732476,0.22205260819461628,0.071278530938997,0.15077407725561928,-0.10241076113894813,leaning_sideways
0.5517545975021958,0.0,-0.09580996632575989,0.40050262216107557,-0.09285018340941673,0.09391975402832031,0.352600537497376,-0.09581063731955594,-0.2407238632440567,0.17092151005224693,0.14555690824698625,0.33808770775794983,0.07344516262753915,0.1839932885138449,-0.46189799904823303,0.05931435151262933,0.9613290502877254,0.24639658629894257,-0.05931435151262933,1.0386664282580453,-0.2459876537322998,28.298302636419393,-45.52859100153607,-81.67732944250568,158.47994139159024,0.42957126116230276,0.30738792482240973,0.12218333633989303,-0.03843638026685864,looking_down
-0.31705920978877644,0.0,0.00504233967512846,-0.22113251708563808,-0.06973554939397521,-0.14060154557228088,-0.23690204226102993,-0.06578003234547516,0.1508844494819641,-0.0867069961200324,0.21451101071403023,-0.3151414394378662,-0.1318974053507752,0.22123336244615605,0.34105587005615234,0.02013437095645572,1.0239628976090756,-0.20182572305202484,-0.02013437095645572,0.9760336318178044,0.20220085978507996,142.41782456375336,-112.73984687467102,-97.95556716270197,171.5389456577867,-0.20775700905337263,-0.09845480831796882,-0.10930220073540381,-0.00672235173212582,leaning_forward
0.8748003802211819,0.0,-0.3761972188949585,0.9099125076816647,-0.07018521809064086,-0.16652017831802368,0.7802503888298267,-0.27657090238038257,-0.29216885566711426,0.7785475679729723,0.12877445993810932,-0.028796831145882607,0.48160061984754887,-0.12733138414456907,-0.35728710889816284,0.1062274999154461,1.0730321661438302,0.08890944719314575,-0.1062274999154461,0.9269606368305182,-0.08834028244018555,80.27339136161777,-38.99840268652952,-57.76728487573994,-139.2234360809926,0.2447262863109213,-0.3853478075993393,0.6300740939102606,0.2561058440826784,leaning_sideways
-0.02888268833809637,0.0,-0.40906134247779846,-0.10037710911760456,-0.01225908702414792,-0.2780330181121826,-0.12495995881354957,0.05677945102410702,-0.43391144275665283,-0.12918817827531712,0.27478358842517453,-0.14273415505886078,-0.05365418933874275,0.45139732719511266,-0.4123578667640686,-0.01330828841808955,0.9319292137786472,0.09254566580057144,0.01330828841808955,1.068067028377853,-0.0915166363120079,-14.878599053711794,-93.56720108338445,-98.16839322953467,66.84462101422217,0.06253849546893356,0.1539596792759635,-0.09142118380702993,-0.17661373876993813,slouching
0.4835117642208691,0.0,-0.2754369378089905,0.4235088402259971,-0.11083033042455614,-0.07612083852291107,0.34850680115470567,-0.1332726322113107,-0.3155892789363861,0.3135936811801123,0.19278636680573974,0.07883330434560776,0.10407891383512444,0.16054343412770727,-0.44216176867485046,0.09366535118585283,0.9466642747994692,0.1355438232421875,-0.09366535118585283,1.0533315543270785,-0.1343580186367035,51.37949780253231,-59.32741780538796,-75.76723705747389,-171.25119526919735,0.2746754667132507,0.06583916920563232,0.2088362975076184,0.032242932678032465,leaning_sideways
0.8026295568719355,0.0,-0.14754195511341095,0.6773782146050369,-0.11921936385742292,0.014752202667295933,0.6356777478132825,-0.11764950054292775,-0.2766534686088562,0.4215988485772217,0.12916970582278012,0.18942180275917053,0.3309487196243135,0.1556795737184574,-0.4472030699253082,0.07251718566089733,0.9658631429727513,0.17997406423091888,-0.07251718566089733,1.034132110597997,-0.17925290763378143,39.029288314744576,-42.94722591802201,-66.30977229312921,163.6988849012906,0.42635577277116793,0.05008198867040037,0.37627378410076756,-0.026509867895677275,leaning_sideways
0.8700221292681434,0.0,-0.29243800044059753,0.7828211970464559,-0.15530674543745204,-0.085408054292202,0.7437273939801952,-0.1733812686120441,-0.44702011346817017,0.521591356869086,0.12259002650523743,0.16253338754177094,0.4498772673101929,0.13661594072326233,-0.5934460759162903,0.04638190332926038,0.9476161523082124,0.21488279104232788,-0.04638190332926038,1.0523799864319587,-0.2139771282672882,56.994706635388404,-46.644471644123826,-60.83577949853105,168.9337244233482,0.3842878171785039,-0.10144649491113555,0.48573431208963946,-0.014025914218024904,leaning_forward
0.4774441132019338,0.0,-0.22251556813716888,0.4037367463390874,-0.12116944572032212,-0.028368212282657623,0.36050388066404915,-0.12129476939235861,-0.2751651704311371,0.2946515896200049,0.13416066112944716,0.13597893714904785,0.11250733959158826,0.14241336315768863,-0.3934856057167053,0.07746025218242643,0.9465982613168911,0.14735746383666992,-0.07746025218242643,1.0533978736420875,-0.146026611328125,51.82232386888191,-55.47327291343267,-76.70758186358907,177.4057823367186,0.27386464859613724,0.07028518399034067,0.20357946460579657,-0.008252702028241465,leaning_sideways
0.15466653946608494,0.0,-0.12177695333957672,0.038096613344808176,-0.021468111324706548,0.1128496527671814,-0.034701373297549125,-0.012567529154714806,-0.2736537754535675,0.040756281352269975,0.2874374798860074,0.3764595091342926,-0.17372234897329497,0.2911253438647348,-0.5340535640716553,0.08031582711790108,0.9807335464967638,0.25258010625839233,-0.08031582711790108,1.019262863437492,-0.25095632672309875,6.348062669054523,-77.45084464606963,-95.3441041119923,179.01492180798283,0.22114957327659743,0.2876326070871099,-0.06648303381051249,-0.003687863978727446,good_posture
-0.3279781293636876,0.0,-0.05868544057011604,-0.23294402224121508,-0.0642036493365492,-0.19861918687820435,-0.2486209538751316,-0.05988327126970642,0.0962802916765213,-0.08633710394567058,0.25989754046447994,-0.3632221817970276,-0.1365271888167344,0.23776927290256236,0.28101056814193726,0.028737808429634887,1.0310126228620307,-0.1927066296339035,-0.028737808429634887,0.9689837511291635,0.19319738447666168,144.56650807803533,-112.59132704079393,-98.43805056382003,-156.20783453969312,-0.2165459829824851,-0.1051138366012826,-0.1114321463812025,0.022128267561917575,leaning_forward
0.3465353965261051,0.0,-0.3557204306125641,0.3087802306575767,-0.121371113571787,-0.1970321387052536,0.23224291302530548,-0.15876027015066144,-0.33468303084373474,0.23778900117727803,0.07919846409393032,-0.05239630490541458,0.03450792312345438,0.10963084189927946,-0.3947436511516571,0.06834738811480884,0.9127698533979329,0.09325148910284042,-0.06834738811480884,1.0872257807173105,-0.09202437847852707,61.50810133821645,-60.18621100133937,-81.44999230757541,171.4857146989836,0.2103869343757389,0.07423847222537272,0.1361484621503662,-0.030432377805349145,leaning_sideways
0.4228302574742472,0.0,-0.15521644055843353,0.28293188333575164,-0.05324083967801568,0.025195354595780373,0.1996004860562689,-0.05238391754720736,-0.26852524280548096,0.14865890883729732,0.23394588926319113,0.25731393694877625,-0.02239705125878988,0.283861759017017,-0.42574986815452576,0.0704354273466139,0.9506049170892953,0.20272976160049438,-0.0704354273466139,1.0493898606921492,-0.2021733820438385,16.218372143394724,-60.25349595683824,-85.13094651571743,163.73221776816595,0.35969932868499344,0.2965683998957397,0.06313092878925372,-0.049915869753825864,good_posture
0.13460294075591298,0.0,-0.06907809525728226,0.044186319194001046,-0.06912334710203938,0.040947966277599335,0.019027841179072608,-0.06674364451593544,-0.1423797309398651,0.021327469926881965,0.21249909882035478,0.17021238803863525,-0.021904854808420877,0.23915791115460777,-0.2517777979373932,0.018924073360758065,0.9625427347419137,0.12157948315143585,-0.018924073360758065,1.0374528606151978,-0.12137335538864136,33.40784624341097,-83.8032757229078,-90.02136594388703,148.3403255074157,0.13489163319668243,0.1351803256374519,-0.00028869244076945664,-0.02665881233425299,good_posture
0.8127463888084757,0.0,-0.13439714908599854,0.6915812875485228,-0.11489627380682055,0.0035483194515109062,0.6497388265066953,-0.13363761465793428,-0.2277025282382965,0.46778509539818636,0.14247069701338583,0.14614416658878326,0.30719504897831984,0.11012456353241849,-0.35575661063194275,0.07993024213866452,0.9799698920845051,0.14911356568336487,-0.07993024213866452,1.0200250187739117,-0.14890649914741516,41.17253983354082,-41.504191744452754,-66.08248359448736,-168.6118285553157,0.4252563166202226,0.03776624443196952,0.3874900721882531,0.032346133480967335,leaning_sideways
0.27072402326932754,0.0,-0.381643682718277,0.5224468651574334,0.0034529197246395775,-0.5045063495635986,0.45906066655745836,-0.023277598671382904,-0.23444314301013947,0.4663653480974757,0.3854603818346678,-0.5840995907783508,0.4367433932585297,0.27850346861786324,-0.014601039700210094,-0.01575274414980322,1.0528060386695177,-0.17774128913879395,0.01575274414980322,0.94718830019689,0.1783953160047531,177.42056928845489,-83.45939473767815,-55.94271563479428,-105.480189139196,-0.18083034740867515,-0.6323847180866778,0.4515543706780027,0.10695691321680456,slouching
0.05886087728775653,0.0,-0.4915427565574646,0.17924466041998044,-0.02929174462163893,-0.43198925256729126,0.10137904970000815,-0.04189274488880811,-0.11639236658811569,0.20610457339070692,0.27090017117529924,-0.5144537091255188,0.10873313741788825,0.23804570815599488,0.2202889621257782,0.03944526015749803,1.0417342988267868,-0.19020693004131317,-0.03944526015749803,0.9582631074437228,0.194186270236969,156.3957545082464,-93.37518922212412,-78.07704814837486,-161.35489690688414,-0.09855797811654106,-0.25597683352083866,0.1574188554042976,0.032854463019304364,slouching
0.22114599095524404,0.0,-0.45346030592918396,0.38912155815758037,0.054408386507923394,-0.5194417238235474,0.3267856155166102,-0.01693012338754187,-0.2843403220176697,0.3183053919697159,0.5044608889170495,-0.6041984558105469,0.25094449469362395,0.23072103302766675,-0.10221391916275024,0.00861867117541391,1.1187775206639698,-0.15129868686199188,-0.00861867117541391,0.8812190534278173,0.15236534178256989,-172.20048425077096,-78.1292479049687,-65.76911699598143,-103.82446292086506,-0.0634789523764259,-0.34810389570809586,0.28462494333166993,0.27373985588938277,slouching
0.051624599981981024,0.0,-0.3306359052658081,0.18914970970084838,-0.0020218996941055176,-0.36853834986686707,0.12391499957118914,-0.024808788141731167,-0.12457428127527237,0.22040099211023925,0.3868115306144817,-0.49070388078689575,0.06321637497123746,0.24716290817095088,0.0828859731554985,0.03635308351568012,1.0886934159123887,-0.17935900390148163,-0.03635308351568012,0.9113033945950724,0.18026454746723175,172.7127080344191,-87.44842640987785,-78.27073461700812,-138.3809288173814,-0.09018408355875734,-0.2319927670994957,0.14180868354073836,0.13964862244353082,good_posture
0.5688127887621645,0.0,-0.25584888458251953,0.5339924820267509,-0.10955815312132908,-0.11845053732395172,0.43957106251754424,-0.1829529927534587,-0.3379316031932831,0.38076907792443915,0.07030058779317597,0.018125057220458984,0.2054622273449982,0.14221743923292043,-0.4242614507675171,0.0728574575897668,0.934885542958067,0.13466545939445496,-0.0728574575897668,1.0651095446498478,-0.1340712159872055,60.71304593869631,-52.51358938471122,-71.84227985670962,157.6948881414709,0.2756971361274458,-0.017418516507272885,0.29311565263471867,-0.07191685143974447,leaning_sideways
0.2577236440982951,0.0,-0.2021903395652771,0.12365192978458128,-0.14630460702124667,-0.09439630061388016,0.16187966584339,-0.035765926415270856,-0.30448633432388306,0.09690252145102994,0.18570741892276033,0.05851830542087555,0.10947854317211823,0.33091555828489355,-0.39756348729133606,0.010753838650978533,0.9531350791270133,0.14198847115039825,-0.010753838650978533,1.046860805969787,-0.14185142517089844,38.37574816759616,-83.53688009049272,-82.0793075767146,85.05014337928328,0.15453311178672102,0.051342579475146935,0.10319053231157409,-0.14520813936213323,looking_up
-0.3100380836097389,0.0,-0.15086200833320618,-0.41141221194447597,0.010380967535440514,-0.03562607243657112,-0.4193879724344467,0.04166729547433556,-0.20367079973220825,-0.38520220150675427,0.2873057647599687,0.10771665722131729,-0.3462684855259063,0.31171490763827747,-0.2696806788444519,-0.01775484853726236,0.9708895361530457,0.11254651099443436,0.01775484853726236,1.029105461190438,-0.11255842447280884,-13.874207430869381,-100.29267494214214,-117.5697681717915,32.08528553571224,0.05569725990659141,0.4214326034229217,-0.3657353435163303,-0.024409142878308754,slouching
0.9397106508321397,0.0,-0.2143183946609497,0.9230492581625394,-0.14512314807354254,-0.04255911707878113,0.8274436248292901,-0.27256040394025355,-0.21794725954532623,0.7176468416528193,0.14499479341023408,0.09557931870222092,0.47683879873668183,-0.0809390257562978,-0.306817889213562,0.10058886676632765,1.059516537332744,0.11214830726385117,-0.10058886676632765,0.940475991951173,-0.11179179698228836,72.84585715247002,-40.90651884259534,-58.325142847908616,-136.82529570616757,0.34246783063738906,-0.25477498955736155,0.5972428201947506,0.22593381916653188,leaning_sideways
-0.5883364890017666,0.0,-0.01975783333182335,-0.48527922183442634,-0.14595181395845838,-0.20923613011837006,-0.5018379018893285,-0.12189108561306801,0.11240609735250473,-0.2534667660070904,0.03467566668461853,-0.3841484785079956,-0.27583947278438903,0.034933262099721134,0.32378190755844116,0.01911105456696719,1.0265201033351756,-0.2252562791109085,-0.01911105456696719,0.9734762756058214,0.2257377803325653,125.28753211972202,-143.60611925878106,-105.3334629609679,179.34033561029426,-0.3236833696060269,-0.05903025021028718,-0.2646531193957397,-0.0002575954151026044,leaning_forward
-0.8443212207084109,0.0,-0.05269309878349304,-0.7470967686749755,-0.16492727548448552,-0.23894116282463074,-0.7535611399285668,-0.15439145363978027,0.06578084081411362,-0.46571363223637025,0.14226650598475704,-0.3980458080768585,-0.4621685645882557,0.02043629137901103,0.2468951940536499,0.02796761656346484,1.0589561494085933,-0.21177993714809418,-0.02796761656346484,0.941039502903858,0.21216893196105957,120.48553473695407,-139.91758719927637,-116.79500074930642,-88.3332532382592,-0.3803801222960979,0.08356097611621505,-0.46394109841231296,0.12183021460574602,leaning_forward
0.5166082448510905,0.0,-0.2645861506462097,0.45654186863103274,-0.09060641434734762,-0.06170712783932686,0.38655097434308033,-0.10682105570911095,-0.3122223913669586,0.3292805817429192,0.1773193999078234,0.11003219336271286,0.16782176605378002,0.16661622007829427,-0.4410151243209839,0.0655476031199449,0.9725574786945125,0.15276749432086945,-0.0655476031199449,1.027438495488364,-0.15211406350135803,46.07967362008662,-57.4169524391098,-73.29173409472162,-176.20738514297423,0.2680570709527409,0.01950589705439129,0.2485511738983496,0.01070317982952912,leaning_sideways
0.02510777771346842,0.0,-0.4052393436431885,0.1719607089976362,-0.010454945608011888,-0.4111621081829071,0.0889157343177357,-0.02857777206353791,-0.20140287280082703,0.19259448202592064,0.4310361947076122,-0.4979476034641266,0.04815428558415562,0.27002573558102605,0.006525444332510233,0.042322964094291364,1.115142637029498,-0.15808215737342834,-0.042322964094291364,0.884853930221723,0.15904270112514496,169.50288459849992,-88.44216320385803,-79.49976704929722,-131.89482931926656,-0.0952666060915697,-0.21564098989660782,0.12037438380503812,0.16101045912658613,good_posture
0.8391319653239323,0.0,-0.18935254216194153,0.7106430600270681,-0.10923462714031737,-0.024251744151115417,0.6606623831525011,-0.12453920982492576,-0.2746516764163971,0.47022727528470065,0.16679533514650371,0.14252197742462158,0.3034232053874548,0.16612896750930914,-0.4267100393772125,0.0903962061353217,0.9535484833420146,0.16481752693653107,-0.0903962061353217,1.0464466722017904,-0.16437281668186188,37.29221958064846,-43.47702767761378,-65.10503469652627,-179.77110960103354,0.45230672498785457,0.06548148465177683,0.38682524033607774,0.0006663676371945759,leaning_sideways
0.6256766338277717,0.0,-0.3106175661087036,0.5158668800987746,-0.06333071474439148,-0.07447709143161774,0.4099497635594739,-0.06965057872397495,-0.35153645277023315,0.34454500597586524,0.20107230012332558,0.17851023375988007,0.09621823153761379,0.2219444926994692,-0.47582969069480896,0.08026334467852787,0.952176861111507,0.21361668407917023,-0.08026334467852787,1.0478179251239281,-0.21302767097949982,22.21995186980999,-48.89851592750204,-74.38439333220477,175.19550698446088,0.4052950150710322,0.1849133963142927,0.2203816187567395,-0.020872192576143617,leaning_sideways
-0.6702245987379649,0.0,-0.2529284656047821,-0.5005203692254033,-0.16785622387142632,-0.3894951045513153,-0.5481241958898996,-0.16875871372972553,-0.09936828911304474,-0.2149204688842558,0.1394745102089463,-0.5000141859054565,-0.36538423610345455,0.11356784176430725,0.06412862986326218,0.07529586006601849,1.0498413466731302,-0.15161879360675812,-0.07529586006601849,0.9501539353188336,0.15223805606365204,130.92135055644675,-128.45863101548036,-108.37551079268617,-170.23066981051798,-0.38007224624410973,-0.08991989375025455,-0.2901523524938552,0.025906668444639055,looking_down
-0.10711180956227756,0.0,-0.4097502529621124,-0.1143365502763155,-0.038305090469104464,-0.31311628222465515,-0.21136132160501575,0.06479005392261666,-0.43142494559288025,-0.1332600865834514,0.24576476380243506,-0.18742269277572632,-0.10422894851554707,0.48912650423282134,-0.420234739780426,-0.006918899572486282,0.920234305848866,0.07559259980916977,0.006918899572486282,1.079761256868338,-0.07472000271081924,-13.365000255306846,-97.09778326346844,-100.63199174661054,83.19721268458012,0.011632707987221672,0.1303772255367209,-0.11874451754949923,-0.24336174043038628,slouching
0.09574479344740944,0.0,-0.24736523628234863,0.09015735656641842,-0.024172880645141934,-0.019128842279314995,-0.0019822900285970603,-0.047308812398559476,-0.24715276062488556,0.002800976504405789,0.2321693868663775,0.19292713701725006,-0.08375077054419014,0.24087617189979119,-0.357884019613266,0.025376273424785056,0.9642783798620476,0.16494400799274445,-0.025376273424785056,1.035717739019037,-0.16443897783756256,34.67875089068629,-72.74571466725888,-93.03463903510603,174.2555819755422,0.13621969046730162,0.1766945874871938,-0.040474897019892174,-0.008706785033413683,good_posture
-0.3097288827248378,0.0,-0.1549699455499649,-0.2031225953656311,-0.06006893883915009,-0.2411493957042694,-0.24441476951995825,-0.05353296464976549,-0.023594966158270836,-0.05847439509580622,0.26191303623354345,-0.3445817828178406,-0.14957240812248118,0.22585569170541295,0.11814342439174652,0.0365121216449988,1.0473974965891328,-0.15005941689014435,-0.0365121216449988,0.9525987508502268,0.15073555707931519,146.54399049287508,-111.71448455899002,-97.83337208490904,-158.40593237126714,-0.2057054811156941,-0.10168207950655038,-0.10402340160914371,0.0360573445281305,leaning_forward
0.027526346080184977,0.0,-0.3210107386112213,0.17272921306755332,0.01840293402260988,-0.366094172000885,0.10757359190230537,-0.019755369419658057,-0.1373380422592163,0.15869085995455984,0.4160268432128237,-0.4659549295902252,0.06490720279076863,0.25883187493362664,0.05392967164516449,0.02297937837806443,1.082452911401539,-0.1620061844587326,-0.02297937837806443,0.9175438350709612,0.16304001212120056,179.65599169644864,-85.20658758210882,-80.42237499015222,-120.8206083990539,-0.08427268529247926,-0.1960717166651435,0.11179903137266424,0.15719496827919704,looking_up
0.33830852112033977,0.0,-0.3106618821620941,0.24808619179436353,-0.03258784187946465,-0.08141373842954636,0.2075012348777735,-0.01953789267030654,-0.3458547294139862,0.1901183369248741,0.2872269667916974,0.12321925163269043,0.05324730986066999,0.3494190731074464,-0.5045918226242065,0.04835301254857147,0.9390190057502751,0.19971229135990143,-0.04835301254857147,1.0609780705815268,-0.19840602576732635,13.269688200260115,-72.87508406036513,-79.87898955824565,155.5636770954691,0.21662569772756773,0.09494287433479569,0.12168282339277205,-0.06219210631574901,looking_up
-0.4263465088148275,0.0,-0.09716802835464478,-0.32807640977165775,-0.06644131607627858,-0.20592716336250305,-0.3549917337001319,-0.07286705897282639,0.006013985723257065,-0.16720877829981654,0.2889677735333913,-0.3212120831012726,-0.2048858240805037,0.18778892418670037,0.1471778005361557,0.02716761993759531,1.0511617076401278,-0.1530192792415619,-0.02716761993759531,0.9488344408360859,0.1535373032093048,140.60465286355242,-116.78345042344218,-103.7272945146187,-110.42435712439527,-0.2402992076246674,-0.05425190643450728,-0.1860473011901601,0.10117884934669094,leaning_forward
0.4685396707289195,0.0,-0.09914985299110413,0.32444724944402553,-0.0679844349494699,0.058205749839544296,0.28160241927464114,-0.060051336155127116,-0.26243099570274353,0.08073178254567955,0.2033209802742423,0.2770785093307495,0.07114324291177923,0.24057588270159225,-0.46058985590934753,0.022886579456971718,0.9586680421145869,0.23041054606437683,-0.022886579456971718,1.041327350438741,-0.2294289767742157,21.145490741737927,-51.546730324449165,-84.42559432016559,104.43333357624448,0.3926021580001901,0.3166646452714607,0.07593751272872938,-0.03725490242734994,looking_down
-0.12506384182577432,0.0,-0.9730057716369629,-0.006002720314610629,-0.0473261531370939,-0.9423567652702332,-0.08037851533410591,-0.04326480742487711,-0.3694349229335785,0.1039312900009986,0.30798413139977815,-1.1021755933761597,-0.10319847665437872,0.23458205851210726,0.13355188071727753,0.07708635726941082,1.031732024102467,-0.30398914217948914,-0.07708635726941082,0.9682665106886422,0.31196659803390503,151.0469099596565,-97.8339559145739,-89.97119104118876,-160.48683245419818,-0.12543024849908427,-0.12579665517239422,0.00036640667330994193,0.0734020728876709,leaning_forward
0.05246847464857187,0.0,-0.33100131154060364,0.19783003425157275,0.004234477364917465,-0.3947083652019501,0.1417826750577708,-0.02383233928192161,-0.11976426094770432,0.2100820405064495,0.43230370508950766,-0.5237377285957336,0.08221876548514143,0.25014149907230715,0.09130462259054184,0.029962317341710284,1.1038530776428763,-0.18478545546531677,-0.029962317341710284,0.8961438910708224,0.1856696903705597,175.22628438377436,-86.14456738018858,-77.49143634441874,-125.06578007832097,-0.09368192834722358,-0.23983233134301904,0.14615040299579546,0.1821622060172005,good_posture
0.532084733232365,0.0,-0.12846483290195465,0.47079819110669796,-0.16178820944442857,-0.0006205013487488031,0.44741230372656726,-0.1683732762553895,-0.19628380239009857,0.2763344754441224,0.11896518885280138,0.14771538972854614,0.24003105513777,0.1478545927559043,-0.30868199467658997,0.03556901844434202,0.9736350776816867,0.13613656163215637,-0.03556901844434202,1.0263603836983044,-0.1358262002468109,66.1505653210677,-56.05438855043438,-73.40961188695275,141.48805482627134,0.27390196794141886,0.015719202650472663,0.2581827652909462,-0.028889403903102906,looking_down
0.056315609131315586,0.0,-0.3917863965034485,0.20028362820759946,0.0037411734545974283,-0.4021172523498535,0.10770908855485162,-0.02017245960654399,-0.18014180660247803,0.2007212764098741,0.4466949308609019,-0.5020158290863037,0.06062280098568386,0.26959842978591136,0.03034636378288269,0.038051256035662825,1.1257228692486168,-0.16614632308483124,-0.038051256035662825,0.8742738045822227,0.1670330911874771,175.1923341772684,-86.3572020579269,-78.49264185556181,-128.34701040571267,-0.0743564295664634,-0.2050284682642424,0.130672038697779,0.17709650107499053,good_posture
1.0507353026852593,0.0,-0.10734369605779648,0.8928542304248486,-0.13828712434723622,0.03342430666089058,0.8562140240215127,-0.12303343291348645,-0.23492933809757233,0.48738227091380826,0.0865421744967938,0.23528411984443665,0.535003497919564,0.25212731182238274,-0.4102356433868408,0.04564207564167912,0.9146510511753354,0.19562150537967682,-0.04564207564167912,1.0853422492736067,-0.19493509829044342,36.55842593275562,-39.54500194893116,-58.39168096258305,73.9551029644875,0.5395424182685732,0.0283495338518871,0.5111928844166861,-0.16558513732558894,looking_down
0.11974214634141597,0.0,-0.5793237090110779,0.12449936529234593,-0.02202148079682614,-0.29618120193481445,-0.012239410318435423,-0.03455065330778236,-0.5738430023193359,0.0764110612592069,0.29348410211119874,-0.045729320496320724,-0.12771661020600988,0.36862691548332427,-0.6791306138038635,0.052967489187215215,0.9541087471650614,0.19294901192188263,-0.052967489187215215,1.045888532883675,-0.1914176493883133,23.97301199071171,-77.17841885015686,-92.19611472161927,159.79049401830648,0.14539492081481747,0.17104769528821898,-0.025652774473401495,-0.07514281337212553,good_posture
0.12966071807638485,0.0,-0.17006342113018036,0.0532270378345883,-0.006522891585376455,-0.02213115431368351,0.03313847415389206,0.009585198814775311,-0.17842602729797363,0.02367739677888335,0.2319423026323159,0.11913979053497314,0.02331628049261476,0.30966361052635627,-0.28145986795425415,-0.0005913230053095316,0.9602988848953407,0.12218249589204788,0.0005913230053095316,1.0396970568104715,-0.12168648838996887,-1.0143563991083906,-85.81866020014282,-88.154397662828,90.26621129765131,0.1061638794406358,0.08266704080488674,0.023496838635749057,-0.07772130789404036,looking_up
0.8004923269252259,0.0,-0.0855197012424469,0.6539036614578843,-0.08163459530692577,0.07934553176164627,0.6234176240375905,-0.06827242577268733,-0.1945449560880661,0.42086214079502327,0.17176888379140715,0.3168177604675293,0.34558513534924906,0.22737513708173404,-0.3929843306541443,0.03906805726334599,0.9465943952661656,0.21456392109394073,-0.03906805726334599,1.0534003341886418,-0.2139371633529663,24.851553325369014,-47.06282288399198,-64.41606638619594,143.54714657610504,0.4172686888530897,0.034045050780953545,0.38322363807213616,-0.055606253290326896,looking_down
0.05361120982925655,0.0,-0.36695393919944763,0.18621061627084748,0.042957059920294034,-0.42664793133735657,0.14441527127461845,-0.0026752661110705455,-0.1896359920501709,0.15749910267086856,0.4435190049649263,-0.5055943131446838,0.09650028690205537,0.25194634398169924,-0.009291275404393673,0.017263593415442934,1.0732742449042743,-0.14788781106472015,-0.017263593415442934,0.9267227013797505,0.15027597546577454,-169.77884416932397,-83.32931973147853,-78.98205108410032,-107.66204012802899,-0.07338848495720543,-0.2003881797436674,0.12699969478646198,0.19157266098322706,looking_up
-0.33413676709937307,0.0,-0.04300250858068466,-0.21196166112658968,-0.1432801928581139,-0.17591340839862823,-0.27101466564611765,-0.09599203332198303,0.10016945004463196,0.0005103156016437242,0.09511922115953281,-0.32310736179351807,-0.13290667844381346,0.13927705546598387,0.24718180298805237,0.04433543065312019,1.0300892621900035,-0.18412315845489502,-0.04433543065312019,0.9699069673926995,0.18455936014652252,127.75491836572992,-126.50654248951776,-94.28839067908875,161.68669137933418,-0.2679385856782882,-0.20174040425720335,-0.06619818142108487,-0.044157834306451066,leaning_forward
-0.11280670681060098,0.0,-0.050170473754405975,-0.02754677469943615,-0.015834544594938854,-0.15253987908363342,-0.03693413389007967,-0.025468349969584952,0.021404273808002472,-0.002912371685044085,0.2880170002782043,-0.25073835253715515,0.03730281645267608,0.25028734321385726,0.14663347601890564,-0.0019629212192141003,1.0248667128205418,-0.12790806591510773,0.0019629212192141003,0.975129392049113,0.12854312360286713,165.6229870539099,-99.6805277325011,-88.65220292617506,-43.17355209764543,-0.13000192919441697,-0.14719715157823296,0.017195222383816,0.037729657064347055,good_posture
0.6678734903453092,0.0,-0.18838050961494446,0.4494781110210713,-0.05767511654192233,-0.06453697383403778,0.39677106323882905,-0.013267928577994652,-0.3115464448928833,0.17724524628866783,0.174627764753426,0.10685847699642181,0.12582736098337727,0.37443945919071137,-0.40463578701019287,0.0323398545406613,0.9128810845438344,0.16205647587776184,-0.0323398545406613,1.087112514107343,-0.1613716185092926,8.24647375200971,-48.77915293310457,-78.20157802316677,104.43092211562977,0.5163371867092866,0.3648008830732641,0.15153630363602255,-0.19981169443728536,looking_down
0.724580474061524,0.0,-0.2588421702384949,0.7232091728721036,-0.12789596454503077,-0.09478788822889328,0.6282739735560371,-0.27618003708365174,-0.25727277994155884,0.5760928630436084,0.08624179229175363,0.031555578112602234,0.28246636570133876,-0.09347414799146052,-0.3340618312358856,0.11421957160460722,0.9616948271462403,0.10501215606927872,-0.11421957160460722,1.0382976346439774,-0.10477803647518158,76.41051204393153,-38.83687847177908,-66.84193514157609,-148.531022046609,0.29530085968905045,-0.13397875468342313,0.4292796143724736,0.17971594028321414,leaning_sideways
0.9250025033578227,0.0,-0.0351480133831501,0.861358154532547,-0.23709204721283847,0.0707399770617485,0.842932026238509,-0.24762206773912981,-0.16227920353412628,0.5559038782735679,-0.04992289818188442,0.2002759575843811,0.525898513431775,-0.03977458725925656,-0.2865540385246277,0.019006895767058576,0.9870718146793757,0.13664478063583374,-0.019006895767058576,1.0129216705449684,-0.13672174513339996,73.268163621457,-32.39828514722648,-62.63005953114313,161.31361230330904,0.38410130750515137,-0.15679988834752,0.5409011958526714,-0.010148310922627857,leaning_forward
-0.28262853028812246,0.0,-0.13521388173103333,-0.17275707325500575,0.009243683735710924,-0.3061058819293976,-0.18998083281338585,-0.029202916026473145,-0.0485689714550972,-0.10545611376215361,0.35647928366000187,-0.4141150712966919,-0.07493885003691553,0.20414899315151097,0.1105371043086052,-0.0046415943046919,1.0683543670227624,-0.15497207641601562,0.0046415943046919,0.9316425680903073,0.1558162122964859,174.37140325387196,-107.43574375765445,-97.14358880584236,-78.67154958937255,-0.19243104838858788,-0.10223356648905331,-0.09019748189953457,0.1523302905084909,leaning_forward
0.06455050669868667,0.0,-0.35338151454925537,0.2023647440623744,-0.0010962486144436307,-0.41700243949890137,0.1390175074815591,-0.02870114129785567,-0.14852209389209747,0.2272647869147554,0.42809061362925804,-0.5400077104568481,0.09434740725797533,0.2557740528971377,0.06826616823673248,0.033944607742202135,1.0904760105888753,-0.18597544729709625,-0.033944607742202135,0.9095207054186606,0.18678772449493408,172.00973836624215,-88.41318280800019,-76.26820828709533,-127.64500684075088,-0.0962555903876787,-0.25706168747404406,0.16080609708636537,0.17231656073212032,good_posture
0.31601485343657576,0.0,-0.5183857083320618,0.48429991543659673,0.05909426248686445,-0.5623451471328735,0.41367339971320327,-0.015861613334470018,-0.3159114122390747,0.41585865885840845,0.5240699876461968,-0.6444938778877258,0.2932843252734027,0.22455323333221458,-0.10442391037940979,0.003414297231017294,1.12667430983761,-0.16098156571388245,-0.003414297231017294,0.873322176066282,0.16193914413452148,-170.7665847723542,-75.01352862473581,-60.46012717489576,-112.25635681109513,-0.03855663862932984,-0.39312813069523544,0.3545714920659056,0.2995167543139823,slouching
-0.80778408533441,0.0,-0.0351109504699707,-0.7313542921073771,-0.19889951826381774,-0.12203060835599899,-0.7602415177315853,-0.13794379263404058,0.09475274384021759,-0.406305145282503,-0.06305842052675238,-0.2312936633825302,-0.501951008216052,0.09817459093280635,0.22791606187820435,0.05524343971173095,0.9848103483914543,-0.14128616452217102,-0.05524343971173095,1.0151850771129425,0.14141760766506195,110.20571581847359,-147.47687126082675,-114.80851731894106,120.6770595415453,-0.3536560085851325,0.100472068164145,-0.4541280767492775,-0.16123301145955873,leaning_forward
0.2120786011745346,0.0,-0.06248213350772858,0.13526608021553135,-0.004638207331247303,0.023949269205331802,0.14701197067564678,0.005498748161399334,-0.19663791358470917,0.039528640883422554,0.2536806910630845,0.15939673781394958,0.13684634610362872,0.3272347275580406,-0.31123149394989014,-0.015618581842754706,0.9692703748437951,0.1438939869403839,0.015618581842754706,1.030726481448119,-0.14300523698329926,-0.3475123198755365,-79.65322777354227,-82.9151464662551,37.082480841080994,0.12389110768100894,0.0357036141874833,0.08818749349352564,-0.07355403649495612,looking_up
-0.13925710248812387,0.0,-0.36104196310043335,-0.024592987621117727,-0.01133386614304073,-0.43013980984687805,-0.06152656451738896,-0.02807157228361101,-0.13247795403003693,0.0010704248016026718,0.28982010453268314,-0.5508908033370972,-0.048140853542799504,0.25013070907060486,0.1266242265701294,0.024540013875061086,1.0229129003157766,-0.1905091106891632,-0.024540013875061086,0.9770846171367934,0.19384042918682098,168.4250099050147,-93.8559541869967,-91.84651842023446,-141.11347140109893,-0.11572188811752546,-0.09218667374692704,-0.023535214370598415,0.03968939546207828,looking_up
1.3218266630215931,0.0,-0.06783905625343323,1.1938976379309933,-0.19895819972543616,-0.019169501960277557,1.1547690814371423,-0.19850553537667848,-0.10866726189851761,0.8807631473200802,0.12348863801652325,0.0436239056289196,0.7584089338716679,0.21917565575452638,-0.1479274332523346,0.04550800374376356,0.9696401993935707,0.05705534666776657,-0.04550800374376356,1.0303402776050035,-0.056861478835344315,53.41821574856244,-46.21059282993442,-45.31535679442884,141.9728424372531,0.5022406224257191,-0.31734541817015494,0.819586040595874,-0.09568701773800313,leaning_forward
0.1035523840386572,0.0,-0.2785136103630066,-0.030435903204863758,-0.03759620413643911,-0.08911106735467911,-0.12381728452894543,-0.003652805465359724,-0.3505619466304779,-0.05062460104812696,0.21862088285565756,0.14132733643054962,-0.2308448865939858,0.33967317607433,-0.4658059775829315,0.040896910718747174,0.9271845930822916,0.18624207377433777,-0.040896910718747174,1.0728099022104152,-0.18588954210281372,6.512125866193128,-78.02016407547148,-101.04714536440213,146.11110868425612,0.24428712785971357,0.38502187168076996,-0.14073474382105639,-0.12105229321867245,good_posture
0.09296747210919834,0.0,-0.39169031381607056,0.22003805377357194,-0.013361405719097408,-0.43301382660865784,0.14668008663123855,-0.03866917820617626,-0.11502863466739655,0.2372393930445777,0.2949157517858639,-0.5540885925292969,0.12487507011844212,0.22212380022397685,0.16968917846679688,0.04132546836167113,1.044935115144323,-0.19026562571525574,-0.04132546836167113,0.9550620711769651,0.19423575699329376,163.94383612321732,-89.53649733912856,-76.27781585197519,-147.0639920277178,-0.08808975947231157,-0.26914699105382145,0.1810572315815099,0.07279195156188703,slouching
0.30428908967439494,0.0,-0.4191437065601349,0.21663146268658964,-0.03635151532454992,-0.18153439462184906,0.17100511198156956,-0.02240917015259454,-0.4172384440898895,0.17121239408541214,0.2687153962680304,0.01816377229988575,0.028338395701086715,0.3399954239227823,-0.5358138680458069,0.05204501731953935,0.9544100787528303,0.18621374666690826,-0.05204501731953935,1.0455870465899022,-0.1849227100610733,14.893381022480067,-74.26277484301399,-81.83779107076276,153.4853303261321,0.2045136947811455,0.10473829988789608,0.09977539489324942,-0.07128002765475189,looking_up
0.08017833877565099,0.0,-0.34440919756889343,0.20420838855234633,-0.02830972549967609,-0.36512646079063416,0.12588116938993082,-0.046694357958801246,-0.06780843436717987,0.22539949492999622,0.2932194113693701,-0.49730759859085083,0.10400881809476946,0.21419168577551326,0.22497351467609406,0.041741253357118854,1.04270648791968,-0.1965942084789276,-0.041741253357118854,0.9572906959184055,0.19918891787528992,156.15961218201852,-89.9329817592552,-77.55453060716157,-146.93507868417126,-0.08452581773673186,-0.2492299742491147,0.16470415651238285,0.07902772559385682,slouching
0.48656449121575734,0.0,-0.16354252398014069,0.4493536938399872,-0.059299149460103985,0.056323934346437454,0.39137031279098383,-0.1402034493229005,-0.19435076415538788,0.3246293321549094,0.15193308670203515,0.23486386239528656,0.18352716381706619,0.13593484862197344,-0.34849846363067627,0.06807429937436187,0.9783848608521445,0.17526423931121826,-0.06807429937436187,1.0216114671836454,-0.17452286183834076,56.42874710260588,-55.69150682432833,-73.4692101066283,-173.53139825902934,0.23248624322976957,-0.021592004756218197,0.25407824798598777,0.015998238080061705,leaning_sideways
-0.6863239678901831,0.0,-0.11201858520507812,-0.5985842993117687,-0.16720099365815058,-0.25506392121315,-0.6107528910119118,-0.12994783183931852,-0.05097387731075287,-0.3722473436828518,0.13448272895545524,-0.36103686690330505,-0.4173586860006383,0.08561004474962289,0.06946223229169846,0.030685863341511993,1.0265516169966784,-0.1334446221590042,-0.030685863341511993,0.9734444454720261,0.13364745676517487,118.79286208350614,-129.0586352900082,-113.92317485596267,-132.70818430952042,-0.2915209530484381,0.1032820617933069,-0.394803014841745,0.04887268420583235,leaning_forward
-0.9468518111449392,0.0,0.009361790493130684,-0.9343121898845876,-0.0802801867403763,-0.2027563750743866,-0.8526138084497604,-0.1998117035252505,-0.010087688453495502,-0.7771360869685771,0.17264968278312634,-0.3093133568763733,-0.5609755603472428,-0.28105069452560044,0.07465610653162003,-0.05770836085800375,1.125791901961912,-0.11822213977575302,0.05770836085800375,0.8742015470031985,0.11834445595741272,110.86802449301233,-159.0659881730604,-122.40162410586932,-64.52505156242991,-0.2777959874870293,0.39125983617088067,-0.6690558236579099,0.4537003773087268,leaning_forward
0.47740266103101603,0.0,-0.12611271440982819,0.4209502924221296,-0.0967886729021594,0.03650355711579323,0.3399635885044612,-0.12151409515925729,-0.21974386274814606,0.27220305066218503,0.17165248403089822,0.18109464645385742,0.10521376404042874,0.17454914097347135,-0.3508698344230652,0.08718007153930488,0.9516493767201364,0.15591339766979218,-0.08718007153930488,1.0483464999268004,-0.15503355860710144,48.38926215652498,-55.80970217897257,-77.1445342975945,179.00622622169803,0.28869425367970913,0.09998584632840224,0.1887084073513069,-0.002896656942573128,leaning_sideways
0.2901931925388852,0.0,-0.5261667966842651,0.634501837733368,0.003803326948312867,-0.48913806676864624,0.3163602562412475,-0.06299818556327551,-0.24704259634017944,0.6083106628118565,0.398714812338797,-0.5702072978019714,0.25922567225291626,0.2328330379280323,0.014156313613057137,0.07319439892134848,1.084455750481918,-0.19594348967075348,-0.07319439892134848,0.915539375793604,0.1970125436782837,170.9219762590069,-83.12152545862322,-57.62707181326779,-154.58338997442814,-0.1435749749935012,-0.5773431425258876,0.4337681675323864,0.1658817744107647,slouching
0.10363577542595759,0.0,-0.29399925470352173,0.22234723017112729,0.05933903314616893,-0.3792741298675537,0.18793157586165976,0.01672814344584355,-0.12332723289728165,0.1735334002271529,0.4447405346452389,-0.5110368132591248,0.109019421180593,0.2846682309687608,0.0686427429318428,0.008318437900845535,1.0756389606796046,-0.18369901180267334,-0.008318437900845535,0.9243580833030597,0.18458302319049835,-159.45893722208254,-78.93838907390459,-77.46260376838941,-111.95092532197626,-0.03764063527791536,-0.17891704598178831,0.14127641070387295,0.16007230367647807,looking_up
-0.668660721036947,0.0,-0.12753906846046448,-0.5658550245855498,-0.1263746667461948,-0.2687308192253113,-0.5859428793846337,-0.11481763401718567,0.01946163736283779,-0.38475647497898574,0.25955114802348445,-0.39014801383018494,-0.35117976607468626,0.11509864248884184,0.2240944355726242,0.0006732681077478812,1.0674084981905922,-0.1967441737651825,-0.0006732681077478812,0.9325877481948958,0.19728708267211914,127.56724867765332,-124.03010243354376,-114.36041401552151,-76.91446528388254,-0.30069260051011093,0.0672755200167251,-0.36796812052683603,0.14445250553464262,leaning_forward
0.07995297360011387,0.0,-0.31092602014541626,0.20637730888583647,0.07247251859609617,-0.39041635394096375,0.17304721361843747,0.02500882478896942,-0.14187565445899963,0.1466547802543525,0.45727218758040206,-0.49338117241859436,0.10516469820407016,0.27146313614294026,0.034533776342868805,0.006705121219582755,1.0820768584373717,-0.16496823728084564,-0.006705121219582755,0.9179202917559959,0.16600216925144196,-156.05548772309953,-78.57192571960763,-78.79553913410756,-102.58732344008874,-0.045956765629097465,-0.1718665048583088,0.12590973922921134,0.1858090514374618,looking_up
0.8966569383275254,0.0,-0.35224393010139465,0.8126540856190068,-0.1242120115468337,-0.11015744507312775,0.7499035647014726,-0.1498852288735434,-0.4010312259197235,0.5141998435493806,0.07488959677724034,0.1291719377040863,0.4338328213809281,0.19350916782459773,-0.5350499749183655,0.053027946310429584,0.9344513795699981,0.212635338306427,-0.053027946310429584,1.0655444928721098,-0.21140766143798828,49.906737599660964,-41.43771583938669,-61.2997214977166,124.11838914757938,0.42264060586237095,-0.051375726602783445,0.4740163324651544,-0.11861957104735739,looking_down
0.0016973084528002704,0.0,-0.2422943264245987,-0.08993636709360289,-0.057236623271271526,-0.12392974644899368,-0.11619728296320272,-0.010680627946583554,-0.28879448771476746,-0.09266770692848661,0.22451938468032406,0.018460383638739586,-0.10185734323590069,0.3787837008881932,-0.3495839834213257,0.008094862043641902,0.9420850828059902,0.11757252365350723,-0.008094862043641902,1.0579112264870958,-0.11637907475233078,17.959771120651034,-90.99081842504859,-97.92888962958908,93.40912200107566,0.09895983353499392,0.19622235861718756,-0.09726252508219366,-0.15426431620786912,slouching
-0.2343407359812335,0.0,-0.0826544463634491,-0.1527299901421822,0.03196016700664511,-0.1730337142944336,-0.1629225426620651,0.01246412388436582,-0.01759081333875656,-0.12717465010152812,0.3171408551516684,-0.26370251178741455,-0.08830595817739129,0.29178559296810197,0.11316042393445969,-0.01411275504659349,1.0243205823539947,-0.12443406134843826,0.01411275504659349,0.975675063885402,0.12484987825155258,-163.8119904577769,-100.06249208694135,-98.80529821688532,-33.1176659604726,-0.1266004318417738,-0.0188601277023141,-0.1077403041394597,0.02535526218356643,looking_up
0.7616366280034833,0.0,-0.23876681923866272,0.7857950744179322,-0.07149238703494579,-0.07819554209709167,0.6791924656405561,-0.25777126568073494,-0.20170949399471283,0.6127295456753846,0.17541392793587077,0.035067588090896606,0.3606462996009408,-0.09422559515239946,-0.2709040343761444,0.10484952538714538,1.0425828048189607,0.08248802274465561,-0.10484952538714538,0.9574100807714113,-0.08222130686044693,79.96158521566434,-39.85887498450103,-63.10211988088654,-133.07269068390104,0.2749487053653206,-0.21173921727284206,0.4866879226381627,0.2696395230882702,leaning_sideways
-0.28417120245175703,0.0,-0.29584601521492004,-0.15769821006653345,-0.0672455781273141,-0.4614187777042389,-0.22805968791266906,-0.07485683449309623,-0.19506612420082092,-0.01776441608647737,0.2520311988875079,-0.5552428960800171,-0.12411970467627731,0.1471786337009966,-0.018311094492673874,0.05310268495190363,1.0639154584739694,-0.1740540713071823,-0.05310268495190363,0.936081101911429,0.1779804527759552,142.106985506477,-114.25267406306807,-95.06511760495626,-135.40764703796117,-0.21322914207037968,-0.14228708168900234,-0.07094206038137733,0.10485256518651132,looking_down
-0.016888739764880117,0.0,-0.23871232569217682,-0.05137875902266995,-0.04446501099843074,-0.039860133081674576,-0.11148271276457383,-0.050595360438078815,-0.28038841485977173,-0.08203353006969673,0.2097924516299836,0.13448666036128998,-0.1586291922308251,0.2831800118186503,-0.4186663329601288,0.027605017956013427,0.956133245209876,0.15399396419525146,-0.027605017956013427,1.0438640490960311,-0.15329010784626007,36.3687713266556,-82.46310442734622,-99.07317747973914,136.2253549141583,0.10344262138538081,0.22377398253564174,-0.12033136115026093,-0.07338756018866671,good_posture
0.7478034024919645,0.0,-0.2709679901599884,0.7511913137040332,-0.08574468104845265,-0.12080301344394684,0.6422709540386745,-0.26000642351688896,-0.2389233112335205,0.6371410970476821,0.14036594753369788,-0.008722912520170212,0.3056604066243439,-0.1140177176679384,-0.2948026955127716,0.12696775207571218,1.0121029965431596,0.08023414760828018,-0.12696775207571218,0.9878897335561956,-0.07997209578752518,73.54138709180806,-39.5456363211773,-64.46639415599964,-142.49678147337883,0.27640265065595154,-0.19499810118006144,0.471400751836013,0.2543836652016363,leaning_sideways
-0.8219590246026099,0.0,-0.0008690916583873332,-0.7195311584749456,-0.1481588764983989,-0.15678036212921143,-0.7342738580208555,-0.1330767440113427,0.11422281712293625,-0.4583981378526947,0.19135324754263772,-0.32495608925819397,-0.4824017697099671,0.133313545045975,0.2871713638305664,0.03828754639061985,1.0446596587065713,-0.2049218714237213,-0.03828754639061985,0.9553357800280935,0.20510688424110413,124.05837920947901,-130.25390275570177,-119.31688536299784,-112.46864763401537,-0.351559070821279,0.11884088296005191,-0.4703999537813309,0.05803970249666271,leaning_forward
0.7302832101168564,0.0,-0.17250309884548187,0.992607805156276,0.050012713717542324,-0.28139352798461914,0.9016139945499189,-0.009673274003968774,-0.03222300484776497,0.9138824049662073,0.47043958044247924,-0.3847077190876007,0.7503913346235362,0.33678486773923205,0.15401235222816467,0.02283491046471357,1.0649607037116489,-0.16634362936019897,-0.02283491046471357,0.9350330237633537,0.16646751761436462,-174.68553234551013,-73.30880601281858,-35.62881175210416,-140.7338412468071,-0.1018536596780154,-0.9339905294728872,0.8321368697948718,0.1336547127032472,slouching
0.18596770770879736,0.0,-0.42989349365234375,0.35396305983190335,0.032519600023021206,-0.49900394678115845,0.29010461469967497,-0.019540929290392247,-0.265391081571579,0.3202479959558839,0.49185035286965845,-0.5870111584663391,0.2021085931978886,0.2470764098861959,-0.08215008676052094,0.017542481658826912,1.1192482416059841,-0.15470540523529053,-0.017542481658826912,0.8807482826890887,0.15565899014472961,-177.26948940803894,-80.48241643551053,-67.49982972147974,-115.76413954172703,-0.07521058686808887,-0.33638888144497514,0.26117829457688624,0.24477394298346256,slouching
-0.14498146927828187,0.0,-0.33596286177635193,-0.021973403664210297,-0.03928528591029243,-0.38465240597724915,-0.07071547439239599,-0.04765605292539681,0.015109581872820854,0.04118714476101975,0.2543927326249968,-0.5506350994110107,-0.05738495929205693,0.23639635772010062,0.3708849251270294,0.04116074044361604,1.02080145759446,-0.2539006471633911,-0.04116074044361604,0.9791960325418777,0.25970709323883057,156.2162654235285,-97.54205157585075,-90.61491227979398,-169.65342442754755,-0.13688256201276328,-0.12878365474724468,-0.008098907265518592,0.017996374904896167,good_posture
-0.18459222884949222,0.0,-0.42090415954589844,-0.035144496035458016,-0.01963722376632774,-0.5268955230712891,-0.08185468412456266,-0.053419861441104284,-0.258558988571167,0.032843624606308755,0.3937412691277963,-0.5862780809402466,-0.019932118753981085,0.1819280699484663,-0.07222069054841995,0.02767037038764075,1.1000301998323878,-0.16912904381752014,-0.02767037038764075,0.8999663927868233,0.17228932678699493,163.8439050053257,-101.3239782242806,-89.48062881739621,-103.99103053629132,-0.19104798177565607,-0.19750373470181992,0.006455752926163837,0.21181319917932998,looking_down
0.33082003827698225,0.0,-0.5293805599212646,0.4999419595575774,0.08080720671513762,-0.5648753643035889,0.4486523024099125,-0.005345687748005149,-0.3518480062484741,0.3979908000241911,0.547684637589529,-0.6176146864891052,0.34686185372346084,0.213633425651428,-0.1490839719772339,0.0017861800985252887,1.145565709751002,-0.15201443433761597,-0.0017861800985252887,0.8544306662159434,0.152996227145195,-165.26628617476723,-73.4553398372814,-58.98030477698408,-98.70199900903998,-0.04160628859684373,-0.4140326154706697,0.372426326873826,0.334051211938101,slouching
0.4546091695675147,0.0,-0.3656383752822876,0.40062966018673873,-0.09101465731558046,-0.18299558758735657,0.30168891281911053,-0.10647764920475379,-0.41808614134788513,0.28876148799382173,0.12860755079028835,-0.02728797309100628,0.07844551420032511,0.15598941552904383,-0.5073005557060242,0.0708973795368429,0.9599496138097812,0.13959187269210815,-0.0708973795368429,1.0400460288363675,-0.13871397078037262,43.66735634389432,-55.1959293664727,-77.91732838258879,172.58216101312706,0.2710056684704413,0.08740216737336784,0.18360350109707343,-0.02738186473875548,leaning_sideways
-0.029255403090412403,0.0,-0.4186229705810547,-0.018573099004973333,0.041677380551627924,-0.4470294713973999,-0.03556424862679611,0.060609739762026896,-0.37857702374458313,-0.039523674559667765,0.33755600259962887,-0.4220157563686371,-0.011544363033915324,0.40155912011831374,-0.28971078991889954,-0.006437827570889024,0.9844282204937812,-0.041484568268060684,0.006437827570889024,1.0155679486419513,0.0417327880859375,-92.44828659591693,-90.27614544094607,-92.3193184436548,66.38719416568864,-0.003721384293620858,0.021812634503170687,-0.025534018796791545,-0.06400311751868487,looking_up
0.4991561943737742,0.0,-0.5541809797286987,0.46100254404338187,-0.06447418771683222,-0.26768794655799866,0.36077362127061197,-0.09613301108847666,-0.5050931572914124,0.3935480675222383,0.19083841198205292,-0.048483848571777344,0.11399165517003433,0.15767924098183772,-0.6200829744338989,0.08809939032327445,0.9624783420141163,0.15835480391979218,-0.08809939032327445,1.037518128465606,-0.15731196105480194,42.294956324710235,-58.31674176299947,-72.91652992710785,-173.23555096765085,0.24538633302763785,-0.008383528318498479,0.2537698613461363,0.033159171000215204,leaning_sideways
0.38011318092283075,0.0,-0.027186891064047813,0.6069409497439499,-0.0672207569922092,-0.21016494929790497,0.6027965082115687,-0.06671203348475084,0.08040226250886917,0.5753996227628356,0.22669231267723192,-0.3571050763130188,0.8139207547157039,0.32087189417451145,0.2927105724811554,-0.0740151620465976,0.9890261091913076,-0.23548012971878052,0.0740151620465976,1.0109660135921084,0.23544198274612427,163.40846227427465,-104.76255811125215,-46.2721750901567,21.54648382728238,-0.3145470078164391,-1.009207196555709,0.6946601887392698,-0.09417958149727954,slouching
0.6660148401992367,0.0,-0.3544233441352844,0.614523373141164,-0.08719042791971329,-0.12482528388500214,0.505994998381093,-0.17462291138586303,-0.3046998977661133,0.4909014160163635,0.16529626862821,0.03782384470105171,0.2759058018382988,0.1026162587291694,-0.3916275203227997,0.07682930533849329,0.9821600471235892,0.1314634382724762,-0.07682930533849329,1.0178351794198297,-0.131087988615036,51.06627342479457,-56.2679765893033,-66.12063491679659,-163.7464376898003,0.28261123127190557,-0.10079237765542559,0.38340360892733116,0.06268000989904061,leaning_sideways
-0.8755767711173985,0.0,-0.055685121566057205,-0.7952276735699939,-0.14669094663101645,-0.20886600017547607,-0.8083708994740288,-0.1675174152709014,0.004784827586263418,-0.5335322911389421,0.1751789344793951,-0.3167734146118164,-0.4943480482981766,-0.04454487161213565,0.1313876211643219,-0.0024832860913418403,1.090735029538801,-0.1554633527994156,0.0024832860913418403,0.9092594691734898,0.1557721644639969,115.15515671950733,-142.30767606496227,-118.80448923355507,-79.88850770696116,-0.36163660139883913,0.15230356831972025,-0.5139401697185594,0.21972380609153075,leaning_forward
0.4956860972568555,0.0,-0.47815001010894775,0.43870254856571383,-0.09657197813107254,-0.20467635989189148,0.3564967373195202,-0.10197937663867984,-0.45823824405670166,0.35325867120536564,0.17051150720299735,-0.0006138006574474275,0.09583220549223694,0.1578495387486824,-0.5710540413856506,0.09137221280402578,0.9589409320379493,0.15249957144260406,-0.09137221280402578,1.0410555508226864,-0.15090739727020264,45.345236635011084,-56.70063391137146,-74.96235067611397,-177.18407685512858,0.27114065890805417,0.04659522055925289,0.22454543834880128,0.012661968454314942,leaning_sideways
-0.41652530266358845,0.0,-0.1463073492050171,-0.3024051771926533,-0.05593674696740678,-0.2810302674770355,-0.33085910010656344,-0.0481530208229986,-0.034751325845718384,-0.18227284190673285,0.3041889690791445,-0.3985549211502075,-0.18925932176770766,0.23439096995910988,0.1450003683567047,0.018798481205508862,1.045713788127194,-0.17153067886829376,-0.018798481205508862,0.954282779378265,0.1721581667661667,152.48024019462866,-112.15898329645542,-104.26398065684394,-95.71602223091027,-0.23075922082636818,-0.04499313898914792,-0.18576608183722026,0.06979799912003462,leaning_forward
0.7483546500874575,0.0,-0.10892592370510101,0.6619078067583599,-0.14953848828510136,0.013979600742459297,0.6483182329423178,-0.14606124855842867,-0.21213142573833466,0.432952055907244,0.08832527597929828,0.16497208178043365,0.3968502509245742,0.11338342518408828,-0.32034093141555786,0.03274543909601586,0.9810309836345428,0.13804204761981964,-0.03274543909601586,1.0189635262090506,-0.1377405822277069,57.75364403847131,-45.98935702252872,-65.22947611116024,145.2356068245498,0.3334534966715484,-0.08144765674436072,0.4149011534159091,-0.025058149204790006,leaning_forward
0.08092440057303986,0.0,-0.35800614953041077,0.20699304099690138,0.07773176664163384,-0.4241694211959839,0.16890804072473672,0.022731296235686642,-0.1837131381034851,0.15433150144514868,0.4510068152507532,-0.5194936394691467,0.0970522613101506,0.26068291800301857,-0.007375246379524469,0.016731059573793727,1.0698692693218212,-0.14890971779823303,-0.016731059573793727,0.9301279269665361,0.1507284939289093,-154.85750800794148,-78.4854323658512,-78.95877291202946,-106.74951656839681,-0.04476748080460978,-0.17045936218225943,0.12569188137764964,0.19032389724773463,looking_up
0.18759421687344138,0.0,-0.21027661859989166,0.2110021011955845,-0.1165762861938858,-0.06955111026763916,0.06695884643362737,-0.1202650892727104,-0.19416162371635437,0.07621568630591745,0.13032789646041132,0.06043822318315506,-0.04713186116922039,0.15157050675937903,-0.2040724754333496,0.03196462586813414,0.963032692465181,0.09979939460754395,-0.03196462586813414,1.036960955502998,-0.09972096979618073,67.6810008175169,-64.36958528780664,-89.0301927120825,170.22851359441063,0.17305230430509286,0.15851039173674433,0.014541912568348525,-0.021242610298967707,slouching
-0.5443331219418825,0.0,-0.07131309807300568,-0.4509695529320743,-0.08206414682612012,-0.1990874856710434,-0.4698579150414627,-0.10178772359804823,-0.018781621009111404,-0.29167071419782237,0.28390732332617064,-0.28240904211997986,-0.23580613365802108,0.052154357303262545,0.09202536195516586,0.001400269953695092,1.098641354153699,-0.13783778250217438,-0.001400269953695092,0.9013543001875013,0.13839644193649292,132.3930228004028,-127.11002986838791,-107.58892104250232,-76.447272854756,-0.2805946980139608,-0.01685627408603907,-0.26373842392792174,0.2317529660229081,leaning_forward
0.5108767551524079,0.0,-0.23328332602977753,0.43039625617049876,-0.08252230437312787,-0.024201102554798126,0.38984646197544354,-0.0968929722942933,-0.31537774205207825,0.2835773623275718,0.2216712902641534,0.18471617996692657,0.1198813502581995,0.23937037168996547,-0.4848792552947998,0.06011521848405801,0.9592305618740902,0.1943468600511551,-0.06011521848405801,1.0407662949584942,-0.19333791732788086,41.68029329161335,-56.945516023332374,-75.30970575145406,173.82905849432098,0.30914739885952225,0.10741804256663659,0.20172935629288566,-0.017699081425812085,looking_down
-0.9225540492150384,0.0,-0.1480182707309723,-0.758547481060938,-0.16399004184191698,-0.24259315431118011,-0.8132240924766814,-0.16420876158249031,-0.0350935272872448,-0.4445455184082575,0.220271275077485,-0.3431890606880188,-0.6016230377949334,0.06477114140954923,0.11496194452047348,0.05152156300096396,1.0605398003476247,-0.1541227102279663,-0.05152156300096396,0.939454003775075,0.15468816459178925,129.78882711966196,-130.59955415825516,-121.38436491138755,-135.28913384016124,-0.39946977111344295,0.12361450698815246,-0.5230842781015954,0.15550013366793577,looking_down
0.08454103956195833,0.0,-0.40525543689727783,0.2044193655418223,-0.016705893088936073,-0.3834904134273529,0.12335453712071962,-0.03407738511825678,-0.06062421575188637,0.22235523753107694,0.297967416714543,-0.5061643123626709,0.09180056663350417,0.23460215952419752,0.2652972340583801,0.05681278533260487,1.048370459291185,-0.2067294716835022,-0.05681278533260487,0.9516267861707802,0.21057014167308807,162.25470784597792,-88.66269982102675,-77.916180647559,-154.11018776385754,-0.07253686252033223,-0.22961476460262278,0.15707790208229055,0.0633652571903455,slouching
0.5380000206944516,0.0,-0.46347692608833313,0.4785195721737663,-0.08860592379183535,-0.1955612450838089,0.37907917251326567,-0.10378148261312475,-0.4391016960144043,0.4039318641550241,0.16676116984749317,0.00062745955074206,0.11976740739655897,0.13405367047329037,-0.5692283511161804,0.09576724553302167,0.9661562777975936,0.15406037867069244,-0.09576724553302167,1.0338400258395077,-0.15240302681922913,41.37648631876948,-55.901876092588196,-72.87034646217913,-173.43411496170685,0.2761503849186601,0.014300749142868607,0.2618496357757915,0.03270749937420281,leaning_sideways
0.12715223492083896,0.0,-0.18700188398361206,0.04653558443250222,-0.043494608743142066,-0.015765851363539696,-0.006538004842360935,-0.032193005186690216,-0.2840859293937683,0.011702487555558846,0.2770305266062115,0.17459112405776978,-0.09211369881023579,0.3566870026542633,-0.4215075671672821,0.025753298878749834,0.9373411487556497,0.17214548587799072,-0.025753298878749834,1.062655694927136,-0.17179147899150848,19.451894289945052,-80.36687639970891,-93.36820918901638,142.50155816920173,0.16735784054817743,0.2075634461755159,-0.04020560562733847,-0.07965647604805176,slouching
-0.6173205218543542,0.0,-0.083062082529068,-0.5195334520042824,-0.11361812181106606,-0.22880980372428894,-0.5297713181759117,-0.11194380037851971,0.012825852259993553,-0.3353499052381978,0.19757038085762796,-0.33499059081077576,-0.3475927947633165,0.12021098130065316,0.16600176692008972,0.01224500741804593,1.071863690245243,-0.16308121383190155,-0.01224500741804593,0.9281325196377325,0.1636720597743988,129.40873874240162,-123.990750806952,-112.09608436313746,-98.99303790394599,-0.27584917185359703,0.06562217814716009,-0.3414713500007571,0.0773593995569748,leaning_forward
1.0054700784077573,0.0,-0.3199022710323334,0.9148123738142904,-0.16893164019658144,-0.12184242159128189,0.8536965486892583,-0.19868387413106212,-0.41666844487190247,0.665528604715418,0.13771341742157198,0.12188998609781265,0.5648728178933398,0.20421065638813687,-0.5761457085609436,0.03657678947509495,0.9441883873640986,0.21057924628257751,-0.03657678947509495,1.0558074631211296,-0.20955882966518402,56.59636498302793,-52.82369558462907,-53.42208537686982,146.5496535096313,0.39026936710337834,-0.22493134420100058,0.6152007113043789,-0.0664972389665649,leaning_forward
-0.17897355524718314,0.0,-0.4005850553512573,-0.03152316008891111,-0.06330102577316193,-0.4748971164226532,-0.12387266837717384,-0.07729502633689993,-0.2381696105003357,0.08163043602347612,0.2885502781411978,-0.5437085628509521,-0.09649446891038427,0.13634749647898978,-0.04267396405339241,0.049156964385792125,1.0895852313126935,-0.1757315993309021,-0.049156964385792125,0.9104110608775108,0.17921479046344757,145.23449106480427,-103.95595467728887,-90.54067797138917,-139.48703144135158,-0.17154153880372908,-0.164109522360275,-0.007432016443454072,0.15220278166220805,looking_down
0.09666403157732598,0.0,-0.09288148581981659,0.030083238185416406,-0.035390639438381784,0.04119539633393288,0.0012560889028206384,-0.03319162938706377,-0.14771269261837006,-0.02647433438253576,0.22893731949537852,0.1943877637386322,-0.04230578848924581,0.2568785656263626,-0.2608765959739685,0.010914713975263791,0.9682865227690577,0.1344439834356308,-0.010914713975263791,1.031709189933465,-0.13423791527748108,22.946670874286347,-79.76321724160738,-92.6008163771574,119.53580403407516,0.13105409301321674,0.16544415444910754,-0.03439006143589078,-0.02794124613098406,good_posture
0.43883882491848614,0.0,-0.06285394728183746,0.34136478598791675,-0.07526632644541559,0.06355982273817062,0.33306811617995585,-0.0671832963459699,-0.19067205488681793,0.18852825378934862,0.14481834384034328,0.22997723519802094,0.14330190755490124,0.1941264008579338,-0.32899177074432373,0.05013649477106488,0.9544500255969613,0.14953938126564026,-0.05013649477106488,1.045545849800581,-0.14906135201454163,35.02574022978791,-54.560986732160906,-78.70267369248374,132.5276764045223,0.27292374424636123,0.1070086635742363,0.16591508067212493,-0.04930805701759053,leaning_forward
0.051436751558323536,0.0,-0.34124991297721863,0.17338687888817245,0.06359065885402555,-0.41649550199508667,0.13904407235032906,0.01917046034143159,-0.17038138210773468,0.13273228944731785,0.44773369895953585,-0.5097612142562866,0.07395559774208765,0.2811008057286574,0.00626018550246954,0.00892742153476428,1.0623797142873455,-0.15165570378303528,-0.00892742153476428,0.9376173703256324,0.1524895280599594,-158.44930853825366,-80.70479432014633,-80.76466992114894,-109.42935780469627,-0.05190719203637922,-0.15525113563108198,0.10334394359470275,0.16663289323087843,looking_up
0.2684306675427247,0.0,-0.22922959923744202,0.11492387938191187,-0.019750012459934498,-0.07580593973398209,0.06564700789748715,-0.001707609461139533,-0.3168938457965851,0.042730075952929276,0.25485558600917657,0.13929414749145508,-0.04543070330273021,0.34347438374943595,-0.4372076988220215,0.0324647243013233,0.9433130356399253,0.18056359887123108,-0.0324647243013233,1.056680929194123,-0.1799807846546173,3.4464802559012186,-73.52702410671023,-90.11039333124933,134.85155260673935,0.26978098121762517,0.27113129489252563,-0.0013503136749004679,-0.08861879774025938,good_posture
0.41269248314560764,0.0,-0.2786467373371124,0.3479586624520496,-0.07969393130092493,-0.11424891650676727,0.27367810833702577,-0.09046514465723822,-0.35252368450164795,0.2591703654922773,0.1293630647126484,0.02281864918768406,0.07870367488609269,0.22805699438513483,-0.458417683839798,0.06974972673380765,0.9516280988442885,0.12273754924535751,-0.06974972673380765,1.0483677825983029,-0.1218184307217598,39.86674113896298,-61.72605251512914,-78.37651693688323,151.32655822184933,0.24375546295642264,0.07481844276723765,0.168937020189185,-0.09869392967248641,leaning_sideways
0.19157608127408757,0.0,-0.10206998884677887,0.09178909701691086,-0.09017971439884011,0.0037085239309817553,0.07179078539843876,-0.0832350487259744,-0.21404816210269928,0.017194469349174502,0.19804094814969192,0.13459444046020508,0.022995177130000835,0.2821987609126622,-0.3184908926486969,0.014413343246017134,0.9702534657112891,0.14290764927864075,-0.014413343246017134,1.0297422279155355,-0.14262281358242035,38.301128987117906,-79.31007662487407,-88.48517749426752,86.0570358045581,0.1714812580344999,0.15138643479491223,0.020094823239587667,-0.0841578127629703,good_posture
0.034679311268151936,0.0,-0.20477423071861267,-0.02341579825544799,0.03974187892293917,-0.08697453141212463,-0.05140696040985902,0.052614931788283165,-0.3082655072212219,-0.008172814186694154,0.3562557392560939,0.06627415120601654,-0.055653279264347336,0.3960003077896725,-0.43575724959373474,0.019077552351605628,0.9623381720766307,0.1504780352115631,-0.019077552351605628,1.0376586047677512,-0.15000537037849426,-32.641995332949826,-90.95469756435838,-92.92831756323835,140.0682417439219,0.06659235799367268,0.09850540471919342,-0.03191304672552074,-0.039744568533578606,looking_up
0.8825836914791273,0.0,-0.27202174067497253,0.787329804795518,-0.1815339504175238,-0.13460484147071838,0.73885309909778,-0.17599625301589497,-0.38758936524391174,0.5289783273434833,0.02023123630792715,0.017496610060334206,0.3710317963073205,0.0030832953270840363,-0.48384398221969604,0.07045752415491825,1.0107275559034954,0.1533498913049698,-0.07045752415491825,0.9892661767499419,-0.15299203991889954,56.23998185967022,-31.308397818648913,-65.51955167366769,-173.80378000819067,0.4325786296537254,-0.017426432171676498,0.4500050618254019,0.017147940980843112,leaning_forward
-0.6981798722530391,0.0,-0.22847643494606018,-0.5272123886425548,-0.18924274981122896,-0.3207761347293854,-0.5877434814320709,-0.1750539790838629,-0.06688681244850159,-0.1731150629242847,0.11565029865864501,-0.43594789505004883,-0.4293441891564636,0.18128934891001292,0.06848318129777908,0.08123512364066617,1.0324074150373694,-0.1404033601284027,-0.08123512364066617,0.967587153175494,0.14072032272815704,127.68457437924707,-127.77776444280525,-109.48134011429252,165.63134741072787,-0.39695024621266495,-0.09572062017229077,-0.3012296260403742,-0.0656390502513679,looking_down
-0.09875486825017481,0.0,-0.20545540750026703,0.012986097317044585,-0.02479633305264804,-0.2608397305011749,-0.024069259386333145,-0.040882605146050154,-0.119649738073349,-0.00691282364535946,0.33733030046842194,-0.30257338285446167,0.00811088253778941,0.22264975543522045,0.0022127486299723387,-0.004289071691433038,1.0487442852940507,-0.08691000193357468,0.004289071691433038,0.9512507159263377,0.08737263083457947,160.5924051120696,-91.12452914512748,-89.9523312570265,-82.53647901843563,-0.09935389769638978,-0.09995292714260474,0.0005990294462149752,0.11468054503320149,slouching
0.7364356629449478,0.0,-0.28699395060539246,0.6598096444278233,-0.07591105967664348,-0.0007805749191902578,0.5393425034592467,-0.11212837610414386,-0.28011205792427063,0.4819941534674017,0.20009461715473267,0.22856685519218445,0.06072640943272543,0.11531145436159482,-0.42113712430000305,0.135730869234211,0.9557875737175694,0.20984117686748505,-0.135730869234211,1.0442068224427214,-0.20944233238697052,34.48826325661287,-37.486144267704226,-72.14271702190041,-168.6208230178518,0.4650753814948842,0.19371510004482062,0.2713602814500636,0.08478316279313786,leaning_sideways
0.4725093758188571,0.0,-0.31580373644828796,0.42431259713533387,-0.09528404952619106,-0.12092223018407822,0.301034060152897,-0.11881839232322616,-0.3280999958515167,0.29492285240894967,0.1561132531819249,0.017638007178902626,0.11128938211465268,0.1698738972452739,-0.438865602016449,0.0737084344292363,0.9590089707718756,0.12243779748678207,-0.0737084344292363,1.0409868013131396,-0.12153882533311844,44.26436427309098,-59.421514396495084,-76.3603348995156,175.71452837463536,0.26940325855705594,0.06629714129525477,0.20310611726180117,-0.013760644063349009,leaning_sideways
0.521100945492969,0.0,-0.2534886598587036,0.44471659088230925,-0.0843089670667218,-0.04502229392528534,0.4024679468030408,-0.09549757489903571,-0.3320271968841553,0.27052983455456614,0.19290734490582523,0.15056827664375305,0.1281093439482853,0.2526481758321986,-0.48794350028038025,0.05237396107855705,0.9556640600429211,0.1787058413028717,-0.05237396107855705,1.0443325334841573,-0.17822597920894623,42.67614241910676,-54.34975010228125,-75.61637312636311,157.24351243709148,0.3217813562415433,0.12246176699011757,0.19931958925142573,-0.05974083092637339,looking_down
0.7756885616169592,0.0,-0.145205557346344,0.6664797879386479,-0.12770261431591132,0.004482099320739508,0.6284771732965447,-0.12781710589733108,-0.2718069553375244,0.4291682427136698,0.1040798888132341,0.18406186997890472,0.3241257374123732,0.15521164600143042,-0.43921056389808655,0.07268567755330034,0.9546495357430795,0.17792965471744537,-0.07268567755330034,1.0453457389186878,-0.17732667922973633,44.89922359519966,-43.544063481113405,-66.59932889093585,154.04447494949778,0.3990415715539377,0.02239458149091622,0.3766469900630215,-0.05113175718819632,leaning_sideways
-0.12506384182577432,0.0,-0.9730057716369629,-0.006002720314610629,-0.0473261531370939,-0.9423567652702332,-0.08037851533410591,-0.04326480742487711,-0.3694349229335785,0.1039312900009986,0.30798413139977815,-1.1021755933761597,-0.10319847665437872,0.23458205851210726,0.13355188071727753,0.07708635726941082,1.031732024102467,-0.30398914217948914,-0.07708635726941082,0.9682665106886422,0.31196659803390503,151.0469099596565,-97.8339559145739,-89.97119104118876,-160.48683245419818,-0.12543024849908427,-0.12579665517239422,0.00036640667330994193,0.0734020728876709,leaning_forward
1.3286253841789841,0.0,-0.12847702205181122,1.242436511384079,-0.23278887702697576,-0.0024253723677247763,1.2062188944555627,-0.2677532435082427,-0.21510860323905945,0.8822149328747829,0.0792399438572411,0.1524091511964798,0.7411375444081805,-0.040803294370061687,-0.318084180355072,0.0667820332973558,1.015875771588451,0.13743138313293457,-0.0667820332973558,0.9841160953283054,-0.13687695562839508,67.37660970035344,-33.14726004471758,-50.38937355805467,-139.60542483463604,0.5169491455375024,-0.2947270931039794,0.8116762386414818,0.12004323822730278,leaning_forward
0.10494216234163178,0.0,-0.17019784450531006,0.021969408988985226,0.029477731271064532,-0.05032624676823616,0.0080889411387949,0.043138646028763855,-0.26617127656936646,0.0011711215842474102,0.31937896981705044,0.10275658220052719,-0.032166003604106194,0.39054312075173986,-0.3923744559288025,0.013193843307896077,0.9483430708610436,0.15215034782886505,-0.013193843307896077,1.0516537855591344,-0.1516111195087433,-21.989581893728403,-84.52782265150226,-91.37630344706486,115.1009249730957,0.12043960335156118,0.13593704436149057,-0.015497441009929391,-0.07116415093468942,looking_up
0.9057338797048751,0.0,-0.15183793008327484,0.7951224907706598,-0.1334283443460881,-0.0037711053155362606,0.7195246813734225,-0.15445865032083975,-0.23819325864315033,0.539687405483523,0.1684047919711299,0.14345072209835052,0.3357763884926322,0.0956306485934395,-0.3737622797489166,0.1200356624785369,0.9870830552595904,0.14580149948596954,-0.1200356624785369,1.0129111496696466,-0.1451483815908432,44.124661037552805,-40.80997104097971,-63.237669826000094,-160.358940872247,0.4680019827167975,0.03027008572871992,0.4377318969880776,0.07277414337769039,leaning_sideways
-0.703796255361945,0.0,-0.1409606784582138,-0.599328953026994,-0.17676257656911953,-0.16357751190662384,-0.6669328573426244,-0.023704583252697257,0.051130857318639755,-0.31871534403890317,-0.00823379010122757,-0.24567735195159912,-0.46406968734845716,0.18819134136107638,0.20338426530361176,0.066245979339504,0.9712358664417807,-0.1292184442281723,-0.066245979339504,1.028760428382267,0.12943220138549805,125.18409487342592,-141.80248829504518,-113.27217797280392,126.50139325155554,-0.31240373966826485,0.07898877602541532,-0.39139251569368017,-0.19642513146230395,leaning_forward
0.57175529313944,0.0,-0.4888516068458557,0.5696364179285107,-0.05909124407312788,-0.1571534126996994,0.42760287786842505,-0.14212899416940972,-0.36747732758522034,0.47825043913427767,0.20701478338265106,0.04294838011264801,0.1545820357017135,0.1167831812630483,-0.5171138644218445,0.10324775422489693,0.9657452768418145,0.15564212203025818,-0.10324775422489693,1.034250882740415,-0.1547817438840866,53.98579591074202,-55.236097412972825,-69.31645418065305,-164.4227040281985,0.2553390557214444,-0.061077181696551186,0.31641623741799557,0.09023160211960275,leaning_sideways
0.7842255117762146,0.0,-0.12438469380140305,0.6832484577828675,-0.1687041674820223,0.029744300991296768,0.6508221192452545,-0.18218184450960512,-0.2469157874584198,0.4487950771083554,0.09278617963851737,0.19768014550209045,0.2977081997691447,0.04433851634364909,-0.3622923195362091,0.10298546661439675,0.9677174474990861,0.15906856954097748,-0.10298546661439675,1.0322763568958926,-0.15852460265159607,56.25836483447767,-39.71171268120385,-68.16265568523106,-162.22098239199542,0.4109738733374645,0.0377222348987144,0.3732516384387501,0.048447663294868284,leaning_forward
0.45389008684249565,0.0,-0.49910956621170044,0.43364058450924436,-0.044305899502872885,-0.20156042277812958,0.3151561752658907,-0.11386913584278802,-0.42973586916923523,0.3473118450506636,0.23558125820246123,-0.006329841911792755,0.06122440770122288,0.11574533861916073,-0.5197662115097046,0.10530085138046627,0.9673607867995989,0.13635535538196564,-0.10530085138046627,1.0326357372365946,-0.13425074517726898,44.85396391050548,-56.2638096180945,-76.0825898234807,-157.27223072476562,0.24962196046655244,0.045353834090609224,0.20426812637594322,0.1198359195833005,leaning_sideways
0.15673333756107308,0.0,-0.3247004747390747,0.08564224647633026,-0.049320433833999526,-0.08112756907939911,0.029176271035309665,-0.048284949588311483,-0.3476555049419403,0.05444946433320096,0.2472274824385285,0.13403348624706268,-0.09574902791689835,0.3005103780053984,-0.46740007400512695,0.05014898002217304,0.9567298708734319,0.1840725839138031,-0.05014898002217304,1.0432673967354302,-0.182232066988945,26.167103833113867,-76.40057711246153,-91.62894665478372,160.46786610829753,0.17738311935292178,0.19803290114477048,-0.020649781791848693,-0.05328289556686994,good_posture
0.43681469761534436,0.0,-0.2524273097515106,0.35456576846718113,-0.09909083978926551,-0.07034628093242645,0.2917746229852394,-0.10189192746175886,-0.33072710037231445,0.23941728878489066,0.19845884138903003,0.11589941382408142,0.030282251562193472,0.27361495264240965,-0.48101821541786194,0.07134331431586653,0.9352416523868,0.16741769015789032,-0.07134331431586653,1.0647548034031682,-0.1669069230556488,41.48507059195251,-60.76872734870186,-79.9896153124006,160.23326629851664,0.30196492744180226,0.16711515726826018,0.13484977017354208,-0.07515611125337962,looking_down
-0.5430397416282199,0.0,-0.014349103905260563,-0.44916527972080394,-0.11104271106203238,-0.19348035752773285,-0.45646870353974783,-0.10837286786299853,0.10123037546873093,-0.24083455118661518,0.17114499799039012,-0.36967387795448303,-0.24756500777317172,0.12575132100324296,0.27934378385543823,0.018515406927395534,1.060530465743455,-0.21500395238399506,-0.018515406927395534,0.9394657674873368,0.2152523696422577,129.43358737668157,-128.94186409607678,-106.00135276527459,-98.4337216374073,-0.2988399621483264,-0.054640182668432985,-0.24419977947989344,0.045393676987147163,leaning_forward
0.6076476779432016,0.0,-0.40194040536880493,0.6059187031847374,-0.04049293763133169,-0.13598211109638214,0.45885201623013483,-0.11154503102828087,-0.3275659382343292,0.4236975772762633,0.24123607205288286,0.04342877119779587,0.19016749587731557,0.19594964806780324,-0.43167227506637573,0.10192998211575091,0.9493387418777653,0.14179371297359467,-0.10192998211575091,1.0506571079851748,-0.1409691870212555,45.28657482074733,-52.574840517643054,-68.55531428464062,-169.02535175766192,0.3007151413664122,-0.00621739521037723,0.3069325365767894,0.04528642398507962,leaning_sideways
-0.11860247046453339,0.0,-0.05765491724014282,-0.03605229701799795,-0.0214486303292009,-0.14422224462032318,-0.041418932828089804,-0.02060744725836081,0.006478560622781515,-0.002371078372692078,0.26214079890384756,-0.23145928978919983,0.02819534436593382,0.25333699509891056,0.12857641279697418,-0.0071398933899132835,1.0112039195233904,-0.11831321567296982,0.0071398933899132835,0.9887920329509554,0.11853926628828049,165.2494293912659,-100.49629412200855,-89.00339903618088,-16.06756725235988,-0.13151460346115426,-0.14442673645777512,0.01291213299662087,0.008803803804937005,good_posture
-0.17076951509885144,0.0,-0.33430397510528564,-0.04693369039571638,-0.031212012931420185,-0.44917112588882446,-0.09103115252513665,-0.04342543940068753,-0.10088799148797989,0.012066827807607332,0.27432167816531877,-0.6043897271156311,-0.05501535033417761,0.24863356127545674,0.16410735249519348,0.024272022286952022,1.0263725816777363,-0.21583785116672516,-0.024272022286952022,0.9736248368293096,0.21831095218658447,159.86528844402113,-99.03431679432875,-91.66554208236548,-159.04640579103454,-0.1492952538355663,-0.12782099257228116,-0.021474261263285138,0.025688116889862028,looking_down
0.5066621726616976,0.0,-0.23197898268699646,0.4663461595587234,-0.09133094762160231,-0.00017378060147166252,0.4157327635624779,-0.14685312545645837,-0.26790541410446167,0.3101964457997823,0.15467996293820482,0.18701280653476715,0.14623075754519735,0.09300603127758855,-0.40531134605407715,0.06355699390491094,0.9698740527585455,0.17483453452587128,-0.06355699390491094,1.0301221894957997,-0.1737491488456726,61.144128967784894,-48.77966922059904,-75.4004723868324,-159.38674931446576,0.2784485709892077,0.05023496931671789,0.22821360167248983,0.06167393166061627,leaning_sideways
0.37656793486120926,0.0,-0.2836662828922272,0.3634184864700391,-0.14021825160654575,-0.13855139911174774,0.28290182260007807,-0.2022471453818686,-0.23777525126934052,0.2925352972488714,0.03952921971663784,-0.01084006205201149,0.057477086407784664,-0.01000835636823836,-0.2874334156513214,0.08139082364100089,0.9399352250456384,0.07601965218782425,-0.08139082364100089,1.0600597262113702,-0.07548017054796219,72.67720769487886,-51.460711620410265,-79.92769241251212,-168.0992900889633,0.20156174303288124,0.02655555120455322,0.17500619182832802,0.049537576084876196,leaning_sideways
0.29710351662648804,0.0,-0.07869234681129456,0.23265886326227592,-0.11302018064172248,0.018923074007034302,0.22794149281888618,-0.11627262313986514,-0.19751954078674316,0.08415921530718747,0.13150130194399137,0.14914275705814362,0.08121134527314315,0.16492070738445258,-0.3173462152481079,0.007881215602806463,0.9625108128706391,0.1433323472738266,-0.007881215602806463,1.0374854559296398,-0.14313381910324097,59.77106256168033,-60.682398202141535,-84.45551561106032,95.04091822453701,0.21441823633632273,0.13173295604615742,0.08268528029016531,-0.03341940544046121,looking_down
0.1584566380638323,0.0,-0.3958880603313446,0.3163400248531972,0.0368632474324027,-0.4400865435600281,0.24866861311049543,-0.023211808019998476,-0.24261270463466644,0.28400001380512707,0.4779199707959789,-0.5080485939979553,0.19598636520348542,0.22547679740997154,-0.07507181912660599,0.0111717702746734,1.1164104825755692,-0.13675495982170105,-0.0111717702746734,0.8835860416165325,0.13781605660915375,-176.85047764046854,-82.97281774033046,-69.68602479171703,-109.22097483935654,-0.08153655144047395,-0.3215297409447802,0.23999318950430626,0.2524431733860074,slouching
-0.2380117245736875,0.0,-0.03406619653105736,-0.12401459007735043,-0.062022488654940186,-0.1854524314403534,-0.15731374294483091,-0.042635990010821835,0.12359311431646347,0.026240196224819226,0.18959637594639064,-0.35366442799568176,-0.05759209077498165,0.2054069313363115,0.28620055317878723,0.028376850609892534,1.0301834610312817,-0.19206194579601288,-0.028376850609892534,0.9698131486899897,0.1925165355205536,151.73972061306634,-116.57840128118461,-91.11907184162389,169.31961319711348,-0.2223357772986063,-0.2066598300235251,-0.01567594727508121,-0.01581055538992085,leaning_forward
0.517855355815265,0.0,-0.1389150619506836,0.43825093813097654,-0.08019657108892655,0.04129092022776604,0.40112931865789136,-0.10048552860657771,-0.27793875336647034,0.281799972334724,0.22010888426356914,0.2596847712993622,0.13015106054481201,0.2205286092911127,-0.45570018887519836,0.055391619374665,0.9702842578618633,0.2054203897714615,-0.055391619374665,1.0297124388345373,-0.20503319799900055,42.623234666766116,-55.474447900133846,-75.20169806709387,179.84142048272048,0.311879839375497,0.10590432293572902,0.205975516439768,-0.00041972502754356045,looking_down
0.22651372336495607,0.0,-0.4211049973964691,0.4651223099941585,0.013453184133652112,-0.5131056904792786,0.4233353333835536,-0.019936802808530517,-0.27095696330070496,0.3301182180312677,0.4293870784159365,-0.5559820532798767,0.41289103497331764,0.2380550484185574,-0.08156108856201172,-0.044462085196400436,1.093835438661945,-0.15919792652130127,0.044462085196400436,0.9061585929382323,0.1601894348859787,179.1469205905899,-77.82107965810138,-60.85667384225679,-66.60604003939356,-0.1449909031373366,-0.5164955296396292,0.37150462650229266,0.19133202999737908,slouching
0.05372445763443225,0.0,-0.2502904534339905,0.1880392895701411,0.04068471909572159,-0.34118807315826416,0.14325956414739982,-0.006593332138942687,-0.08082525432109833,0.16539245387670296,0.41570807549576533,-0.4599449634552002,0.10246778428823895,0.25646446606600837,0.08812370896339417,0.014776240591857769,1.07870551868073,-0.16365008056163788,-0.014776240591857769,0.9212914446640657,0.1646958440542221,-171.34063741068712,-84.32225906780309,-78.59486389140913,-111.56131618772996,-0.0802056614480387,-0.21413578053050966,0.13393011908247096,0.15924360942975696,looking_up
0.03842563893368816,0.0,-0.3430478572845459,0.16873873154466645,-0.008959660538048067,-0.3846696615219116,0.09412503105923575,-0.016236338185963373,-0.16130295395851135,0.1684688454717896,0.3972122140597933,-0.48643097281455994,0.05738212631859882,0.2686688996204019,0.03311709314584732,0.025880064916469055,1.0797705063726728,-0.1591055989265442,-0.025880064916469055,0.9202261556716028,0.159916952252388,172.28604832617177,-86.93427485070522,-80.3915572019571,-130.833470671081,-0.07449984696150605,-0.18742533285670027,0.11292548589519422,0.12854331443939138,good_posture
-0.4205005664884037,0.0,-0.07095678895711899,-0.3325177446352823,-0.09235411646615947,-0.2130560725927353,-0.3489499177350366,-0.09145289461476852,0.008041569031774998,-0.18808374820066337,0.2413708160678403,-0.31994137167930603,-0.18734027820691104,0.12097513664041036,0.15736468136310577,0.013206334853605589,1.0552444223475363,-0.16567805409431458,-0.013206334853605589,0.9447516508913508,0.16627630591392517,130.9560224047718,-119.26463485434026,-102.9117035531574,-89.64619036507628,-0.23278855328461653,-0.04507654008082934,-0.1877120132037872,0.12039567942742994,leaning_forward
0.4888884804736243,0.0,-0.23638781905174255,0.421160502848728,-0.09266910727642591,-0.06455869972705841,0.36040431771344816,-0.1043677550373741,-0.2957620322704315,0.3177199785611576,0.1586432239724859,0.07604485005140305,0.12469718039691924,0.16905326608210555,-0.4041750133037567,0.0696621085747408,0.954435541379598,0.12396200746297836,-0.0696621085747408,1.0455604567294583,-0.12318767607212067,45.12016055015248,-57.12445152118992,-75.18153633129238,176.91293357249043,0.26767990099458594,0.04647132151554753,0.2212085794790384,-0.010410042109619655,leaning_sideways
-0.03972817976424904,0.0,-0.3338201344013214,-0.11034298187235855,-0.05869754626243118,-0.165058895945549,-0.17247252028413945,0.005396168518097516,-0.32351154088974,-0.12272196279857832,0.24823126708413573,0.004855614621192217,-0.14590343724238972,0.37616922296541955,-0.3871549069881439,0.007940135659975516,0.9469505163675286,0.11798139661550522,-0.007940135659975516,1.0530458289947835,-0.11717662215232849,14.687110415478752,-91.1995159146107,-101.04962486672166,100.2701740050172,0.09458452025623497,0.228897220276719,-0.134312700020484,-0.12793795588128382,slouching
-0.035176666045426325,0.0,-0.3062132000923157,0.11489594161032043,-0.009421508677885621,-0.5072094798088074,0.08509752221380446,-0.038436042573121755,-0.1831560581922531,0.2101429256284957,0.35028519910313727,-0.6350350379943848,0.19221431080787965,0.20889471574319832,0.03406733274459839,0.01653808947490019,1.074155384618625,-0.21668629348278046,-0.01653808947490019,0.925841329991324,0.21890686452388763,169.96133833199883,-108.4364736629133,-74.3972717092213,-97.2266597580546,-0.236355284263614,-0.4375339024818017,0.20117861821818767,0.14139048335993895,looking_down
-0.2753771816651772,0.0,-0.06703358888626099,-0.18748738888294644,-0.0012903429316939562,-0.1608085036277771,-0.19190109598866073,-0.01542330767406211,-0.01957646571099758,-0.13912668198181202,0.27607563937341184,-0.23194609582424164,-0.07753798410555855,0.2449160629605466,0.10043884813785553,-0.025861292187705772,1.026670238891996,-0.10941996425390244,0.025861292187705772,0.9733254836209307,0.10974504798650742,174.42944879861295,-106.8371991852728,-98.33418578708533,-26.83622193190395,-0.16704484862149194,-0.05871251557780664,-0.1083323330436853,0.031159576412865236,looking_up
0.5422794510833042,0.0,-0.23165035247802734,0.4579850374836374,-0.0859841714328582,-0.013893884606659412,0.4165461532121685,-0.09641863695966058,-0.2737016975879669,0.30216956319650073,0.2141244958240456,0.1968514323234558,0.1608629965697464,0.23408369990024827,-0.4434790015220642,0.056147886904321515,0.9580119442273066,0.18114399909973145,-0.056147886904321515,1.041984945065264,-0.1786992996931076,40.9733415594671,-56.87396189688742,-73.38561495165762,171.96029725940733,0.31076317120018065,0.07924689131705709,0.23151627988312357,-0.019959204076202663,looking_down
0.007002071489789606,0.0,-0.7874992489814758,-0.05188591225783461,-0.06072085372734142,-0.46685582399368286,-0.24418440981546788,0.018754239869234905,-0.6800153255462646,-0.015198236030875473,0.20235047296306097,-0.16217029094696045,-0.20327687790132473,0.4120819087996171,-0.7285146713256836,0.06100251310586476,0.921766011300482,0.19626638293266296,-0.06100251310586476,1.078229513302116,-0.1954832822084427,7.707784884285375,-96.74184507114101,-98.96060251237093,131.88446624440246,0.11623962845588971,0.2254771854219898,-0.1092375569661001,-0.20973143583655612,good_posture
0.0035100899881782867,0.0,-0.21802440285682678,-0.03838578645647297,-0.04026174745881799,-0.023130876943469048,-0.08937688240423809,-0.046580050871586495,-0.2610896825790405,-0.06150980873012563,0.22048040531275626,0.15821179747581482,-0.14292340872382556,0.28656134225606633,-0.3941020369529724,0.03164221106747089,0.9336544781637981,0.16061751544475555,-0.03164221106747089,1.0663428099852692,-0.16005663573741913,32.794046484393,-82.64378556066838,-97.79712750258076,140.93481481560724,0.10572669871515387,0.20794330744212947,-0.10221660872697559,-0.06608093694331008,good_posture
-1.0072950043586004,0.0,0.291650652885437,-0.8334292751151736,-0.05814573753427165,0.28891682624816895,-0.8618944906900486,0.013057457299003164,0.380361944437027,-0.4532202593480845,0.055116624755164094,0.15873906016349792,-0.5602032433868837,0.1406686137369817,0.3864772915840149,0.05985575865330873,0.9850976517406311,-0.04768463969230652,-0.05985575865330873,1.0148924408455111,0.047125399112701416,171.96157981386148,-160.54481127727507,-119.32296162622222,141.3514266283388,-0.5005832529911163,0.0061284983763678635,-0.5067117513674841,-0.0855519889818176,slouching
0.17188875231067632,0.0,-0.0763842761516571,0.10356319312477875,0.020152988801161648,0.02759869396686554,0.10743250633045415,0.02669795428865134,-0.2049642652273178,0.05167467966668026,0.3081517752108555,0.17500992119312286,0.08089861611979324,0.35570639797510767,-0.332872211933136,-0.000365669771186601,0.984940011652238,0.15555277466773987,0.000365669771186601,1.0150569602526307,-0.15490178763866425,-19.434960757079722,-82.75647267769683,-84.3335903778183,58.42785753319016,0.10560210441743957,0.03931545652420282,0.06628664789323675,-0.04755462276425215,looking_up
-6.125707790997799,-0.0,0.12213819473981857,-6.12410147629051,1.0973080226856329,0.20747260749340057,-6.077778453254683,1.2385723292195017,0.11026616394519806,-4.291779109831103,0.8665962398473629,0.2726918160915375,-4.681509018867401,1.042337144905455,-0.010433305986225605,0.22333134671872557,0.8402086250861803,0.09730147570371628,-0.22333134671872557,1.1598306885371723,-0.09762103855609894,-91.21485609400602,172.46694970510174,-179.41829507935375,155.72795853948938,-1.6390637266485468,2.8475803377007054,-4.486644064349252,-0.17574090505809215,looking_up
-0.1556547456118874,0.0,-0.12144725769758224,-0.06840546259559695,-0.012953380510842775,-0.19315415620803833,-0.08968082216204806,-0.03181754531321687,-0.006421243771910667,-0.04485770083979921,0.3234753721556879,-0.2887631058692932,-0.03049005958029333,0.27450075139621477,0.16055607795715332,-0.009882565138399609,1.0331005133614855,-0.1434650868177414,0.009882565138399609,0.9668955062060265,0.1440107524394989,163.71194569237804,-97.33514223188821,-93.07624705955368,-73.64994064117005,-0.11798086540184113,-0.08030698519179486,-0.03767388021004627,0.04897462075947312,good_posture
0.017277734774190645,0.0,-0.31747865676879883,-0.0052173905540902395,-0.05518275890726449,-0.14900921285152435,-0.07961236643647375,-0.037168913813387466,-0.35879841446876526,-0.03630177954599865,0.24718490357309872,0.024711744859814644,-0.10349245476284533,0.34034645919119644,-0.43518519401550293,0.023252431372280793,0.9513489817455397,0.133985698223114,-0.023252431372280793,1.0486479427496378,-0.13301746547222137,37.72411336219149,-85.37803075272421,-95.65225798582637,125.8001789098069,0.08717485192861263,0.1570719690830346,-0.06989711715442198,-0.09316155561809772,good_posture
0.09802951705722447,0.0,-0.35857754945755005,0.232835542737789,-0.006126608129797172,-0.4251357614994049,0.18377422509997698,-0.03476811206326302,-0.1969168484210968,0.2431794983233016,0.4483242248548615,-0.4992329478263855,0.15703855799523672,0.23711737261437943,-0.038320448249578476,0.015082713187820652,1.0920339200650078,-0.13937290012836456,-0.015082713187820652,0.9079625985657138,0.14038248360157013,169.49546470084036,-88.70718773882729,-73.06705701825717,-112.18814374374405,-0.10207951110204468,-0.30218853926131384,0.20010902815926915,0.21120685224048208,slouching
0.09790901484545209,0.0,-0.3382342755794525,0.2226534501194297,-0.016530506952297342,-0.3786237835884094,0.15883574046963372,-0.03574510610299101,-0.04546144977211952,0.26208743250030364,0.29493713666195004,-0.5142001509666443,0.12808921426630215,0.21262986618262972,0.24124543368816376,0.047969645642475967,1.0771372023273191,-0.20358912646770477,-0.047969645642475967,0.9228600006792288,0.20805498957633972,164.27546392013429,-90.88902597355434,-75.34868395130265,-148.44002623431874,-0.09717930853785081,-0.2922676319211537,0.1950883233833029,0.08230727047932032,slouching
0.14860085324850883,0.0,-0.22048018872737885,0.011693116266743221,-0.046158362057436994,0.01688598282635212,-0.051045766669528245,-0.03211191114449426,-0.3159724473953247,-0.02171945125188042,0.23326937808938397,0.28895044326782227,-0.22162124223175558,0.28741752364199213,-0.5139860510826111,0.07250519730750246,0.9372538554660587,0.24058888852596283,-0.07250519730750246,1.0627417761053481,-0.2401999533176422,13.092186702088542,-71.1925947084942,-99.34128333500801,164.8437751059426,0.27027119999032684,0.3919415467321449,-0.12167034674181801,-0.05414814555260816,good_posture
0.5149673773040416,0.0,-0.18199852108955383,0.43269296162081883,-0.0880886314976465,0.022899996489286423,0.39204680592211455,-0.10608682955033313,-0.29157915711402893,0.2774147289299705,0.21814703317317782,0.23096002638339996,0.1314971493773916,0.2191106684197476,-0.45906245708465576,0.059894927236867276,0.9743381263973243,0.1978335976600647,-0.059894927236867276,1.0256586709250455,-0.19661842286586761,43.419482009234606,-56.633251059796414,-75.33654025956878,179.6216259194913,0.3105114381503606,0.10605549899667954,0.20445593915368104,-0.0009636352465697828,looking_down
-0.13977923607325324,0.0,-0.26383864879608154,-0.005860361659427856,-0.04723799924357889,-0.4265662133693695,-0.05172733460824127,-0.06478541038005454,-0.14506779611110687,0.10733884946534922,0.2936424869086076,-0.5174035429954529,0.038446529100392805,0.1829689066848275,0.03367219865322113,0.03482895662385645,1.0826924008907466,-0.17153885960578918,-0.03482895662385645,0.9173044864187984,0.1752006709575653,153.22100014179392,-109.06000945552366,-84.5335392021604,-121.90152379049553,-0.21267192535612425,-0.2855646146389953,0.07289268928287101,0.11067358022378013,looking_down
0.6979341853895704,0.0,-0.20440027117729187,0.6681114207832265,-0.04302997872649395,-0.02612445317208767,0.5744148896031166,-0.14640122734622282,-0.21842092275619507,0.49572568278737333,0.25951741756503033,0.10674499720335007,0.32781736004496387,0.07662534520151132,-0.29582515358924866,0.06631791380024994,1.0110352262721607,0.14525321125984192,-0.06631791380024994,0.9889599795634787,-0.14525777101516724,51.010287067512095,-51.438434149787746,-63.66635786186314,-132.55420999962442,0.2861626639734018,-0.12560885744276684,0.41177152141616863,0.182892072363519,leaning_sideways
0.7277940498828646,0.0,-0.1312456727027893,0.6113595059098454,-0.10151557870593779,0.04787267744541168,0.5613749203197823,-0.11636060920683615,-0.23030002415180206,0.424384637887747,0.21179239374991726,0.22620974481105804,0.24126996757188982,0.11999973861672564,-0.4027880132198334,0.08055070666183786,0.9817400829348639,0.17877410352230072,-0.08055070666183786,1.0182554268586488,-0.17843233048915863,37.606298045945515,-47.307854984324564,-68.24677211402705,-153.37607463435882,0.39496674715304614,0.06213944442322772,0.3328273027298184,0.09179265513319163,leaning_sideways
0.11185977340440184,0.0,-0.08246321231126785,0.03893648072326573,-0.00972444386982003,0.03723035007715225,0.02294876525822353,-0.0002207995353102992,-0.1313961148262024,-0.01193188989648364,0.25949694025914977,0.17300006747245789,-0.0023848933132443457,0.2919148610594862,-0.24777716398239136,-0.0044498262455397765,0.9750211733825177,0.1260201334953308,0.0044498262455397765,1.0249748412473945,-0.1256786435842514,3.516589388597999,-82.2695731874305,-90.5662525793143,73.590430633635,0.11901816500926583,0.12617655661412983,-0.007158391604863993,-0.03241792080033645,looking_up
0.8558423949536276,0.0,-0.1462266743183136,0.7281360529947696,-0.11690131454931568,-0.01089626643806696,0.689861997406406,-0.13778666301299747,-0.23375491797924042,0.4908501477209935,0.15512788449668732,0.13832825422286987,0.3317219910637927,0.11308571750583858,-0.36668333411216736,0.08253047644629263,0.9824903338630593,0.15108348429203033,-0.08253047644629263,1.0175043901312733,-0.15079034864902496,40.93214501481784,-41.28952379669243,-64.59292690058555,-165.2004394027447,0.4445563255612345,0.03327025616884138,0.4112860693923931,0.04204216699084874,leaning_sideways
-0.5997786694721439,-0.0,0.0773378312587738,-0.5626061404189215,-0.2867216089060921,-0.04182006046175957,-0.571934452859307,-0.24478173185056043,0.14923186600208282,-0.3387237825029131,-0.2289374787456357,-0.16212151944637299,-0.32343587658153267,-0.22663693003952598,0.23740476369857788,0.001761204423824616,0.9999811645058233,-0.12281641364097595,-0.001761204423824616,1.0000256886196313,0.12308701127767563,96.97412240355203,-170.8685740416285,-105.09114727673915,8.55775074892599,-0.268698839929921,0.062380989612301874,-0.33107982954222287,-0.002300548706109712,looking_up
-0.4415691553863768,0.0,-0.06777951866388321,-0.32109097133272846,-0.0733866074562215,-0.2091543972492218,-0.34681334925147983,-0.06194155400485309,0.05679723247885704,-0.1987956270334247,0.2753421027977522,-0.32453519105911255,-0.21286697602185378,0.1935143951987713,0.21843712031841278,0.01857243787850476,1.0447625308064097,-0.15866515040397644,-0.01857243787850476,0.9552338392617613,0.15926006436347961,147.84041169532904,-112.98236372680309,-105.04869033507906,-99.75732964288072,-0.23573785385873758,-0.029906552331098346,-0.20583130152763923,0.08182770759898086,leaning_forward
0.15231342042145857,0.0,-0.129649356007576,0.06657216238613,-0.043367335224566955,0.0023332410492002964,0.05103485537980351,-0.037770827824803885,-0.28763559460639954,0.001344002884975399,0.2723220920331422,0.1662573665380478,-0.016818868585854387,0.2963782725036418,-0.41897451877593994,0.014110374262553628,0.990656575005376,0.17383158206939697,-0.014110374262553628,1.0093399789707134,-0.17310552299022675,23.45351113985163,-78.42629829092994,-90.61944547477218,127.05349510275629,0.16005085327189805,0.16778828612233754,-0.007737432850439494,-0.024056180470499566,good_posture
0.06888184873496576,0.0,-0.3151780068874359,0.19335698695653486,0.05525096936434164,-0.40335509181022644,0.159776835963688,0.009629591311929205,-0.14433583617210388,0.14704897943200632,0.44015258396412343,-0.51015704870224,0.09386438509572839,0.258766509196159,0.041207682341337204,0.013145853790623238,1.0661753076428457,-0.1598772406578064,-0.013145853790623238,0.933821790296198,0.16200363636016846,-163.2349965205378,-79.96298809767296,-79.5096728585005,-106.3417762160003,-0.05157483352890159,-0.17203151579276893,0.12045668226386735,0.18138607476796442,looking_up
0.8033882769900493,0.0,-0.40533730387687683,0.8253314708272036,-0.05992276503199427,-0.2613086998462677,0.6950926491714784,-0.29867585501767663,-0.3384309411048889,0.7184543056174109,0.2352318270128312,-0.1302541196346283,0.3236938131464006,-0.2030378923792264,-0.3518398404121399,0.13435347873399528,1.0950951711964938,0.05637817829847336,-0.13435347873399528,0.904896948719541,-0.055917542427778244,76.46064950279617,-39.25177233560973,-62.094255574638716,-132.01015415296686,0.28231421760814357,-0.2387598417737622,0.5210740593819058,0.4382697193920576,leaning_sideways
0.08904827571476434,0.0,-0.3627704381942749,0.06107431568622106,-0.06792145697567754,-0.22130991518497467,-0.017081089126979438,-0.04615566866226474,-0.39385491609573364,0.010594428859291405,0.2494918304845676,-0.0757894515991211,-0.07316815632931,0.35181981964596976,-0.43068525195121765,0.028478333740397512,0.9377584021442944,0.10625775903463364,-0.028478333740397512,1.0622378730823325,-0.10556906461715698,40.3866792522321,-81.52731264948498,-92.56156493380605,129.3027146438066,0.12033513944977364,0.15162200318478294,-0.031286863735009295,-0.10232798916140215,good_posture
0.7820879201118524,0.0,-0.24352604150772095,0.5703553782271108,-0.0920550979205909,-0.1375034600496292,0.5025115896174641,-0.056077439551485427,-0.36860328912734985,0.2283030574248604,0.11309561944220319,0.028113016858696938,0.18692532204112178,0.3879117063340302,-0.43203040957450867,0.04575209672279772,0.89803516886215,0.14751507341861725,-0.04575209672279772,1.1019575620514386,-0.1468336582183838,16.778370392618623,-44.627378140888084,-74.51693397849482,98.56243320376224,0.5744737303788613,0.36685954064587023,0.2076141897329911,-0.274816086891827,looking_down
-0.25000878984940084,0.0,-0.267132043838501,-0.14320092825233668,0.027877918351483604,-0.41113990545272827,-0.15064561037305252,-0.024868092229437005,-0.14427410066127777,-0.1308854726901341,0.39655761658274996,-0.48615193367004395,-0.08037671647417022,0.15169753693476243,0.0425703302025795,0.002038990708735518,1.1035029480195562,-0.15818944573402405,-0.002038990708735518,0.8964935274112407,0.15882326662540436,-179.16361636646042,-98.61271240936786,-98.27975056496635,-78.34473086873135,-0.1443776952672487,-0.03874660068509654,-0.10563109458215215,0.24486007964798753,leaning_forward
0.17960803668460823,0.0,-0.17615342140197754,0.05898964422244978,-0.015784688005346534,0.013763265684247017,0.010444998496532827,-0.0008295775111870118,-0.33010900020599365,0.0213837573726403,0.27611714952175026,0.25153684616088867,-0.08071998189573949,0.3208486923100357,-0.5227231979370117,0.039897159035135576,0.9676347405517574,0.21934224665164948,-0.039897159035135576,1.0323610600061084,-0.21838758885860443,3.281391417833546,-78.14746133774968,-92.42168067222228,156.34182371215437,0.20927614894615781,0.2389442612077074,-0.029668112261549598,-0.04473154278828545,good_posture
0.8082761570903043,0.0,-0.032256416976451874,0.7131300571505576,-0.16030159725399865,0.11068721860647202,0.7108574269110072,-0.13286648127803252,-0.24418829381465912,0.46058842231239894,0.04810960926615708,0.30872341990470886,0.5058598718745435,0.17233491278524524,-0.40447500348091125,0.023589631742770404,0.9441331359292792,0.21091188490390778,-0.023589631742770404,1.0558627624777328,-0.21061311662197113,56.70144761961833,-48.30453662052905,-61.494262898054004,69.97673326587436,0.3250520099968331,-0.15817213709663813,0.4832241470934712,-0.12422530351908816,leaning_forward
0.6200576803439114,0.0,-0.08081047236919403,0.5243620150564445,-0.10850407053229423,0.014028023928403854,0.5200483129510728,-0.10821825872034382,-0.2018766850233078,0.34880904656027517,0.2034275317747429,0.14071299135684967,0.34166245176945753,0.24073778332385234,-0.2895878255367279,0.017573336857004018,0.9859773681479957,0.12476105988025665,-0.017573336857004018,1.0140175020028421,-0.12466365098953247,47.91726911553612,-61.82869382677094,-66.06852588236904,100.84338444181319,0.274821931179045,-0.07041381798582136,0.3452357491648664,-0.03731025154910944,leaning_forward
0.19845973732892555,0.0,-0.3638004660606384,0.35982793276296887,0.048065678760432086,-0.4361535906791687,0.3003416527723614,-0.012256881072198668,-0.20974895358085632,0.31941557536744375,0.4715424507165891,-0.5257068872451782,0.22850024532278895,0.25430505055540353,-0.03636583313345909,0.012234381309437133,1.118225219694605,-0.15003472566604614,-0.012234381309437133,0.8817713211220749,0.15111134946346283,-172.25384004768367,-80.76020619076945,-66.73109088270427,-112.70964185960733,-0.0754981730161908,-0.3494560833613072,0.27395791034511635,0.2172374001611856,slouching
0.7793631765263536,0.0,-0.17237162590026855,0.6196781533515663,-0.07687362611810505,0.0024121287278831005,0.5967206826053725,-0.07423752761786813,-0.36992835998535156,0.23323389052607177,0.13730503810625402,0.23088663816452026,0.22880418078230408,0.2107144050896999,-0.5443707704544067,0.024107693849558107,0.9515640187947658,0.2356739640235901,-0.024107693849558107,1.0484304872432548,-0.235386461019516,23.81775417518234,-33.49102575371876,-74.3743164411352,93.45318727472893,0.5483441408721657,0.31732510521797774,0.23101903565418794,-0.07340936698344588,looking_down
0.4098505903963448,0.0,0.02648922987282276,0.2517428732494107,-0.08249173727818886,0.21799655258655548,0.18950278734030693,-0.07927847434369363,-0.048598211258649826,0.11302404136690032,0.17532558416872562,0.4018656611442566,-0.13641909049641662,0.20659361287490544,-0.28260254859924316,0.10746953071204794,0.9624221252774638,0.1960311383008957,-0.10746953071204794,1.0375727449933627,-0.19525638222694397,23.144208802612795,-49.482571986468045,-90.8283569207148,172.8551643875986,0.42154811496110295,0.4332456395258611,-0.011697524564758146,-0.03126802870617981,looking_down
-0.5539399398810805,0.0,-0.04341984912753105,-0.45796656852673495,-0.09769846287758865,-0.16862352192401886,-0.4841410754721988,-0.08395109373782797,0.0576685406267643,-0.2370235293800256,0.160121801575712,-0.3049505949020386,-0.29281882826116923,0.11514596112020696,0.1847444772720337,0.040451810114396,1.0428035777327107,-0.16191338002681732,-0.040451810114396,0.9571919120237011,0.16234737634658813,132.38337958810934,-132.05916115797095,-107.07713991852037,-141.1281794399162,-0.2890187610604831,-0.024097582239885673,-0.2649211788205974,0.044975840455505026,leaning_forward
0.014616475978057427,0.0,-0.16391874849796295,0.12406171438398737,-0.03226661801686848,-0.2374998927116394,0.08472571484602633,-0.03836111155138385,-0.06241173297166824,0.11579822874770886,0.2756238247652022,-0.30929329991340637,0.1080831042370429,0.22111200949469123,0.0785645842552185,0.0032215146782769125,1.04159306630461,-0.11614154279232025,-0.0032215146782769125,0.9584021495180368,0.11667521297931671,158.52781134587173,-91.52391358613451,-81.52916716859852,-98.05563900043533,-0.09732419051431844,-0.2092648570066943,0.11194066649237587,0.054511815270510966,slouching
-0.5607229285866303,0.0,-0.38556692004203796,-0.38322417311644785,-0.16768807175938555,-0.4446737766265869,-0.4421990352615636,-0.17152122296284328,-0.21669545769691467,-0.07239455152567716,0.15418523289969405,-0.5038121938705444,-0.310375681132936,0.10147753398348071,-0.05080176517367363,0.07948191076498441,1.0596362741252847,-0.1270725280046463,-0.07948191076498441,0.940358386097599,0.12735217809677124,131.11069496335824,-126.65347313689357,-102.37662383794957,-167.51180662555183,-0.3693378122573237,-0.1779526959280171,-0.1913851163293066,0.05270769891621334,looking_down
-0.5588070868504007,0.0,-0.05953310430049896,-0.42794075402941223,-0.11574711329409391,-0.16525788605213165,-0.47279025745745495,-0.09139186457604186,0.08150945603847504,-0.26121465896924423,0.22043205777443692,-0.3135838508605957,-0.32957573151678177,0.23319979964221618,0.2672399580478668,0.041001912069408536,1.0247846745067155,-0.17340707778930664,-0.041001912069408536,0.9752114817472259,0.17395475506782532,136.3164463292,-115.12935630164868,-110.9094185911015,169.42080054822392,-0.2634118916073877,0.03198330363562529,-0.295395195243013,-0.012767741867779264,leaning_forward
-0.26457710405841905,0.0,-0.12920811772346497,-0.1617245698305882,-0.022485827942543203,-0.22485682368278503,-0.17144962583292697,-0.0432381740792414,-0.05370400846004486,-0.18745277870669597,0.30703064195621865,-0.29468679428100586,-0.10584198080906895,0.20845877878136027,0.04626569524407387,-0.0053342883465043785,1.0243488672259533,-0.08149327337741852,0.0053342883465043785,0.9756463037165642,0.08180493116378784,161.46056917507354,-93.92514635727419,-101.17603193838022,-50.3775555637703,-0.11792972430053661,0.028717655457345836,-0.14664737975788245,0.09857186317485839,slouching
0.8477790713784816,0.0,-0.09004946798086166,0.6953434461231746,-0.11519060413030863,-0.1688438355922699,0.7236258223131506,-0.0671840772151334,-0.11752615123987198,0.4216758135029609,0.1787740034918702,-0.16278205811977386,0.42976763584843325,0.26380612941437465,-0.0553351528942585,-0.0033623745628046926,0.9501630907375042,-0.035432688891887665,0.0033623745628046926,1.0498305097974576,0.03549225628376007,33.399699913482884,-47.75719255467573,-61.334416513946046,84.56399196524431,0.42205734670278455,-0.0036643779729125248,0.4257217246756971,-0.08503212592250445,looking_down
-0.5133007732780884,0.0,-0.353675901889801,-0.3184342460028746,-0.17590800961109349,-0.44897615909576416,-0.41010267589971755,-0.15669945413233574,-0.23257990181446075,-0.03705742766392356,0.17162007465718276,-0.534580409526825,-0.25962640340751403,0.10589577868859527,-0.10403268039226532,0.08512612969236556,1.0644201767260941,-0.11843522638082504,-0.08512612969236556,0.9355743108712459,0.11945951730012894,131.86495822316283,-125.29134847884455,-99.77286940909812,-163.54820580237043,-0.36495885774236964,-0.21661694220665084,-0.1483419155357188,0.06572429596858749,looking_down
0.1431927732960891,0.0,-0.3927476704120636,0.2914814683687145,0.0425937852797346,-0.4550758898258209,0.2381366593978373,-0.01252211670164743,-0.2513772249221802,0.2637802395430461,0.4805521806687024,-0.5172364115715027,0.19984192098065717,0.23181235135691,-0.10054483264684677,0.014279837792138376,1.1166848711655724,-0.12801231443881989,-0.014279837792138376,0.8833117167646114,0.12903890013694763,-172.95209292678925,-84.47515328587451,-70.19818426565121,-104.41572766476303,-0.08861830696576253,-0.32042938722761416,0.23181108026185163,0.24873982931179242,slouching
0.1012999050933906,0.0,-0.5864536762237549,0.007113002470136105,-0.10841985224026077,-0.49958536028862,-0.025359644540535926,0.016117161671216698,-0.6466110348701477,-0.09037647975553718,0.05474047737601962,-0.3478565216064453,-0.05786304654817307,0.4612545156127076,-0.5914521813392639,0.000297408536960144,0.8691460249679478,0.08329612016677856,-0.000297408536960144,1.130846577423061,-0.08290542662143707,22.6824702311239,-77.93736219915995,-95.70446781304351,85.42715568892396,0.17541966824524574,0.24953943139710089,-0.07411976315185513,-0.40651403823668797,slouching
0.1254349535414059,0.0,-0.6156915426254272,0.12692855168688116,-0.02281902694909838,-0.3032605051994324,-0.0016385638652148533,-0.03660024817011174,-0.5613935589790344,0.09042355488135027,0.2864249912313893,-0.045144353061914444,-0.1079382591500652,0.3574363219520573,-0.6754639744758606,0.056702640782554076,0.9592981281918043,0.19114206731319427,-0.056702640782554076,1.0406992271202058,-0.18955419957637787,25.321595537301533,-78.52185639198325,-90.73994261077016,160.30319554704823,0.13419230567576337,0.14294965781012084,-0.00875735213435746,-0.07101133072066801,good_posture
0.5340008534127807,0.0,-0.13619068264961243,0.4547021180082453,-0.07931673261903206,0.028658807277679443,0.4154585320762355,-0.10115859546537935,-0.26487770676612854,0.27960774594732896,0.22854842133736308,0.2204820066690445,0.16317722092649278,0.23235042526086402,-0.430884450674057,0.048277329970836245,0.9642280527605042,0.18753547966480255,-0.048277329970836245,1.035768405384305,-0.18711654841899872,42.37181614506837,-56.322742645816646,-73.94993421539363,178.12968808078028,0.3126083699758698,0.09121588653895896,0.22139248343691087,-0.0038020039235009406,looking_down
0.35662876725209014,0.0,-0.06846858561038971,0.2719572080638511,-0.08301597366763991,0.0833158865571022,0.2494751802980583,-0.08056746286028811,-0.18514162302017212,0.15741856041826058,0.1855870542378966,0.2614721655845642,0.08968049890331241,0.20739981530332316,-0.3288489580154419,0.05981759926257998,0.959430157383947,0.14495539665222168,-0.05981759926257998,1.0405658833664078,-0.14439977705478668,40.45667185289407,-63.761326681975966,-81.25847430309686,162.1505944050492,0.23307923759130364,0.10952970793051714,0.1235495296607865,-0.021812761065426567,leaning_forward
0.11648332344305154,0.0,-0.15494680404663086,0.027118135189414524,0.014262361220518193,-0.04257810860872269,0.005495381252514674,0.025168151629273078,-0.27572405338287354,0.008159768082817072,0.3457467143532139,0.11950305849313736,-0.04389461263367644,0.3683513186381647,-0.4202934205532074,0.017964084831720965,0.9730182920127474,0.15303951501846313,-0.017964084831720965,1.0269783907209042,-0.15268467366695404,-11.13380969945834,-84.21528760962208,-91.59182759429194,156.527113766803,0.1343507457184812,0.15221816799391089,-0.017867422275429683,-0.022604604284950813,looking_up
0.7741548175363709,0.0,0.0017812157748267055,0.6908053442490714,-0.17041450405005865,0.13455547392368317,0.6865576118976252,-0.13811197241049045,-0.19412876665592194,0.4527994160419387,0.05249687651838387,0.3117453455924988,0.46764714595910584,0.14673488434706788,-0.3391931354999542,0.03213870725135815,0.9537530267897912,0.1912059336900711,-0.03213870725135815,1.0462427053264403,-0.19089309871196747,61.010277510326894,-48.0169036148709,-62.9265048385524,81.04633043281288,0.31393153653584865,-0.14629174446467363,0.4602232810005223,-0.09423800782868402,leaning_forward
0.647447672247043,0.0,-0.3350549042224884,0.5880745235569091,-0.11811095543802921,-0.15389247238636017,0.4683898408321084,-0.16858678966053617,-0.3488624393939972,0.45142124832272057,0.1501318523566735,-0.0042782858945429325,0.18920913442670467,0.12746915319982083,-0.43235573172569275,0.10197353049121535,0.9170309320686261,0.13144610822200775,-0.10197353049121535,1.0829639284574113,-0.13082543015480042,50.251537839320875,-53.613351476899446,-69.59772499369825,-175.06026543795167,0.32713248087233043,0.00681728949761784,0.3203151913747126,0.022662699156852678,leaning_sideways
-0.43118987559227295,0.0,-0.0422038733959198,-0.31207486774600113,-0.048293076146757076,-0.14621302485466003,-0.361101756290131,-0.023783327005064477,0.10071168839931488,-0.1580367271864609,0.24835376178479493,-0.296674519777298,-0.24567458979193102,0.26820962076805077,0.293961763381958,0.03899562194763642,1.0259891399183318,-0.1890409141778946,-0.03899562194763642,0.9740074631501389,0.18968892097473145,159.14580075544794,-114.5971812550659,-105.22414770706054,167.2341819083813,-0.229334217103077,-0.027478558613881043,-0.20185565848919595,-0.019855858983255842,leaning_forward
-0.5084852408749508,0.0,-0.32898062467575073,-0.34583837805814244,-0.153648241106816,-0.4439184069633484,-0.3949915175303627,-0.15452190777836053,-0.18370550870895386,-0.06697209688844338,0.1848115325117898,-0.5623139142990112,-0.2563917316942877,0.11582521705055147,-0.04369967058300972,0.06863445617849927,1.0694023001062642,-0.1503387689590454,-0.06863445617849927,0.9305928342690186,0.150604248046875,131.86241605550254,-124.43889197746718,-100.77377276246231,-159.98846048426955,-0.3468033265835853,-0.1851214122922198,-0.16168191429136552,0.06898631546123833,looking_down
0.9125756795571418,0.0,-0.14203837513923645,0.7281170402696505,-0.11011980872838663,-0.026698268949985504,0.6642428718374437,-0.09189396113864165,-0.2868790924549103,0.3046701161038259,0.06780237038946181,0.14021708071231842,0.2597978697250322,0.3064450475543525,-0.4011468291282654,0.04408057768953484,0.9090859343243548,0.1692061573266983,-0.04408057768953484,1.0909066698398548,-0.16838574409484863,25.02172311983009,-34.840173593706716,-70.8527076490747,100.64904906780136,0.6303416866427127,0.3481076937282837,0.282233992914429,-0.23864267716489068,looking_down
0.5987854744037395,0.0,-0.12953896820545197,0.5395329641403427,-0.19612684456088195,-0.0066281091421842575,0.5165183991965534,-0.20283914325652555,-0.19798249006271362,0.3233226256623245,0.05612191869904434,0.14087359607219696,0.28802253750975854,0.11476266432670051,-0.31182414293289185,0.03763163868738165,0.9577832573255436,0.13726463913917542,-0.03763163868738165,1.0422117927311554,-0.13690565526485443,70.46959412168404,-52.03184677539741,-71.5187816400564,121.04676401746822,0.293112892817698,-0.012559688768343569,0.30567258158604155,-0.05864074562765617,looking_down
-0.17156858365123756,0.0,-0.06716744601726532,-0.07766079432886168,0.022502184953453443,-0.17298218607902527,-0.09341300917364165,0.0043744521700458516,0.0017064870335161686,-0.054333788873085605,0.3035190534738493,-0.26847749948501587,-0.016832431875205063,0.27659431532090495,0.14197859168052673,-0.012272927817268426,1.0313488767902792,-0.1311854124069214,0.012272927817268426,0.9686469418555197,0.1315789669752121,-171.12202696286207,-100.23656968242376,-92.86933245760481,-35.677100803676666,-0.13598547327709223,-0.1004023629029469,-0.035583110374145334,0.026924738152944327,looking_up
-0.5663372939418465,0.0,-0.06490694731473923,-0.45921947235476873,-0.11004123503277011,-0.19877402484416962,-0.48102165673108804,-0.08910612466060262,0.10578912496566772,-0.2455138769568956,0.17497211583041064,-0.38007301092147827,-0.3289127797326369,0.23545408120198633,0.2939074635505676,0.048869536319874576,1.0168414654651359,-0.2018532156944275,-0.048869536319874576,0.9831547491880372,0.20189030468463898,134.0177238544308,-120.96861755578244,-109.8684546045131,144.04989099197465,-0.27912396559708025,0.008089362747686013,-0.28721332834476626,-0.060481965371575686,leaning_forward
0.20512180545960151,0.0,-0.5228023529052734,0.2075799818997659,-0.1288053196104628,-0.3952189087867737,0.07868846449302933,-0.130698355828629,-0.49678391218185425,0.17156422190668655,0.028050041665999777,-0.23791484534740448,-0.10732306456590215,0.15582868395298755,-0.43693530559539795,0.0790228361642891,0.954747393748776,0.06777513772249222,-0.0790228361642891,1.0452446603223955,-0.06798088550567627,64.46434969263817,-63.400214715953794,-87.97412798322596,155.38402433912435,0.17300122678920932,0.14088064811881712,0.0321205786703922,-0.12777864228698776,slouching
-0.21835027927222347,0.0,-0.404326468706131,-0.07786240412508387,-0.014605375030750302,-0.5130928754806519,-0.11903254537572024,-0.06693685878714316,-0.2865777015686035,0.04031418038459157,0.3932975071677129,-0.5486929416656494,0.004932657713224101,0.1445947173043024,-0.12023161351680756,0.007234763771045392,1.0821100965409685,-0.14494867622852325,-0.007234763771045392,0.9178861915003013,0.1477261334657669,161.220183473663,-111.35091819552933,-88.22746833143034,-98.09681027628473,-0.2409736983211313,-0.26359711737003916,0.022623419048907835,0.2487027898634105,looking_down
-0.33295215150299784,0.0,-0.09651729464530945,-0.22422146452700725,-0.04056036165765305,-0.2642820179462433,-0.23615555153496298,-0.05675771010574594,0.01928265020251274,-0.16268988328782488,0.3288257343696274,-0.3753757178783417,-0.11977053666081712,0.1963978492269636,0.1810247153043747,0.004204951494743007,1.0461948587513614,-0.1491117775440216,-0.004204951494743007,0.9538020912765456,0.14993612468242645,154.66223970015002,-105.94944195736997,-100.84244194307598,-72.04269847377893,-0.19172194152867686,-0.05049173155435588,-0.14123020997432098,0.13242788514266382,leaning_forward
-0.1043783731816593,0.0,-0.34233054518699646,0.030834653128334798,-0.004077107951234569,-0.47623446583747864,-0.012140611464015055,-0.029396213806129005,-0.19537308812141418,0.10502010934323647,0.37289640587488276,-0.5590404868125916,0.04518646908346087,0.22052163934821645,-0.0024992371909320354,0.029829437460852398,1.0704336460233879,-0.1673605740070343,-0.029829437460852398,0.929563334331065,0.17062541842460632,171.62802945601015,-101.84799182085507,-83.90456494168652,-111.43865558190532,-0.17948166239500796,-0.2545849516083566,0.07510328921334866,0.15237476652666632,looking_down
0.05424986782281391,0.0,-0.3514846861362457,0.18949524661094427,0.04062917197940904,-0.4062776267528534,0.14428264899346074,-0.007068592350373376,-0.16928796470165253,0.16529240255501404,0.42695953350446103,-0.49459245800971985,0.09613951856121207,0.25671790492307034,0.010987513698637486,0.01896362073225429,1.0763430478717166,-0.14908073842525482,-0.01896362073225429,0.9236538727945515,0.1515486240386963,-171.52673715984275,-83.65016533810406,-78.76676191590589,-112.1072015155146,-0.07646609273529914,-0.2071820532934122,0.13071596055811305,0.1702416285813907,looking_up
-0.16337685382092573,0.0,-0.3990969955921173,-0.04132229214732398,-0.02863129718084034,-0.4266846179962158,-0.09950850493477079,-0.037686341226776894,-0.06890448927879333,0.007257007119221363,0.2528548378880357,-0.562490701675415,-0.06850956607217197,0.23383467864799226,0.2660713791847229,0.03699277159824934,1.0163707358437606,-0.2245020717382431,-0.03699277159824934,0.9836268202250302,0.2286764681339264,160.36897342347282,-98.18870169146882,-92.31783507108887,-165.90788792091664,-0.13275057434445042,-0.10212429486797513,-0.0306262794764753,0.01902015924004344,good_posture
0.29384533015103415,0.0,-0.5308724045753479,0.45422805587206183,0.052272010069064234,-0.5774581432342529,0.3851110204250191,-0.019279893422486774,-0.34393253922462463,0.38227962031566765,0.5062530837101865,-0.6594014167785645,0.25779492463380144,0.2434002036897649,-0.1309102177619934,0.007062749923481838,1.1279140568082355,-0.15691910684108734,-0.007062749923481838,0.8720824316034281,0.15782922506332397,-172.5308927610866,-74.46164069909739,-62.89122696618643,-115.34180276752538,-0.026191942323700368,-0.3462292147984349,0.3200372724747345,0.2628528800204216,slouching
0.027895717468277074,0.0,-0.21743768453598022,0.16577472887594835,-0.01482555596306633,-0.2907005250453949,0.10685762619522723,-0.029312924044992528,-0.0017817773623391986,0.21224011672386883,0.3814395454514158,-0.441028356552124,0.05977727814789807,0.26704313656451345,0.1998593509197235,0.03401841104253208,1.0758589676718284,-0.19800078868865967,-0.03401841104253208,0.9241380326712164,0.19872725009918213,168.4944951949955,-89.9491285905372,-78.62019476851357,-143.11825172177836,-0.10811297996760638,-0.24412167740348983,0.13600869743588345,0.11439640888690233,good_posture
-0.49102935801482606,0.0,0.024490443989634514,-0.40912831847799247,-0.09354591010745669,-0.13420212268829346,-0.40098802629611446,-0.09452842877762174,0.1423097401857376,-0.2535264871276611,0.19784808771444484,-0.31042537093162537,-0.19995975064555446,0.1519323199130368,0.2979607880115509,-0.007753125401245514,1.0275657463297925,-0.19331951439380646,0.007753125401245514,0.9724305419098036,0.19380682706832886,132.43435299824426,-123.54677639736649,-105.36582041113655,-40.602171592139015,-0.26428623912821825,-0.03754312024161044,-0.2267431188866078,0.04591576780140805,leaning_forward
0.517756775903959,0.0,-0.2183285355567932,0.4411429401297735,-0.07122027779406147,-0.004442178178578615,0.39497065886281807,-0.09731178080570219,-0.27939891815185547,0.2936018589956432,0.2324206236728323,0.19879215955734253,0.14118616271028558,0.2262704087328747,-0.448025107383728,0.06663029896700584,0.9732662915634397,0.18960388004779816,-0.06663029896700584,1.0267305650424157,-0.188399538397789,40.20436378593742,-57.38705642473942,-74.24673489571035,-177.6892780773967,0.3003627650509946,0.08296875419803018,0.2173940108529644,0.006150214939957599,looking_down
0.20271687988996126,0.0,-0.4506102502346039,0.3660311020251112,0.06877097574505095,-0.4782377779483795,0.29983295273491917,-0.016723794077412077,-0.2954603433609009,0.3127696897918609,0.49163025271606825,-0.53656405210495,0.21697770445835154,0.2336253057260668,-0.12341228127479553,0.021164716262538057,1.1133411546729404,-0.13051334023475647,-0.021164716262538057,0.8866553043208936,0.13167910277843475,-168.69829197225647,-78.56941293791586,-67.4335680564994,-110.3689365049608,-0.06215681723514496,-0.3270305143602512,0.2648736971251062,0.2580049469900014,slouching
-0.8830958463540944,0.0,-0.05508050322532654,-0.8030136325597348,-0.20339300309747854,-0.11510898917913437,-0.8288005786842005,-0.13229642967175276,0.07683330774307251,-0.48762525812530744,-0.01273603085138854,-0.2147560715675354,-0.5839947290483022,0.12284775547049741,0.1786746382713318,0.05364676025879412,0.9746738272684599,-0.1118423268198967,-0.05364676025879412,1.025321039980549,0.11171816289424896,111.81637316002374,-141.48731381100163,-119.55452699706954,125.40423655551312,-0.3472858527672896,0.18852414081951518,-0.5358099935868048,-0.13558378632188595,leaning_forward
0.19160031524837395,0.0,-0.06588516384363174,0.11096346465714338,0.003783846205620344,0.04387488216161728,0.11291827333360709,0.012377746223339432,-0.20992949604988098,0.044362055407374874,0.2987836735908411,0.20448069274425507,0.07800579114052562,0.32846751121503753,-0.3453066051006317,-0.0026106516507380943,0.9825558764072011,0.16144920885562897,0.0026106516507380943,1.017441025076345,-0.16096200048923492,-5.7923715541998435,-80.56818408643835,-84.9060640812926,41.42193096016014,0.1304163919744237,0.06923246870047345,0.06118392327395025,-0.029683837624196407,looking_up
-0.8566076225622217,0.0,-0.13648834824562073,-0.758842769120975,-0.11331015218268786,-0.2663520872592926,-0.7681802198140698,-0.08561776966793183,-0.030013535171747208,-0.521290414910045,0.24122635689964553,-0.3482591509819031,-0.4799334849895348,0.02126203071399987,0.12571841478347778,0.012262023006419926,1.0817495957855043,-0.1531834453344345,-0.012262023006419926,0.91824594557787,0.15357021987438202,133.1059572765077,-138.73134883681394,-119.95233552062206,-79.35175737692718,-0.3559956726124318,0.14461627733735805,-0.5006119499497899,0.21996432618564565,leaning_forward
0.5680873405680116,0.0,-0.24591387808322906,0.49134990479111684,-0.10052070044513849,-0.024239450693130493,0.440819968211863,-0.12161570221914768,-0.29482677578926086,0.3187201506515748,0.20573244101760804,0.19254665076732635,0.1678616681316387,0.19602704715173963,-0.44485002756118774,0.055793740830081096,0.9654595720554384,0.19395871460437775,-0.055793740830081096,1.034537239991408,-0.19242331385612488,47.43636989437131,-54.46547641223775,-73.06717958256617,-176.31898180310125,0.3247964311764049,0.08150552178479817,0.24329090939160672,0.009705393865868411,looking_down
0.30030603504773146,0.0,-0.5107251405715942,0.45097801168990354,0.04889930172010402,-0.5479382276535034,0.3818332486183082,-0.017840052041597956,-0.32576993107795715,0.3556484404951213,0.511782792912829,-0.6252225637435913,0.2732797558087821,0.22783694846702415,-0.11492029577493668,0.0076571157759882606,1.109134916260963,-0.15384021401405334,-0.0076571157759882606,0.8908617111774826,0.15493743121623993,-172.38126945412597,-73.94721683671347,-63.480799041338265,-106.17669859895723,-0.014158063104220242,-0.32862216125617194,0.3144640981519517,0.28394584444580484,slouching
-0.5400181351717406,0.0,-0.017175443470478058,-0.4263472042331375,-0.11816044456214302,-0.14301909506320953,-0.453896737913783,-0.1074442741317004,0.12483755499124527,-0.19828771061265799,0.09633942272592541,-0.2971365451812744,-0.3018153098873387,0.14224227337500656,0.29400238394737244,0.04925115719169308,1.0103989822644412,-0.16906321048736572,-0.04925115719169308,0.9895968509721861,0.16929227113723755,131.5276440938244,-129.31542587849006,-105.85037458421212,156.08809694709197,-0.28996662492174224,-0.03991511467174391,-0.25005151024999833,-0.045902850649081145,leaning_forward
-0.1875299641425053,0.0,-0.35646316409111023,-0.02817349929203204,0.0008120782326621638,-0.47595953941345215,-0.07380232641359989,-0.03929946154953204,-0.2163545787334442,0.019468156768350495,0.4285602488340943,-0.5464879870414734,-0.0007998665299153644,0.2081391643982504,-0.03867712616920471,0.011268598949419582,1.093288923131765,-0.1670359969139099,-0.011268598949419582,0.9067077182063543,0.16965070366859436,171.9777979893799,-100.13084300858272,-89.21547013237007,-95.25365269279608,-0.19686410926172287,-0.20619825438094044,0.009334145119217565,0.22042108443584393,looking_down
-0.7695073878589126,0.0,-0.3646571636199951,-0.5753593843968435,-0.16727344390471655,-0.44059208035469055,-0.6680204161521985,-0.17558513663913447,-0.20729218423366547,-0.20561952263910363,0.14552937091235071,-0.5220898985862732,-0.4939821513383862,0.11288738709532753,-0.06015549227595329,0.12355198355273955,1.0488308462253861,-0.1438673436641693,-0.12355198355273955,0.9511637190428748,0.14481328427791595,130.77005004004693,-132.1253892761436,-111.8856077455232,-173.54174117780647,-0.41970655087016767,-0.06990571388142275,-0.3498008369887449,0.032641983817023185,looking_down
0.020483521486182515,0.0,-0.05250934511423111,0.21301992682923787,-0.01120135447894706,-0.07324200123548508,0.17357854895410682,-0.028583935466295035,0.0950440838932991,0.28028122171835695,0.29461425136677205,-0.17224116623401642,0.08280414395198799,0.2968970171447878,0.1872871071100235,0.058213442685973636,1.0420543630389096,-0.09758864343166351,-0.058213442685973636,0.9579390049069696,0.097567617893219,173.43363973081952,-87.86696203857349,-75.54472937912489,179.33771037686634,-0.16105916134898995,-0.3426018441841624,0.18154268283517247,-0.0022827657780157273,slouching
0.4381175571327337,0.0,-0.31567853689193726,0.3568979996696503,-0.07586305596939366,-0.06487798690795898,0.29802964219187345,-0.08461117472962429,-0.31718239188194275,0.25369193736263645,0.22225577486803866,0.14723458886146545,0.0861079106923397,0.25958191842770256,-0.4665848910808563,0.06717811695741645,0.9639486939803521,0.1843961775302887,-0.06717811695741645,1.0360481151100462,-0.18264342844486237,35.946576938454406,-63.866743418675526,-77.38378722361263,167.44342092251912,0.2682176331052456,0.09831770907775753,0.16989992402748808,-0.037326143559663905,looking_up
0.4273210342523894,0.0,-0.12607425451278687,0.264587970330055,-0.04405727926825874,0.04273451119661331,0.20968852087153117,-0.03343291924052703,-0.2746806740760803,0.13838717019026295,0.2481849836746069,0.2796427309513092,-0.0030266929130507293,0.30469420219483073,-0.4438738524913788,0.06317978138162328,0.9383845764731558,0.20753666758537292,-0.06317978138162328,1.0616105673831318,-0.20683971047401428,11.51503475566392,-61.73544990420677,-84.65621038811919,158.218266964467,0.35964079561378326,0.29196055697517714,0.0676802386386061,-0.056509218520223836,good_posture
20.9097932545065,0.0,0.13971760869026184,20.71290479678166,-3.3278182576156574,0.30167144536972046,20.2041208642335,-4.729345821861737,0.18686719238758087,13.894514743881683,1.6523785206214159,0.3408493101596832,14.94498388687591,-5.629944057335052,0.03695449233055115,-0.40847366415845765,3.5248894771417216,0.09576001763343811,0.40847366415845765,-1.5250288514242538,-0.09636711329221725,83.60839173539436,-18.664158972995473,-11.709625905255203,-81.79174959108879,6.490043939127704,-7.929705376251093,14.419749315378796,7.282322577956468,looking_up
0.13081818542317508,0.0,-0.19043190777301788,0.003153248245829091,-0.0016796954850305894,0.0037956726737320423,-0.048059409593728404,0.014774414124024509,-0.33611541986465454,-0.004905603438589318,0.2913609459461101,0.23304732143878937,-0.1384583126580968,0.3468633672774659,-0.5356190800666809,0.050168687451565414,0.9488364203252962,0.2223021537065506,-0.050168687451565414,1.051159343262502,-0.22197958827018738,-2.44604311408807,-81.04945533135565,-96.00981961809133,157.43299212180904,0.20250014347151812,0.27418210151986117,-0.07168195804834306,-0.0555024213313558,good_posture
0.4789853077490787,0.0,-0.24063383042812347,0.40723864524120645,-0.07138662179809445,-0.05838896334171295,0.3759908618602456,-0.08227641630974668,-0.3713175356388092,0.28193194607039995,0.16949564222233565,0.16983988881111145,0.1993245109138986,0.22575051905257976,-0.5178412199020386,0.03644345067673402,0.9700781975348473,0.2135324627161026,-0.03644345067673402,1.02991864073746,-0.2124461978673935,41.32760360725595,-61.18335719690791,-73.30628334448963,145.74550948638506,0.23835707925692945,-0.002271149235219816,0.24062822849214927,-0.056254876830244105,leaning_forward
0.39072795222068296,0.0,-0.30675098299980164,0.3800540053457619,-0.12025815070740184,-0.14107593894004822,0.28819878304829727,-0.19692290010133212,-0.23622636497020721,0.3173817278100871,0.07889998814086253,-0.0010114593897014856,0.06532106612517462,-0.00684866626680672,-0.2751063108444214,0.09034182944195596,0.9467042127401659,0.0789681077003479,-0.09034182944195596,1.0532908269631154,-0.07767831534147263,70.35832540185541,-53.73535451140011,-78.77255887869192,-161.21218109086797,0.1993765552530521,0.008025158285421219,0.19135139696763087,0.08574865440766925,leaning_sideways
0.49162559251987087,0.0,-0.4537351727485657,0.45438132519965707,-0.08193492683905956,-0.23782199621200562,0.33671487797840544,-0.11583200624197082,-0.3948206901550293,0.38245543349667066,0.1759420279146163,-0.09059980511665344,0.11363881919889549,0.18112512026630875,-0.46524778008461,0.10147637639044038,0.9595748095982317,0.10566025972366333,-0.10147637639044038,1.0404207262740464,-0.10494613647460938,45.82457258328403,-62.00068942185255,-73.19792487998522,178.89540858600952,0.2435784661720878,-0.004468660175695249,0.24804712634778306,-0.005183092351692453,leaning_sideways
0.1389660313928046,0.0,-0.05916626751422882,0.06393506051368232,0.009131693926597989,0.03145015239715576,0.06449887281651297,0.01541805616426434,-0.2062985599040985,0.023029816659609167,0.30086574419355083,0.17199815809726715,0.0917957584947214,0.37096734324252656,-0.33795976638793945,-0.013485499815370823,0.9690965112664349,0.1539231538772583,0.013485499815370823,1.0309004491446228,-0.15348295867443085,-9.325562636895246,-88.79560217458517,-85.0588155812718,45.551065864790864,0.08155324381563933,0.02414045623847405,0.05741278757716528,-0.07010159904897573,looking_up
0.08828765778114035,0.0,-0.02640538290143013,0.037779711731070496,0.00025501038192024463,0.012528986670076847,0.04505571528527544,0.011108889762400657,-0.2036387175321579,0.007948889294372865,0.306322297827087,0.1317468285560608,0.09798730978177667,0.30090137073192946,-0.3523699939250946,-0.023782963006647125,0.9905298976927586,0.14637391269207,0.023782963006647125,1.0094668999387835,-0.14588390290737152,-6.912124295079641,-92.22017711059777,-85.6503809715561,-3.4454376986975612,0.03531955824306559,-0.017648541295009174,0.05296809953807476,0.005420927095157513,looking_up
0.7058149207595545,0.0,0.002583571244031191,0.6244602766705758,-0.1349548744716714,0.18458391726016998,0.5583869548298747,-0.16837168890511517,-0.05941353365778923,0.48736531714889314,0.18157735410572462,0.33252909779548645,0.13256332683418418,-0.028737907633707867,-0.227238729596138,0.12890979687993787,1.0332315905834502,0.14970046281814575,-0.12890979687993787,0.9667620789772424,-0.14920152723789215,52.974750117934626,-39.01988240556466,-71.44758702734732,-149.3418950501951,0.3958505987680159,0.08588627677647731,0.3099643219915386,0.2103152617394325,looking_down
0.14000309089553467,0.0,-0.4917813837528229,0.07943605057176022,-0.054270941518596766,-0.2257336974143982,0.0125528321211841,-0.05585107141903361,-0.508265495300293,0.05237626340935215,0.24253733274173256,0.0041837845928967,-0.11261126438968176,0.31461817334631614,-0.6050096750259399,0.06250596808150431,0.9581828901780782,0.1803402155637741,-0.06250596808150431,1.0418143083656555,-0.17828170955181122,30.357569744162248,-77.1492113633776,-92.3905661056397,156.40012770287078,0.17012059138569946,0.20023809187586428,-0.030117500490164803,-0.07208084060458358,good_posture
-0.5126377586993591,0.0,-0.02636374533176422,-0.41329462746616263,-0.12039528804351245,-0.17641928791999817,-0.43530446025393726,-0.10283096684668724,0.11150635778903961,-0.23748844723359896,0.15910347979247402,-0.3652415871620178,-0.24505130348217635,0.16957621227561454,0.28752174973487854,0.02507247481122802,1.0223132178064047,-0.20248417556285858,-0.02507247481122802,0.9776831402971298,0.20280148088932037,128.36048617255523,-123.5548836004251,-106.10439807210571,125.83483441109432,-0.27136788334147144,-0.03009800798358378,-0.24126987535788766,-0.010472732483140512,leaning_forward
0.09025082176147667,0.0,-0.4593091309070587,0.2270583548267273,0.06022446386593361,-0.5137052536010742,0.16983381050757498,-0.002631786676339382,-0.2778785228729248,0.170298895077647,0.46687808789388946,-0.6005499958992004,0.11207718391732654,0.2500912516394456,-0.08000531792640686,0.012305022868181468,1.1044751801269401,-0.1700708270072937,-0.012305022868181468,0.895521846235754,0.1720021367073059,-165.09613983946707,-80.14752953307172,-77.58789661214709,-105.0330019642873,-0.05093721773601012,-0.1921252572334969,0.1411880394974868,0.21678683625444384,looking_up
0.10349272326344477,0.0,-0.11809583008289337,0.03302324610445798,-0.000866235868929806,0.014467954635620117,0.01298460450976493,0.013435560767436008,-0.1416075974702835,-8.672125243066335e-05,0.2538190018119039,0.1539907306432724,-0.0025659609265075507,0.2945008346795463,-0.2505561411380768,-0.004920677040038918,0.9767643026272842,0.1200813576579094,0.004920677040038918,1.0232318419472535,-0.11976814270019531,-4.464665088642874,-84.81024440782079,-90.10469780572231,93.48741674316526,0.10481906435291388,0.10614540544238299,-0.001326341089469107,-0.040681832867642376,looking_up
0.2831901882590194,0.0,-0.4678890109062195,0.44878415667120186,0.0609880645756702,-0.5238626599311829,0.39084141125696864,-0.012789786706191759,-0.29189038276672363,0.36893568804850363,0.5377176783664344,-0.6134344935417175,0.2776397969674075,0.24105150554079796,-0.09257720410823822,0.004494710467464315,1.1293230013277846,-0.1627597212791443,-0.004494710467464315,0.8706734253068943,0.16362009942531586,-169.99638458787678,-75.19817291838442,-62.101138009802334,-107.10519748457703,-0.04009755424893613,-0.3633852967568917,0.32328774250795556,0.2966661728256364,slouching
0.6744315082008037,0.0,-0.30641213059425354,0.6703841903931722,-0.08553486209129614,-0.14654910564422607,0.5760750103018707,-0.23437116379547132,-0.28031396865844727,0.5469159393661623,0.19109753209354075,0.0047713774256408215,0.2558218130088534,-0.00011967483935117306,-0.33923444151878357,0.08737547359747698,1.031135155770763,0.09922486543655396,-0.08737547359747698,0.9688578666075879,-0.0985686182975769,72.24982300898398,-49.024483540717675,-66.07108201519975,-146.69943546394384,0.2730626320132958,-0.1283062441742121,0.4013688761875079,0.19121720693289193,leaning_sideways
0.20271089502020267,0.0,-0.22186429798603058,0.06121307304505882,-0.01469260421673391,-0.05309724062681198,0.0008649546166353149,0.01473418632286421,-0.2983652651309967,0.035111680767757114,0.2596616851640931,0.15504327416419983,-0.12807308191934158,0.386585876115465,-0.4343859851360321,0.05322891859199895,0.9236052021419952,0.18356916308403015,-0.05322891859199895,1.0763895623459878,-0.1832202523946762,-0.006939048947261767,-76.50845910843056,-93.92831648516416,142.12442374025125,0.2491915955959949,0.29567229617178714,-0.046480700575792226,-0.12692419095137192,slouching
0.43046740343566314,0.0,-0.3265528380870819,0.3805873806760932,-0.09459836994886939,-0.08763640373945236,0.3104102007607521,-0.10249988858364165,-0.36687999963760376,0.2628741734253617,0.119693222712786,0.10713036358356476,0.10513127605692746,0.1753142021476926,-0.503814697265625,0.07506467686405054,0.9396113852585546,0.16263779997825623,-0.07506467686405054,1.0603848889510583,-0.16142374277114868,49.23223703710289,-56.72122399785148,-77.82010469585428,160.57708031826522,0.24646467869451857,0.062461953953374005,0.18400272474114457,-0.05562097943490661,leaning_sideways
0.5250523315482444,0.0,-0.16183042526245117,0.45551781161054755,-0.07400105127384628,0.012447564862668514,0.41566266665088825,-0.10279911826193286,-0.29225388169288635,0.2863547607112025,0.22080412664592933,0.22344887256622314,0.1517367915060734,0.2071991909779626,-0.4530768394470215,0.04741417222301994,0.9700432059166121,0.19671028852462769,-0.04741417222301994,1.0299534363237626,-0.19633473455905914,44.65789335325839,-54.39422841810557,-74.42762375283529,-174.22909405326956,0.3060065554396064,0.08696077933096846,0.21904577610863796,0.013604935667966722,looking_down
-0.6122547069466677,0.0,-0.08032524585723877,-0.517287536358073,-0.09193756851558353,-0.25629281997680664,-0.5136681922922098,-0.10573545106552147,0.006904129404574633,-0.3640678671688319,0.28096767899140673,-0.3854307234287262,-0.2968063538849955,0.09223103628155155,0.18739701807498932,-0.004355407226858451,1.069791424746889,-0.1885540932416916,0.004355407226858451,0.9302048823432302,0.18895138800144196,134.39673916055807,-122.95430695095429,-112.10907648600043,-70.38507100287823,-0.281817596419754,0.0486195141071597,-0.3304371105269137,0.18873664270985518,leaning_forward
-0.3705355278432585,0.0,-0.4422636330127716,-0.21075454581281772,-0.020235809184412375,-0.5411298274993896,-0.2673954248257779,-0.08347259924734586,-0.3115967810153961,-0.09531672727398204,0.3908816230513774,-0.5597634315490723,-0.13362273950805598,0.10151382451643538,-0.138632133603096,0.017564966922511322,1.0842767295654385,-0.14049190282821655,-0.017564966922511322,0.9157194573640997,0.14258438348770142,158.47339813589565,-112.68812602761942,-98.63478452659318,-97.54087209965425,-0.2560657944522395,-0.14159606106122047,-0.114469733391019,0.28936779853494204,looking_down
-0.3444887473711145,0.0,-0.4660465121269226,-0.20785134250447387,-0.050615180078403904,-0.6078006029129028,-0.24609747122699607,-0.08894898441426284,-0.3462975323200226,-0.08198074006234368,0.3435936693517396,-0.652852475643158,-0.10766538373800359,0.08362615320163298,-0.1753138154745102,0.00675366273402927,1.0917903018415769,-0.16322214901447296,-0.00675366273402927,0.9082060818026692,0.16633208096027374,149.29741439094667,-115.00057926407051,-96.8755570435713,-95.64247881953955,-0.24966568547094087,-0.15484262357076722,-0.09482306190017363,0.2599675161501066,looking_down
0.6466221920380404,0.0,-0.37463387846946716,0.6742730741799041,-0.09735890122493446,-0.18002979457378387,0.5595166111364726,-0.26729945367454166,-0.3280428946018219,0.5630472451891513,0.05978998492235,-0.018292024731636047,0.29759986226039625,-0.0896263822735743,-0.3790310025215149,0.0964118801757726,1.0157409482269977,0.10489144921302795,-0.0964118801757726,0.9842525468081311,-0.10428715497255325,80.73985006711372,-41.90172429314765,-67.0230738459142,-150.62548952792358,0.21629863831326662,-0.21402491541150714,0.43032355372477377,0.1494163671959243,leaning_sideways
0.06823175853557728,0.0,-0.4962562322616577,0.029274895954452578,-0.06450457180987046,-0.3865709900856018,-0.06171831640954998,0.026429548857344977,-0.5144562125205994,0.0009847146188480033,0.20423684247504756,-0.2484636902809143,-0.0630145538861936,0.4629429369059172,-0.5082785487174988,0.025642520533292256,0.9148117874457148,0.09619703888893127,-0.025642520533292256,1.0851839848606357,-0.0957750603556633,12.703292918486284,-87.59777102693073,-92.66464786226878,103.89498775122452,0.09924667816925008,0.13026159780292287,-0.0310149196336728,-0.25870609443086967,slouching
0.5360357570653276,0.0,-0.11132687330245972,0.3893897643285201,-0.06783340945593942,0.031133880838751793,0.33412914944206606,-0.06647283432564043,-0.2399251013994217,0.12934855737210546,0.13094013815155142,0.22525504231452942,0.023127655651367634,0.18355761104324447,-0.41741397976875305,0.06133375421851373,0.9489948702910057,0.19659464061260223,-0.06133375421851373,1.0509996537193471,-0.19605405628681183,21.07295163348004,-38.165140735504885,-84.83088402988864,153.6480741820179,0.459797650553591,0.38355954404185444,0.07623810651173654,-0.05261747289169305,looking_down
0.19344862688922052,0.0,-0.18306076526641846,0.42474155927039914,0.007527293798944552,-0.30764517188072205,0.35351078791167895,-0.011207752313929266,0.012003536336123943,0.4650258930291236,0.37157454499735976,-0.4967479705810547,0.3208638291330959,0.3071978510932937,0.25598588585853577,0.06136250442755533,1.0291213530718872,-0.24615678191184998,-0.06136250442755533,0.970872631111323,0.24656343460083008,179.4611836496054,-90.64117408763043,-59.254949448657115,-155.93647709182372,-0.19949623419188925,-0.592441095272999,0.39294486108110976,0.06437669390406608,slouching
0.1968755073063117,0.0,-0.15130871534347534,0.051364662902968004,-0.03438008946597822,0.03459755331277847,0.021991814726192754,-0.026487692720068744,-0.33989179134368896,-0.08572022992056588,0.2546732896949311,0.27973198890686035,-0.11704970126381296,0.2932025263384284,-0.5404364466667175,0.0024009328920088155,0.9669358493302289,0.24436984956264496,-0.0024009328920088155,1.033059865061299,-0.24449914693832397,10.756727856855521,-65.60093157477749,-97.94922107575375,129.1157678273398,0.2982604728985011,0.39964543849069056,-0.10138496559218943,-0.03852923664349733,good_posture
1.6950526228705975,0.0,-0.1356806457042694,1.6235574345226471,-0.3188883375335565,-0.00815456174314022,1.5919335304949611,-0.3454945063422723,-0.22882342338562012,1.1319851516184394,-0.10938577524955682,0.14579202234745026,1.0087313369419941,-0.18351589424611228,-0.32516753673553467,0.07835548052317416,0.993537464825652,0.13938938081264496,-0.07835548052317416,1.0064519403749144,-0.13884218037128448,75.27444940489745,-19.067012297531555,-46.96578970736264,-148.97549821657717,0.6246943785903809,-0.44566386568983574,1.0703582442802166,0.07413011899655546,leaning_forward
-0.11739599112832218,0.0,-0.399480938911438,0.020378317022686603,0.0058385447654360585,-0.5626874566078186,-0.008419004098967953,-0.03144964110333076,-0.2741940915584564,0.12116077386741743,0.4140075094843729,-0.6301208138465881,0.10400371792297933,0.1759088742427746,-0.08201060444116592,0.011691345678284741,1.0802294631413203,-0.17391230165958405,-0.011691345678284741,0.9197672937608563,0.17689812183380127,174.0743084736114,-109.10496016410139,-80.92748773559576,-94.12153029646049,-0.22997823702352055,-0.34256048291871893,0.11258224589519837,0.23809863524159833,looking_down
0.5053101875706296,0.0,-0.20103420317173004,0.4237701046919888,-0.07594192903469645,0.0021573668345808983,0.38891894051407694,-0.08979468924974278,-0.2876398265361786,0.2830466816175186,0.22378294397306076,0.20583301782608032,0.12304365298388746,0.22520024316356035,-0.4502732455730438,0.062128846546954865,0.9747284111398191,0.18723300099372864,-0.062128846546954865,1.025268446072095,-0.1858130842447281,39.94092131059655,-56.5178564588063,-75.32801565863124,179.49248999323166,0.30226502026992663,0.09921985296922362,0.20304516730070302,-0.001417299190499599,looking_down
0.4129609477343663,0.0,-0.2213987410068512,0.355075210175807,-0.053869019700179044,-0.04901457950472832,0.27570374784278473,-0.08330963206341187,-0.29258251190185547,0.24779092377963827,0.20326423339012734,0.10384875535964966,0.09842624650588343,0.20014365352776067,-0.423021525144577,0.059613433565448695,0.9689539851736264,0.16354422271251678,-0.059613433565448695,1.03104195687746,-0.1629859060049057,35.10587556747752,-62.23792741235298,-77.7649455749452,-178.80313035477215,0.23985236259160547,0.06674377744884463,0.17310858514276084,0.0031205798623666625,leaning_sideways
-0.4950348688091544,0.0,-0.02790810540318489,-0.3697565243172608,-0.07327695226291478,-0.175880566239357,-0.4008920923640377,-0.05551163557649228,0.08696456998586655,-0.2176073914768664,0.2403394328004724,-0.32515454292297363,-0.25928240293619514,0.2210776466798625,0.27849867939949036,0.024872003506206528,1.0368265109450927,-0.1920415759086609,-0.024872003506206528,0.9631700084336983,0.192640021443367,149.58932077457817,-116.46057735544612,-107.22106365787867,-155.1940779960576,-0.25658997160262365,-0.018145074396092892,-0.23844489720653075,0.019261786120609914,leaning_forward
0.7394571777318989,0.0,-0.43379005789756775,0.5384972200991915,-0.07669093364831817,-0.2569290101528168,0.46654369870906426,-0.031940220001866707,-0.4684832692146301,0.21986388089690576,0.15562611199387855,-0.06092091649770737,0.22025177927068987,0.3473730979197034,-0.5049798488616943,0.018030081563433106,0.888921442710876,0.16224247217178345,-0.018030081563433106,1.111072810838967,-0.16167841851711273,12.911447403460503,-47.27324662406739,-73.61669496025891,89.8840925229007,0.5193993476481011,0.2993415175643033,0.2200578300837978,-0.19174698592582484,looking_down
-0.04645384301847475,0.0,-0.24711918830871582,0.05297805696499597,0.018995166800028735,-0.377439022064209,0.037044158684744734,0.0030394425665240497,-0.05524640157818794,0.03063653501214831,0.34819332124031893,-0.5447275638580322,0.04087187531568065,0.3113922243077149,0.18970435857772827,-0.0019742963642043294,1.0207375304881965,-0.20429687201976776,0.0019742963642043294,0.9792598063937514,0.20505577325820923,-173.13159389855616,-88.33665856032297,-86.94627432762802,-74.45737049174811,-0.08220804818238922,-0.1179622533463037,0.035754205163914476,0.03680109693260403,looking_up
-0.7140885292106893,0.0,-0.05207478627562523,-0.6198593679328003,-0.11768984454875533,-0.2020527422428131,-0.6253387477006845,-0.10057728769556092,0.021883653476834297,-0.3965823040552267,0.1906910683459146,-0.31691962480545044,-0.40741114980889626,0.08412060748431117,0.16201014816761017,0.0340295740314201,1.0553839493881225,-0.1627519577741623,-0.0340295740314201,0.9446117748069073,0.1632663607597351,129.97396798598527,-131.82203401257632,-114.98709320338749,-95.80202910239048,-0.3120918022786279,0.08990492465343358,-0.40199672693206145,0.10657046086160342,leaning_forward
-0.7184050612499198,0.0,-0.33378106355667114,-0.5464277816434869,-0.19308659783047122,-0.441109836101532,-0.6127398943151753,-0.19442755540522946,-0.1823803335428238,-0.18494266658838998,0.13084919559034555,-0.5323526263237,-0.45220816089306143,0.14662134738899366,-0.0297596026211977,0.10093421151893847,1.048301485200421,-0.13709406554698944,-0.10093421151893847,0.9516932519105495,0.13776884973049164,125.62047973818522,-128.1321195557175,-110.29911579088316,176.6227182094395,-0.3998296475091941,-0.08125423376846841,-0.3185754137407257,-0.015772151798648104,looking_down
-0.02502310358785329,0.0,-0.35487595200538635,-0.0378860503194331,-0.0148524430135462,-0.0562354139983654,-0.13139615959880077,-0.013661239173007435,-0.35734689235687256,-0.04497629728852314,0.29237650848951785,0.22214767336845398,-0.18649427802574348,0.31837006794173267,-0.5014588236808777,0.036582423626474014,0.959442346095757,0.21512997150421143,-0.036582423626474014,1.0405550223835196,-0.21276338398456573,13.448944591354223,-84.4436494571139,-99.45946416457774,169.5921081554027,0.09071218406928003,0.20644747172641334,-0.11573528765713331,-0.02599355945221482,slouching
0.21230925446254423,0.0,-0.0393558032810688,0.1237285884855068,-0.02566072822379419,0.08005566895008087,0.12460799270024422,-0.02111898780433396,-0.2147420346736908,0.03137728576295337,0.2479214928376535,0.25662124156951904,0.06733497705459102,0.2761035302975487,-0.3699653446674347,0.004689136212843394,0.9749637178577233,0.18564417958259583,-0.004689136212843394,1.0250330747608718,-0.18490517139434814,14.86196709780338,-75.3115991018556,-86.1737845009785,38.08776816527384,0.16295312305377202,0.11359699164499983,0.049356131408772194,-0.0281820374598952,looking_up
0.4885972272207207,0.0,-0.17639094591140747,0.4145441244840043,-0.06551812508094394,0.028370337560772896,0.3780228524414054,-0.08309053746318618,-0.2915900945663452,0.27630571857807645,0.24021977937878947,0.23825573921203613,0.11117796664263656,0.240133676681983,-0.4637068510055542,0.05347177182103279,0.9658695341523974,0.19928660988807678,-0.05347177182103279,1.034127255706397,-0.19805078208446503,38.830965905889656,-57.216424442611924,-75.69534611135504,-179.97012421820818,0.2948553846103642,0.10111354200000769,0.1937418426103565,8.61026968064782e-05,looking_down
-0.32603374938708274,0.0,-0.4139983057975769,-0.18369366942773677,-0.0214356715920043,-0.5079945921897888,-0.23078573804072272,-0.07179245273789388,-0.2924029529094696,-0.10516125481119128,0.3716303898111435,-0.5498966574668884,-0.10054609354876475,0.11926383696209465,-0.12542960047721863,0.005373901656135839,1.1085521390793684,-0.15539464354515076,-0.005373901656135839,0.8914441977403514,0.15836209058761597,158.57525909015476,-109.66747497724218,-97.76221008141621,-88.95231841537651,-0.22318007520710473,-0.12032640102712672,-0.10285367417997801,0.25236655284904885,looking_down
0.5094404734622128,0.0,-0.11621887236833572,0.7007160689124712,0.07541851772497599,-0.25531837344169617,0.640551228570667,0.0443678113377578,0.038959044963121414,0.5939637948412313,0.3712293723671256,-0.45593833923339844,0.43758948217467514,0.3140420413626144,0.26646411418914795,0.03620144237957289,1.0466210117957409,-0.23724450170993805,-0.03620144237957289,0.9533729541632153,0.23739424347877502,-159.6168763829266,-61.29064778258356,-51.88167680244257,-159.9121315692604,-0.006336165045740527,-0.5221128035536938,0.5157766385079533,0.05718733100451123,slouching
-1.0471854416316073,0.0,-0.13121531903743744,-0.9595453635252402,-0.1653245607203319,-0.12696917355060577,-0.9835468424865054,-0.0005538537974490418,-0.005803810898214579,-0.5902694116935087,-0.10648966699055745,-0.16428710520267487,-0.7144665278191575,0.2885072719908804,0.04459957033395767,0.08031459530972046,0.9273853115973973,-0.05991147458553314,-0.08031459530972046,1.0726090525422285,0.059904102236032486,132.364355913824,-151.4101796328991,-125.66646320812548,107.45447807811755,-0.3948174718752743,0.25755049788105877,-0.652367969756333,-0.39499693898143784,leaning_forward
0.07587953616281146,0.0,-0.398225337266922,0.21071115154515754,0.05911008757379066,-0.4423944056034088,0.15907310746148792,-0.004321821926589309,-0.21848827600479126,0.15457235574558797,0.4454052564077865,-0.5235068798065186,0.10032670342040227,0.2587725262274266,-0.045557960867881775,0.01501805119710536,1.0930934620090027,-0.1435977965593338,-0.01501805119710536,0.906903531537593,0.14527854323387146,-165.89403675271222,-79.96746048584662,-78.87150012765632,-106.20674661762249,-0.051569993420183674,-0.1790195230031788,0.12744952958299513,0.18663273018035992,looking_up
0.5629796700470832,0.0,-0.07161311060190201,0.40572894698401496,-0.10451413897921985,0.06488145887851715,0.3684619829234995,-0.10319148040171187,-0.21873058378696442,0.12658921569936332,0.11275321539911072,0.26699477434158325,0.07870436389672249,0.16928929711480462,-0.4053386151790619,0.0352632350214549,0.9590557109684843,0.2095813751220703,-0.0352632350214549,1.0409392325136513,-0.2090102583169937,30.560205046928832,-40.72425822323949,-83.18552655124716,130.26388559342314,0.46033288024904023,0.3576860904509973,0.10264678979804291,-0.056536081715693895,looking_down
0.4876346670347273,0.0,-0.14171896874904633,0.4301430237232871,-0.09055081478219891,0.09418828785419464,0.38913965455484917,-0.13844074033409692,-0.19421826303005219,0.3031620545652595,0.1524168070567972,0.29518720507621765,0.14768711384983213,0.06833340812706477,-0.3692306876182556,0.06528522582857751,0.9837002339648275,0.2019505500793457,-0.06528522582857751,1.0162961561731483,-0.20106032490730286,55.73771768899379,-50.67528070422859,-75.78091465473406,-151.59474996696366,0.2622100828271815,0.036785498619635676,0.22542458420754583,0.08408339892973242,leaning_sideways
0.09325199750671387,0.0,-0.23077982664108276,0.20676602508402422,0.06355032332035315,-0.32359713315963745,0.17266782263574249,0.020061895815953884,-0.059021711349487305,0.1620221982214791,0.43730697329007656,-0.45220422744750977,0.09651676030578323,0.29322432495124184,0.11758925765752792,0.006005191962672369,1.0714660166958352,-0.17038245499134064,-0.006005191962672369,0.92853108936267,0.17132937908172607,-156.56898623462126,-79.41478088910914,-78.48859251810377,-114.4483461164613,-0.0360174817569173,-0.16528696102054846,0.12926947926363117,0.14408264833883472,looking_up
0.9463574703367242,0.0,-0.1131317988038063,0.863247250398754,-0.20240091608490063,0.0055237929336726665,0.8398012904812819,-0.21826399430937027,-0.21655307710170746,0.5650816957424174,-0.03397859968059814,0.15228629112243652,0.48608173971523555,-0.04098178468700445,-0.32265207171440125,0.07318640328253936,0.9893202561920896,0.143355131149292,-0.07318640328253936,1.0106729568598816,-0.14288529753684998,65.73067795220376,-27.937683341877747,-63.13340349243759,-174.93408837756456,0.4207757526078978,-0.10480596512092866,0.5255817177288264,0.007003185006406308,leaning_forward
-0.12756904814764253,0.0,-0.06860178709030151,-0.028162893033146646,-0.0613004715563322,-0.15387973189353943,-0.05357854998034781,-0.060123816923520215,-0.031927529722452164,-0.02736977502845499,0.20455787871241177,-0.21936845779418945,0.042850191656971987,0.18726125648712486,0.08057290315628052,-0.03076542837570341,1.0175621571335827,-0.10725056380033493,0.03076542837570341,0.982433194373115,0.10757870972156525,144.9976398806512,-100.72624457988503,-89.44848385719787,-13.837657461524241,-0.13530925646190103,-0.14304946477615954,0.007740208314258498,0.01729662222528691,slouching
-0.005078078305964385,0.0,-0.4560612440109253,0.1618708151644985,0.0056324024954787074,-0.46732097864151,0.0800097677040235,-0.033562801207657894,-0.2484673261642456,0.1759350592103322,0.44489763946715544,-0.5525765419006348,0.03835098019024576,0.2533341026387038,-0.032962601631879807,0.04234782063317036,1.1202445557593632,-0.16301336884498596,-0.04234782063317036,0.879752025116864,0.16396744549274445,173.6763550471542,-87.82377734309384,-80.65226100337765,-125.686528428064,-0.11222109800625336,-0.21936411770654235,0.10714301970028899,0.19156353682845162,good_posture
-0.463891158021455,0.0,-0.06301750987768173,-0.3783715399092347,-0.1319488311651511,-0.17386814951896667,-0.42055672660206267,-0.07463420959783898,0.09950517117977142,-0.19465450930633363,0.09367080264237479,-0.30152982473373413,-0.24025727201116115,0.15328035878701013,0.2794324457645416,0.033211689456901006,1.024854493787876,-0.1804831326007843,-0.033211689456901006,0.9751415953321737,0.18091797828674316,121.95342872426896,-128.751291215174,-103.93316474167666,127.41686916723914,-0.2464352673627076,-0.028979376703960225,-0.21745589065874737,-0.05960955614463534,leaning_forward
0.8165526740262252,0.0,-0.11135192960500717,0.7438710821195331,-0.07205840961113662,0.10706997662782669,0.6196068204981935,-0.07990943890633297,-0.14956404268741608,0.48649403294611915,0.19504832740375633,0.3263310492038727,0.24929148668007117,0.14312291202840166,-0.32826414704322815,0.09163731830345108,0.9681993365422304,0.22191151976585388,-0.09163731830345108,1.0317944869615476,-0.22158077359199524,29.406546508609097,-37.984809161805956,-66.11824136639896,-167.65230125213736,0.44865991421313006,0.0807671544000349,0.36789275981309516,0.05192541537535467,leaning_sideways
0.9612692663154346,0.0,-0.28374460339546204,0.8599255216700834,-0.0538022404293844,-0.3116407096385956,0.8038199108473798,0.02222126093808848,-0.2925129532814026,0.6163292029597495,0.09935561151537249,-0.25253987312316895,0.49262237509766027,0.3136957048370593,-0.22124680876731873,0.021476762954886076,0.9344558193089931,-0.0123307378962636,-0.021476762954886076,1.0655349223913861,0.012502533383667469,6.957504868825834,-38.70997508835154,-55.05419112695651,119.99148214939048,0.40679347728672977,-0.1476823117419751,0.5544757890287049,-0.2143400933216868,looking_down
0.12945002884463017,0.0,-0.10071521252393723,0.05525332597078124,-0.02614084244826246,0.03557901084423065,0.029652717980397626,-0.01297877212359248,-0.10844045877456665,0.00887093287731358,0.23244467968547983,0.17943836748600006,-0.005889646942743722,0.2656954502541896,-0.21468637883663177,0.004562324629103979,0.9843823235124669,0.1200285479426384,-0.004562324629103979,1.0156135734408196,-0.11991189420223236,12.671281622826378,-81.32996488490248,-89.88626412671611,113.9372448966575,0.12795938587734523,0.1264687429100603,0.0014906429672849285,-0.03325077056870979,looking_up
14.28630637599269,0.0,-0.010530156083405018,13.761724906135196,-3.570917152197799,0.06493767350912094,13.582061260607892,-2.65419766549224,-0.1040426716208458,9.384118587946244,-4.214611238539059,0.16254296898841858,9.62487688066247,-2.8741306498895485,-0.1839049607515335,-0.03360535495584475,0.5753746249087696,0.10609161853790283,0.03360535495584475,1.424529117581503,-0.10588788986206055,78.83347648465926,5.915713000669305,-25.55355484306678,79.81789650108355,4.7818086416883325,-4.722689092616024,9.504497734304357,-1.3404805886495108,looking_up
0.006915441147569036,0.0,-0.37507420778274536,0.15677138987457026,-0.010116648534572522,-0.42628997564315796,0.09136040355306119,-0.03314044492562907,-0.17340050637722015,0.1834797338631933,0.3912614018653676,-0.5474302768707275,0.052999053140787664,0.25745715728746404,0.034136515110731125,0.03979415306942308,1.1058957605415074,-0.17663845419883728,-0.03979415306942308,0.8941009191173669,0.1774757206439972,169.53972657887556,-89.03521897083039,-80.07354401845818,-134.27950433002667,-0.11132395235442144,-0.22956334585641192,0.11823939350199048,0.13380424457790357,good_posture
0.7601374189764625,0.0,-0.23548206686973572,0.6011774704615347,-0.0993916317243822,-0.08844391256570816,0.4863862423724806,-0.09062746037600537,-0.325608491897583,0.37621352765343824,0.1481600270571518,0.06740700453519821,0.11467695138025924,0.25109089766150583,-0.40352490544319153,0.07446231472053637,0.9489865827127161,0.1482323408126831,-0.07446231472053637,1.051006728250992,-0.1482139229774475,23.708013730064515,-44.6423373732559,-72.95109507623071,158.5172839301397,0.5146921794596138,0.26924693994276505,0.24544523951684874,-0.10293087060435402,looking_down
0.5243236790706943,0.0,-0.23936177790164948,0.496830647135391,-0.08416060205613912,-0.0027820838149636984,0.4453311893489039,-0.15935195850083822,-0.2615152597427368,0.34341868894583466,0.13975331274317881,0.1801033616065979,0.16578174311452887,0.07864980642053322,-0.3977597951889038,0.0636989569148917,0.9870712691387399,0.1725916862487793,-0.0636989569148917,1.0129247943520066,-0.1716531217098236,66.38073911019886,-46.85319219131648,-74.04943441329692,-161.01782211704932,0.2697234630405126,0.015123247010330854,0.25460021603018174,0.06110350632264559,leaning_sideways
0.6350516722585667,0.0,-0.2763833999633789,0.5992322170141186,-0.04499169151291272,-0.020529339089989662,0.49160939316523083,-0.09401328925544963,-0.27352431416511536,0.4179036103846583,0.24076543009051002,0.17591777443885803,0.23157478327055622,0.1906680306087465,-0.4409560561180115,0.08892189744517008,0.9763296006130914,0.17203553020954132,-0.08892189744517008,1.0236665831361098,-0.1711980402469635,37.791084130363785,-52.26993754439856,-67.50753181245528,-164.95102576202382,0.31031247543095947,-0.014426721396647801,0.32473919682760727,0.050097399481763505,leaning_sideways
0.4979844529941854,0.0,-0.18410353362560272,0.430573971161484,-0.10922431021767165,0.016901308670639992,0.3854880183203416,-0.10962069668962347,-0.27260079979896545,0.2828556735109616,0.17450345523139316,0.1932290643453598,0.13420592126539282,0.18885974639784306,-0.4124079942703247,0.08584718868536233,0.9476086245582845,0.18036013841629028,-0.08584718868536233,1.0523873776891097,-0.1789425015449524,50.57724542038334,-55.576281233778786,-75.70364480072406,174.4835985803754,0.2894536556060082,0.08092285821783102,0.2085307973881772,-0.014356291166449903,leaning_sideways
0.3635455970706178,0.0,-0.38086986541748047,0.35631650044876567,-0.1233075825469567,-0.20201872289180756,0.26065016103903893,-0.20334029095516828,-0.3091091811656952,0.2935231536660572,0.0839857851463215,-0.047737814486026764,0.047034679380145064,-0.009057032481928278,-0.3382030725479126,0.08531787686028246,0.9495141501843466,0.08411666005849838,-0.08531787686028246,1.0504809153547108,-0.08283080160617828,71.36922171886563,-55.46001143185959,-79.96776896938042,-159.31981735245023,0.19326668054751664,0.02298776402441549,0.17027891652310115,0.09304281762824979,leaning_sideways
0.5283410754793774,0.0,-0.24285988509655,0.45230986528954065,-0.08345162200158705,-0.025647131726145744,0.4137880047201779,-0.09216496251180141,-0.32323136925697327,0.3008651260196551,0.1939308603129539,0.16503392159938812,0.13924769995632666,0.22334352072121455,-0.4826057553291321,0.06719763915350078,0.9629259232738219,0.17453505098819733,-0.06719763915350078,1.0370706212512204,-0.1733984798192978,42.65945732469324,-54.303207943176716,-74.46016921859021,169.68565697127084,0.3082846624913865,0.08822824950339558,0.2200564129879909,-0.029412660408260655,looking_down
0.9462700002502074,0.0,-0.14109452068805695,0.8639690925810699,-0.17296232636416006,-0.01967662200331688,0.8390579335368571,-0.17665805050276528,-0.22762250900268555,0.5573451460938093,0.020576580626971184,0.12749651074409485,0.5100772781844388,0.0783971957065051,-0.3174201250076294,0.04180927533108597,0.9680153641514359,0.13152764737606049,-0.04180927533108597,1.0319781468543308,-0.13107870519161224,61.539934801280914,-35.21350641941001,-60.68579303678681,129.26571050992825,0.4125587881110834,-0.1211524240280406,0.533711212139124,-0.05782061507953391,leaning_forward
-0.3677872253528548,0.0,-0.10619916021823883,-0.26011185902726724,-0.06646383388757177,-0.22002309560775757,-0.2880769629834569,-0.062253028114866604,-0.011973455548286438,-0.11343310078574223,0.279812246238212,-0.32132530212402344,-0.1529843884310956,0.19439668182263922,0.12151546031236649,0.026093577232194295,1.0574541655434844,-0.14694534242153168,-0.026093577232194295,0.9425419762550472,0.14759504795074463,145.51447971290656,-115.0485648054616,-99.90455483201413,-114.8462805060705,-0.23457848074443588,-0.10136973613601696,-0.13320874460841892,0.08541556441557277,leaning_forward
-0.5187524506757135,0.0,-0.012636130675673485,-0.4313868880250129,-0.12102200726024936,-0.1746411770582199,-0.44770844862154896,-0.109014498414848,0.12424367666244507,-0.21071391842946474,0.11732066410406446,-0.34517624974250793,-0.2537156120301066,0.11028043882069515,0.3077000379562378,0.02804309826132973,1.0246678512908105,-0.19487488269805908,-0.02804309826132973,0.9753280715472887,0.19531048834323883,124.55238393360447,-132.17974949812842,-104.68337763677216,-170.70203998322663,-0.28653768544592784,-0.054322920216142156,-0.23221476522978568,0.007040225283369311,leaning_forward
-0.2741323768739923,0.0,-0.46775922179222107,-0.15104057749149444,-0.02227132874624127,-0.5801547765731812,-0.2056305138840586,-0.07132908038378859,-0.3600771129131317,-0.056434148053433136,0.36327264610892224,-0.6073165535926819,-0.0978803520531968,0.13121560008188168,-0.18930481374263763,0.03865524316889765,1.0872323607289018,-0.14755281805992126,-0.03865524316889765,0.9127640846520261,0.15133927762508392,153.96282378361826,-108.98792946888346,-95.85237558766943,-100.12645322683035,-0.1969751268206773,-0.11981787676736233,-0.07715725005331497,0.23205704602704055,looking_down
0.538254819021999,0.0,-0.2649220824241638,0.49513403308034937,-0.09766287999583664,-0.05694698542356491,0.4254605144823004,-0.159461906667249,-0.3006424009799957,0.3447696476039885,0.14641636558047144,0.11393272131681442,0.14758939314893857,0.10031076184261964,-0.42190855741500854,0.08321746368474114,0.972121976269064,0.152803435921669,-0.08321746368474114,1.0278738200892172,-0.15184898674488068,58.76825395662556,-49.638013138294525,-74.31401015335877,-166.8392837909097,0.2920752986455355,0.04589577826907196,0.24617952037646354,0.0461056037378518,leaning_sideways
0.3683634197157277,0.0,-0.36374756693840027,0.32495496165320387,-0.12252132508478544,-0.22803319990634918,0.24944230645494964,-0.1524331580091664,-0.3461710512638092,0.2549409890896616,0.06296915200959334,-0.09391694515943527,-0.0036700106233549705,0.12172981270666057,-0.3765696883201599,0.08832081437603859,0.9450614689503398,0.07493381947278976,-0.08832081437603859,1.0549337888394525,-0.07396673411130905,59.44294707455924,-54.89362293728096,-82.11926820090959,167.19880270251667,0.24272793048257438,0.11709244124942103,0.12563548923315335,-0.05876066069706723,leaning_sideways
0.3580265673845066,0.0,-0.08871819078922272,0.28275198947820357,-0.06227164863296599,0.019306182861328125,0.26051482707828716,-0.05742437408399193,-0.1775224506855011,0.1776945347818114,0.234785634901222,0.17754752933979034,0.12772675930295133,0.22695384843844726,-0.2776624858379364,0.013281459445843163,0.9964121747041543,0.14265185594558716,-0.013281459445843163,1.0035820077286293,-0.14247998595237732,34.711900679394404,-67.7521967600306,-78.76994378170805,-171.09211910477816,0.20531592034212523,0.05260527329974385,0.15271064704238138,0.007831786462774742,looking_down
-0.616784050485021,0.0,-0.05836252495646477,-0.49131074636144967,-0.11507982872988852,-0.2036506086587906,-0.5160850032706849,-0.10448534288874045,0.05808746814727783,-0.2954541393914723,0.20415064615104278,-0.3434942662715912,-0.3263351273836015,0.176269823309586,0.23297910392284393,0.03147295814509714,1.0543543729758063,-0.18504904210567474,-0.03147295814509714,0.9456418589843105,0.18565157055854797,135.84923474083902,-122.72856519224784,-111.00284834328464,-137.9227770131122,-0.3058894170974842,0.005005216290052683,-0.31089463338753687,0.027880822841456793,leaning_forward
0.08632067168856208,0.0,-0.27223116159439087,0.20215214853938748,0.0723268023145328,-0.3274836838245392,0.16122676110629314,0.01633356052141372,-0.0915164202451706,0.1593334423318252,0.4566831261823921,-0.4430329501628876,0.08414561116364322,0.2884079361331499,0.08901235461235046,0.016556102752105662,1.071189773862186,-0.16142283380031586,-0.016556102752105662,0.928807245783335,0.16232606768608093,-155.06962597012938,-79.64879016655773,-79.01979713232105,-114.07579460433074,-0.035418855059172125,-0.15715838180690633,0.12173952674773421,0.16827519004924218,looking_up
-0.22109523751578103,0.0,-0.45052435994148254,-0.3620864882516888,-0.0336832491260561,-0.25354546308517456,-0.49063749798008266,9.397056301438984e-05,-0.48256629705429077,-0.231017108604526,0.22381256154003393,-0.06441318988800049,-0.666960290921339,0.4499763427312187,-0.5511109232902527,0.0883450919386894,0.8950293690207832,0.15353994071483612,-0.0883450919386894,1.1049637237965957,-0.15346430242061615,4.677441856963343,-86.33958019223348,-124.10206353619563,152.5800824305561,0.22789346224715146,0.676882162010084,-0.4489886997629325,-0.2261637811911848,slouching
0.6677982154609167,0.0,-0.1422344297170639,0.5739876310065045,-0.14372347245106676,0.00011789198470069095,0.5422262085687377,-0.15297725014677147,-0.26527732610702515,0.35190119869160097,0.1196207894351932,0.16584867238998413,0.24268604599436283,0.10323316907872253,-0.383023202419281,0.09959254732700279,0.9642420243315881,0.14875952899456024,-0.09959254732700279,1.0357525135463224,-0.14844785630702972,53.52051933618827,-44.88598358325711,-71.50103438893204,-171.46649079390505,0.37050459311793477,0.07321097077495287,0.2972936223429819,0.016387620356470678,leaning_forward
0.2593645749324556,0.0,-0.17114250361919403,0.47147734216860887,0.014162368043000417,-0.2990915775299072,0.38628757844034245,-0.00598569066470465,0.013963018544018269,0.4815615501728803,0.3426152413340801,-0.49352073669433594,0.2806157931956895,0.28175541551157973,0.25616493821144104,0.031725758184519386,1.0616427087033333,-0.2508591115474701,-0.031725758184519386,0.9383529680202954,0.25145018100738525,-178.61843987008382,-81.18222905946479,-61.01096319086053,-163.15017459850688,-0.12172409675182927,-0.5028127684361141,0.3810886716842849,0.06085982582250038,slouching
-0.591577965877593,0.0,-0.5972270965576172,-0.6683361687415488,-0.047603890319645514,-0.3675782382488251,-0.8728457380112776,0.03920669089133033,-0.6085513830184937,-0.44617440598300573,0.22872109980076993,-0.12977465987205505,-0.8037133864487784,0.5142248044891198,-0.6606957912445068,0.07111922254830835,0.8842935254112797,0.1654120683670044,-0.07111922254830835,1.1156992545180682,-0.1652875542640686,1.3435781979900974,-111.19120542597086,-134.8363802044067,141.39177083462624,0.033365930338299044,0.6583098265541911,-0.6249438962158921,-0.28550370468834985,slouching
0.9992548925467667,0.0,-0.15192198753356934,0.930439050020941,-0.19814581372540602,-0.010443447157740593,0.9066850239289882,-0.2215940859904889,-0.23528264462947845,0.6012239248087825,-0.01999943884391519,0.15420137345790863,0.5519449415364046,0.007731643483153686,-0.339607834815979,0.05055225667283521,0.9624023766144081,0.1436011791229248,-0.05055225667283521,1.0375907401947215,-0.14313916862010956,68.96875733081345,-30.784729403641037,-60.18421821593631,150.63195419386284,0.42267045937417314,-0.15391397379842042,0.5765844331725936,-0.027731082327068876,leaning_forward
0.5316988088374514,0.0,-0.18538250029087067,0.45842639261928625,-0.11351675808747948,0.028742404654622078,0.42134982922382674,-0.12167066062108908,-0.26320165395736694,0.2876396018641422,0.16949651930482051,0.2563631236553192,0.15116939586779238,0.17291484146949773,-0.43766820430755615,0.05894870871315443,0.9529521616058645,0.2030523717403412,-0.05894870871315443,1.0470446443017203,-0.2012059986591339,52.0192405095899,-52.64011127100677,-75.1723448777214,178.5651484396116,0.31229430997148405,0.09288981110551675,0.2194044988659673,-0.0034183221646772177,looking_down
0.08926321901738321,0.0,-0.3222743570804596,0.20169062100338322,0.08518057612210478,-0.406527578830719,0.1696654245804306,0.03276807297200678,-0.13520599901676178,0.14463137797052508,0.4400206327082236,-0.5371023416519165,0.08434026390740516,0.27840837451283623,0.05832710862159729,0.01628318131929275,1.0689724808334928,-0.1785624474287033,-0.01628318131929275,0.9310248194155432,0.18073904514312744,-148.54700355944863,-76.66052858470121,-79.87012233657411,-110.45854721317217,-0.02522260192158192,-0.13970842286054705,0.11448582093896513,0.16161225819538738,looking_up
0.35414912851480934,0.0,-0.10467422008514404,0.26814799701750697,-0.04318816430804793,0.21875150501728058,0.19233722760550725,-0.05516611994488515,0.007279739249497652,0.21245225446931867,0.33935821078703726,0.2976546883583069,-0.003712674253975809,0.3028696004215405,-0.15090250968933105,0.08937670685360403,1.0152250313516449,0.12220846861600876,-0.08937670685360403,0.9847714710719668,-0.12233062088489532,21.647587006147916,-71.2255915984378,-81.25993513152477,-170.41879926405147,0.2497793384071379,0.14540954829946645,0.10436979010767143,0.036488610365496776,looking_up
-0.49517663960280117,0.0,-0.025609005242586136,-0.3957933193616246,-0.07644727922317889,-0.17350199818611145,-0.4013649859757589,-0.06560070241172541,0.11783784627914429,-0.22191886090758567,0.19515803631099748,-0.33995187282562256,-0.23167035174631745,0.17998740992601625,0.3074515163898468,0.024555194785312685,1.0233611868674242,-0.20040297508239746,-0.024555194785312685,0.9766349423869942,0.20090681314468384,143.6745496857608,-123.59589575525494,-105.59747297431473,-122.73240765667923,-0.26838203327584964,-0.04158742694889808,-0.22679460632695156,0.015170626384981234,leaning_forward
-0.1419569949206772,0.0,-0.2765236794948578,-0.019403115664243003,-0.028595303763368496,-0.40534892678260803,-0.062236533059146525,-0.044480956087767955,-0.05490335822105408,0.01179445675584523,0.28072551651616945,-0.5733729004859924,-0.044913961543398655,0.2506092810898981,0.2061646580696106,0.02101959092224697,1.0329849532671826,-0.22252291440963745,-0.02101959092224697,0.9670124146219267,0.22351017594337463,160.13658006313617,-94.58967560722583,-91.29184627679307,-152.0284940032677,-0.1253972425269005,-0.10883749013312377,-0.016559752393776713,0.030116235426271343,looking_up
0.5293962891556797,0.0,-0.6232765913009644,0.51635823955263,-0.05499379533327943,-0.2790527939796448,0.38546376923791953,-0.12161428681307951,-0.5053587555885315,0.456181420424771,0.18379469228634499,-0.017958033829927444,0.14551925464382673,0.10467773396097192,-0.6276298761367798,0.10462160884098236,0.9762744325250562,0.16472788155078888,-0.10462160884098236,1.0237220848184072,-0.16324841976165771,48.369069095186966,-57.165422270298656,-70.63044691712929,-165.712094587155,0.22854595162138086,-0.07230438591291799,0.30085033753429885,0.07911695832537306,leaning_sideways
0.1565809765320918,0.0,-0.4031827449798584,0.08565344544969912,-0.032601842006547165,-0.15097682178020477,0.03847102986357276,-0.027705998199756967,-0.45200371742248535,0.06385418708288747,0.2606483835689563,0.09304829686880112,-0.06905503682264841,0.3113992656887146,-0.5982378125190735,0.04171779190381444,0.9551757790786732,0.21179956197738647,-0.04171779190381444,1.044821565420331,-0.21000917255878448,17.69402666242259,-78.44161866799057,-90.20868061622083,159.1008334356727,0.15918140140197226,0.16178182627185272,-0.002600424869880471,-0.05075088211975831,good_posture
-0.7240487625595468,0.0,-0.05535280704498291,-0.6124312483221814,-0.13633568867084325,-0.23244808614253998,-0.6359402238876289,-0.13555816486389327,0.07092700898647308,-0.38825963040007566,0.19198296709920476,-0.4172637462615967,-0.383344182544865,0.08744977605037756,0.2660386264324188,0.01670759878157754,1.061573040637975,-0.22259746491909027,-0.01670759878157754,0.938422582685342,0.2229616343975067,126.30002211456917,-130.85208576683596,-114.15433142433885,-87.30777267760158,-0.3382468560870764,0.04755505038539398,-0.38580190647247037,0.1045331910488272,leaning_forward
1.1195794421264438,0.0,-0.14024032652378082,1.0418661217844132,-0.23012809402829562,-0.007705714087933302,1.0036650050960574,-0.27048423279985245,-0.20541337132453918,0.695380887519857,-0.03747588315264238,0.14278380572795868,0.6027746885942538,-0.05748766750199503,-0.29657500982284546,0.08183902860580627,0.9623202386620408,0.13042476773262024,-0.08183902860580627,1.037672094419447,-0.1301214098930359,68.85443471214147,-28.49153026686783,-58.21525539840799,-167.8061381837319,0.4705016540693884,-0.17857613398766703,0.6490777880570554,0.02001178434935265,leaning_forward
-0.02922063566193091,0.0,-0.3132440447807312,-0.09052981046592358,-0.05795041308063402,-0.15109384059906006,-0.14431165759536024,-0.023555974912200017,-0.31696590781211853,-0.12114079384446842,0.25696397069122057,0.00915067084133625,-0.14728392305709334,0.3573500751056649,-0.37456467747688293,0.008723921166010454,0.9468859547795698,0.11416659504175186,-0.008723921166010454,1.0531104701239369,-0.11303065717220306,24.79947914633464,-87.23680661298009,-100.96315447263957,104.5970643412046,0.10499172278884998,0.23920408123963088,-0.1342123584507809,-0.10038610441444434,slouching
0.30596708159954134,0.0,0.08078128844499588,0.2481657323064127,-0.04132946964226365,0.4086432456970215,0.1341844503125289,-0.07193267043980446,0.23512376844882965,0.19725172427736037,0.34642113787823337,0.5186514258384705,0.02807845830932067,0.24656376319688297,0.03964828699827194,0.0641308548651076,1.0373457756393523,0.14641393721103668,-0.0641308548651076,0.9626505114204448,-0.14720816910266876,26.258801993931048,-77.46530043878894,-80.90145026919707,-149.44805407401364,0.19330199030620082,0.0806368990128603,0.11266509129334053,0.09985737468135039,slouching
-0.17503637335796493,0.0,-0.1267997920513153,-0.061377589590127804,-0.04200422345830166,-0.2362229824066162,-0.09487984008561579,-0.03637174698595925,0.02605079859495163,0.06529529590204758,0.2902211309355321,-0.3809659779071808,-0.050681106098079284,0.25912449961596246,0.17633149027824402,0.03933236502089701,1.0464995241492994,-0.18132635951042175,-0.03933236502089701,0.9534969855177466,0.1817726194858551,157.9823398999852,-105.22748878854986,-89.42280869670238,-164.99039081094065,-0.18234346825994907,-0.1896505631619332,0.007307094901984148,0.031096631319569634,leaning_forward
-0.06957792737361422,0.0,-0.46605634689331055,-0.0959601737684616,-0.05264442063937734,-0.36602407693862915,-0.17276851591668754,0.04818259131672028,-0.46924710273742676,-0.15846882901879303,0.19507782435227783,-0.2560659945011139,-0.11091006268788621,0.47560552849154136,-0.40964049100875854,-0.010145837786132454,0.9157649167333995,0.055029191076755524,0.010145837786132454,1.0842307393821768,-0.054041970521211624,1.9721959207803776,-89.94482102349056,-101.45559323185323,80.37794973625125,0.06511151847972539,0.199800964333065,-0.1346894458533396,-0.28052770413926353,slouching
-0.25621617870854696,0.0,-0.4954873323440552,-0.11409326262185022,-0.08236919662167663,-0.5941709876060486,-0.20242613192357214,-0.11065029912650964,-0.34325090050697327,0.02327571901196151,0.2968750199357772,-0.6355540752410889,-0.09805317076177074,0.10649194820436166,-0.14186912775039673,0.0595438993682996,1.0905472363501056,-0.16487856209278107,-0.0595438993682996,0.9094489523660033,0.1688108891248703,135.42624469174982,-112.0648999582787,-92.68146407894946,-122.50888223857946,-0.21882745283364236,-0.18143872695873775,-0.03738872587490462,0.19038307173141555,looking_down
0.3810981210628499,0.0,-0.6070376634597778,0.5611551147196463,0.09529878349280457,-0.6184085607528687,0.47926333103446905,-0.025494601045332955,-0.4430021047592163,0.4134781068301178,0.582998094655325,-0.6660639643669128,0.3356716828686406,0.17308011989316166,-0.23482269048690796,-0.0026770038843016526,1.1569433774045979,-0.13782143592834473,0.0026770038843016526,0.8430527611327248,0.13901500403881073,-165.91557654083059,-67.00264492410471,-58.94153930755353,-100.74744541084102,0.006523226213470679,-0.36805166863590855,0.3745748948493792,0.4099179747621634,slouching
0.028523041344480134,0.0,-0.4516124427318573,0.1741802119101007,0.0020728543263263052,-0.45692452788352966,0.10011309387759458,-0.026024910459180997,-0.24933549761772156,0.17398787577790192,0.42955654674000193,-0.521979033946991,0.058715438198266405,0.2753570568934486,-0.06714789569377899,0.032353176269117725,1.1050786452447479,-0.13675954937934875,-0.032353176269117725,0.8949179400834696,0.13777950406074524,173.7084059412401,-86.73417214080598,-79.81366635382145,-126.78009731173147,-0.08782861564360403,-0.2041802726316882,0.11635165698808417,0.15419948984655335,good_posture
0.42660520410155794,0.0,-0.21252915263175964,0.3371729691086233,-0.07574735211436931,0.07745025306940079,0.2935653368180095,-0.08671328062383844,-0.24702705442905426,0.24364948962290991,0.25489198066577134,0.3312278091907501,0.08504911440220199,0.22772713341707948,-0.46306461095809937,0.05341055974697903,0.9833123946808527,0.22565053403377533,-0.05341055974697903,1.0166846351575243,-0.22322742640972137,36.138851211574725,-64.91003283596427,-77.77727978055952,-170.28077012042556,0.26225590208900196,0.097906600076446,0.16434930201255596,0.027164847248691865,looking_up
0.6909218809570269,0.0,-0.1819760948419571,0.6264328607389585,-0.1906688040861396,-0.03330593183636665,0.5806807584147848,-0.21438117043481375,-0.24308188259601593,0.4089379562408874,0.0264276066220286,0.12029443681240082,0.3396783805055487,0.1170861509099,-0.35283392667770386,0.047931474751461714,0.9539875135293823,0.14270399510860443,-0.047931474751461714,1.0460072602705883,-0.14206120371818542,66.66563638835018,-50.11064798790607,-68.03849938236766,127.378410006028,0.3166137125838088,-0.05769445578940924,0.37430816837321806,-0.0906585442878714,looking_down
0.21078847552936458,0.0,-0.3905174732208252,0.3798155573871089,0.047881622837228015,-0.4512859284877777,0.3227249193913386,-0.013063020326713408,-0.21808916330337524,0.32585885431424966,0.4883039685315972,-0.5441260933876038,0.23266610173575658,0.24888350277555665,-0.033135686069726944,0.009378941224449258,1.1276909735287999,-0.15360382199287415,-0.009378941224449258,0.8723054992379037,0.15452556312084198,-172.93559734885278,-78.41253286405828,-66.14078030992152,-111.26812969125326,-0.06847400249563856,-0.3477364805206417,0.27926247802500315,0.23942046575604053,slouching
-0.05236844366502688,0.0,-0.3354938328266144,-0.10163518973900915,-0.01321334154499366,-0.2928645610809326,-0.09488399859682738,0.05145642449383495,-0.40405192971229553,-0.12054508679949168,0.29551453464317107,-0.2102709710597992,-0.024597021559199673,0.4729173619222503,-0.39152416586875916,-0.018357540561763266,0.956063170719782,0.07458154857158661,0.018357540561763266,1.0439338578960775,-0.0730752944946289,-22.620108313008636,-94.02477602292254,-96.72140447083675,61.593324283701065,0.02020261051431879,0.09277366469366446,-0.07257105417934567,-0.17740282727907924,looking_up
0.8179188557423525,0.0,-0.17296789586544037,0.7543295033471528,-0.22424018251623537,-0.04650193452835083,0.6938608617843095,-0.27037534021269766,-0.2214236855506897,0.5487857119223385,0.05995839752772996,0.07706447690725327,0.3171026142443074,-0.01931078322330145,-0.3029434382915497,0.11109452990434208,0.9666061834913011,0.11053085327148438,-0.11109452990434208,1.033385989789257,-0.11019349843263626,69.22424535875726,-42.58981334973853,-66.15804442701429,-161.11188168587347,0.3849746926590295,-0.04796947042429345,0.43294416308332295,0.07926918075103141,leaning_sideways
-0.33582065583520704,0.0,-0.4254070222377777,-0.1985797076312693,-0.02777199271337515,-0.5323952436447144,-0.2518067351759559,-0.06218640721441725,-0.2571614980697632,-0.10817276293049824,0.3013030274987532,-0.610429048538208,-0.1473716074240712,0.17042198354405955,-0.03474777936935425,0.012671461215510512,1.0443445203198487,-0.17896561324596405,-0.012671461215510512,0.9556522862438933,0.18307426571846008,157.87419206294223,-109.13112273973411,-99.49268339861351,-106.67294683362176,-0.2080484706579223,-0.08027628548063759,-0.12777218517728473,0.13088104395469366,looking_down
0.24006865927937668,0.0,-0.09381823241710663,0.10050305797475113,-0.1621514429097111,0.010489155538380146,0.09772385460748359,-0.15380420431583486,-0.21961747109889984,0.049739489652432745,0.1762864566268872,0.1652788519859314,0.12647204181199664,0.3039848861146378,-0.3383032977581024,-0.008112806946348559,0.9704392259221944,0.14795918762683868,0.008112806946348559,1.0295570605308797,-0.14758270978927612,48.25916527735132,-88.41619646027902,-83.38611028942401,58.998814957784425,0.15196289354716197,0.06385712781494728,0.0881057657322147,-0.12769842948775062,looking_up
-0.9222505994644901,0.0,-0.1293630450963974,-0.9052167905711417,-0.3340989516663227,-0.1483861207962036,-0.9430928585006969,-0.06691938648222216,0.026739031076431274,-0.5112440501233061,-0.08996730049303678,-0.20738577842712402,-0.6729881336952397,0.16485071669581133,0.1447821408510208,0.07962977813174096,0.9469439303721425,-0.10887127369642258,-0.07962977813174096,1.0530508405679175,0.10892481356859207,89.4558813424237,-144.37325722259882,-121.59774968039491,122.40507339229595,-0.3301345075552172,0.2619815843540556,-0.5921160919092728,-0.2548180171888481,leaning_forward
0.7082908261494827,0.0,-0.1846955120563507,0.6232344901416402,-0.12674609090386843,-0.05668792873620987,0.5963116495993948,-0.12859881128798542,-0.29552337527275085,0.3771568149293959,0.10632321760970263,0.11416560411453247,0.35080531521168673,0.22587096576383062,-0.3718849718570709,0.02695436279463368,0.9538048834890258,0.14265389740467072,-0.02695436279463368,1.0461898279546031,-0.14229953289031982,52.34462079432708,-50.08134746175557,-66.41967730465691,102.43072861865298,0.34430976107894135,-0.019671303991599998,0.36398106507054134,-0.11954774815412798,leaning_forward
0.11130172171242966,0.0,-0.30911028385162354,0.04703488354427194,-0.05012548756565844,-0.23744598031044006,-0.005362035546135989,-0.016955821975582503,-0.3372892141342163,0.04349956560614343,0.22757272719452512,-0.12196660786867142,-0.05192531732869978,0.34650255417884407,-0.3319895267486572,0.0253521626536451,0.9564260351408223,0.08337190002202988,-0.0253521626536451,1.0435686733262421,-0.0833272933959961,20.342621354243956,-85.53210896022082,-90.33855657279975,128.74226509861813,0.11551459757370784,0.11972747343498602,-0.004212875861278175,-0.11892982698431895,slouching
0.44407432047851514,0.0,-0.06961967051029205,0.3290681755049149,-0.07272677401996196,0.10602113604545593,0.2899321602206339,-0.0774720702486965,-0.26491811871528625,0.06411408913870388,0.18616921262748715,0.33776170015335083,-0.02497280763534536,0.1928125840637231,-0.48007717728614807,0.04241596801970966,0.9690407958666075,0.23721149563789368,-0.04241596801970966,1.0309543629007918,-0.23645564913749695,29.16380443682326,-42.38364579088856,-88.61679453513973,175.7352435100891,0.4245036797268359,0.40493303897515665,0.019570640751679257,-0.006643371436235945,looking_down
0.6648062539918135,0.0,-0.08223806321620941,0.5678965567622822,-0.12502871995345374,0.040975574404001236,0.5698131250924826,-0.11497678815170302,-0.21711008250713348,0.3544891582553774,0.10924341755027946,0.21647116541862488,0.3646508236459639,0.17899516842426685,-0.32489490509033203,0.01318314346053705,0.9703723809477423,0.1512584537267685,-0.01318314346053705,1.0296229345125063,-0.15108700096607208,51.35498136424723,-51.607422474599616,-67.2118426141072,81.71127235962818,0.3052362630411428,-0.05433372790952784,0.35956999095067066,-0.0697517508739874,leaning_forward
0.0759742788439154,0.0,-0.273199200630188,0.19810786165713595,0.079708297476052,-0.36152714490890503,0.16537274944447902,0.029588915644169416,-0.09882863610982895,0.1494890468735352,0.45917862161196393,-0.4922773838043213,0.09054118852455713,0.2874971435498006,0.09356783330440521,0.010500481032196396,1.1013446606301367,-0.1805163323879242,-0.010500481032196396,0.8986524845376931,0.18146274983882904,-152.67490032602942,-79.03841789096393,-79.15826028946874,-108.95021427344064,-0.04404083885513076,-0.16405595655417693,0.12001511769904616,0.17168147806216333,looking_up
0.4400087486511299,0.0,-0.1600014716386795,0.4023352809187715,-0.09190577191676733,0.03625873103737831,0.34471364397720156,-0.13083792703927577,-0.26287779211997986,0.25967452805773117,0.12200876435188272,0.22129331529140472,0.14738026854338904,0.16338483814739496,-0.4257781207561493,0.04909061194233187,0.9582698962906654,0.20545773208141327,-0.04909061194233187,1.0417265951286125,-0.2044689655303955,59.16458415553395,-56.213561560115686,-76.64495002062498,159.77311694663467,0.23648135035056977,0.03295395205000967,0.2035273983005601,-0.04137607379551224,leaning_sideways
0.5258540777344635,0.0,-0.1895008683204651,0.4349813825564593,-0.09406603077814356,-0.01495699305087328,0.40374509582327434,-0.09685843699061562,-0.2994977831840515,0.2720839032711739,0.2078323378298541,0.1803288608789444,0.15164571225207232,0.24897820720398497,-0.45544782280921936,0.05637148010957364,0.952676506967604,0.18616387248039246,-0.05637148010957364,1.0473201137412944,-0.18580973148345947,41.87419722471465,-57.35274965682041,-74.6460688245158,161.13805080322933,0.3139892699728404,0.10212446221121729,0.2118648077616231,-0.04114586937413087,looking_down
0.18023562369799995,0.0,-0.11691045016050339,0.3685773549281274,-0.002263840015712424,-0.2695021629333496,0.33539396324379966,-0.01347597230336455,0.020215943455696106,0.33734337632924477,0.3431524392775928,-0.43996232748031616,0.34858210615356283,0.3058089895654395,0.2262193113565445,-0.025850476237189456,1.0334620259171476,-0.21734745800495148,0.025850476237189456,0.9665322895909071,0.21794354915618896,177.37643594046344,-88.44487080161053,-63.082889764184934,-73.25052455493467,-0.16272711754340385,-0.5056898587848077,0.3429627412414038,0.03734344971215331,slouching
1.175104380063946,0.0,0.0995701402425766,1.016689020767987,-0.1027213848725757,0.19559785723686218,1.0123724111964711,-0.08435306288016141,-0.14473004639148712,0.6279842289659666,0.10324203223628949,0.44667741656303406,0.834269561587677,0.22638875582847864,-0.3914078176021576,-0.029495655113698775,0.9435963778352279,0.2706582248210907,0.029495655113698775,1.0563980138095357,-0.2700697183609009,30.221616377136378,-42.35248832807639,-48.800757438275426,30.836050678836536,0.4439774847871243,-0.28714941048969744,0.7311268952768217,-0.12314672359218916,looking_down
0.8154524467860861,0.0,-0.2695779502391815,0.82138455631479,-0.04253661286488224,-0.04889582097530365,0.7217887218745688,-0.2053728325522555,-0.19411984086036682,0.6677323355697093,0.24871861655194547,0.09649430960416794,0.46996525299011305,-0.023390278311365368,-0.2807554602622986,0.0785892387222818,1.0750490042045668,0.09760639816522598,-0.0785892387222818,0.9249452953381965,-0.09685487300157547,70.51185516142587,-49.40964366798828,-57.33700036210166,-126.00942514467513,0.2466036525061749,-0.3222451417737363,0.5688487942799112,0.27210889486331086,leaning_sideways
0.5257119732327433,0.0,-0.2693195343017578,0.5069972747057382,-0.03504653074121301,-0.05382663756608963,0.3930711991368294,-0.08933156028378832,-0.28583693504333496,0.3976838473938864,0.27503064498029883,0.1166563630104065,0.10271926165831655,0.20912685611727677,-0.44048699736595154,0.09779958403526755,0.9542044532146516,0.14017298817634583,-0.09779958403526755,1.045791937046041,-0.13926906883716583,39.41204676134539,-56.704459960436395,-71.73110171857735,-167.4052925891231,0.27551041870664184,0.025308864180540347,0.2502015545261015,0.06590378886302206,leaning_sideways
0.8940091039784709,0.0,-0.20148073136806488,0.7313654354356715,-0.11615426358821933,-0.05023923143744469,0.6568779466978961,-0.11853048123025495,-0.31841009855270386,0.4134472300263208,0.13502380428874122,0.14369386434555054,0.25556791664269785,0.14342391055942005,-0.45334964990615845,0.05149185015876807,0.9549127361569396,0.17327548563480377,-0.05149185015876807,1.0450809151980023,-0.17306970059871674,30.414737751214588,-35.50591018398464,-68.76322603081323,176.9543999141593,0.5595015306439616,0.22499395730945226,0.3345075733345093,-0.008400106270678831,looking_down
0.6283352308157137,0.0,-0.1534498929977417,0.5601494616646139,-0.17743722590701644,-0.008895719423890114,0.5224847127431173,-0.19346701273508934,-0.2129194438457489,0.3284218702036,0.056686216848491594,0.13914136588573456,0.30652336372623884,0.14591742140412897,-0.32421061396598816,0.032699043266411355,0.9571039948370006,0.14542008936405182,-0.032699043266411355,1.042891028752133,-0.1450326144695282,64.86301518160118,-52.02386207547979,-70.54375833972458,103.7886271343436,0.31086261385079433,-0.006610003114125074,0.3174726169649194,-0.08923120455563738,looking_down
-0.3669089699831639,0.0,-0.16567955911159515,-0.24287473278227914,-0.03254583296753621,-0.31924840807914734,-0.2623095242569095,-0.05928305800894739,-0.07251103967428207,-0.14372556865190964,0.3339622018866164,-0.41829949617385864,-0.11367655854089813,0.15176577944400887,0.07289329171180725,0.005925212646678935,1.067146836510713,-0.14343589544296265,-0.005925212646678935,0.9328499452247039,0.14433914422988892,158.11753301899793,-113.22018955899506,-99.6471785808089,-80.63471707594857,-0.23820790638676004,-0.10950684279035616,-0.12870106359640388,0.18219642244260753,leaning_forward
0.350251091953023,0.0,-0.5263307094573975,0.5229996616797358,0.07891814474213388,-0.551069438457489,0.43769461891981915,-0.021865381591565432,-0.3557371199131012,0.41782528184306594,0.5553260275829406,-0.6132656335830688,0.2897883314629554,0.2218152659921624,-0.15506960451602936,0.00023243668939533466,1.1490054422049605,-0.14066535234451294,-0.00023243668939533466,0.8509908296492035,0.14171424508094788,-167.63238969066924,-70.63558162037532,-59.94387844564934,-111.00212073817384,-0.0035557146999876665,-0.35736252135299834,0.3538068066530107,0.3335107615907782,slouching
-0.10738144498982718,0.0,-0.30872249603271484,0.00023627729243124,-0.0032413486141787858,-0.3274373710155487,-0.04019467456130025,-0.017526093995374095,-0.024433942511677742,0.029012769165003446,0.3010139692778648,-0.46260136365890503,-0.03160307643264899,0.27137627878023113,0.27764612436294556,0.016108901852148794,1.0150872264169974,-0.2184790074825287,-0.016108901852148794,0.9849103390212515,0.22105300426483154,173.22479891118314,-93.6047886511103,-90.10395961788856,-153.94400468662624,-0.10608629135600442,-0.10479113772218165,-0.0012951536338227697,0.02963769049763365,looking_up
-0.2343407359812335,0.0,-0.0826544463634491,-0.1527299901421822,0.03196016700664511,-0.1730337142944336,-0.1629225426620651,0.01246412388436582,-0.01759081333875656,-0.12717465010152812,0.3171408551516684,-0.26370251178741455,-0.08830595817739129,0.29178559296810197,0.11316042393445969,-0.01411275504659349,1.0243205823539947,-0.12443406134843826,0.01411275504659349,0.975675063885402,0.12484987825155258,-163.8119904577769,-100.06249208694135,-98.80529821688532,-33.1176659604726,-0.1266004318417738,-0.0188601277023141,-0.1077403041394597,0.02535526218356643,looking_up
0.5800697328217334,0.0,-0.6268782615661621,0.5795189993636564,-0.07521294381740702,-0.3298845589160919,0.4256525345367592,-0.15348512157917796,-0.5534088611602783,0.46257234257166646,0.16240769247815046,-0.11762923747301102,0.12488373217699782,0.1173132383656038,-0.6425463557243347,0.10881503484366972,0.9729560868819279,0.14238926768302917,-0.10881503484366972,1.0270397854548226,-0.1415410190820694,55.87806866049206,-50.59358182588246,-71.14549542072656,-172.39380315232526,0.28634169544740123,-0.007386341926930884,0.2937280373743321,0.04509445411254666,leaning_sideways
-0.06561339695659814,0.0,-0.397509902715683,-0.11234669700756847,-0.013677220289958814,-0.19526627659797668,-0.1658938121237839,0.05652345714887037,-0.3960772752761841,-0.10091040092381996,0.29782586711260267,-0.012807153165340424,-0.08954340390907248,0.3965578401465683,-0.4697931110858917,0.005027318974199701,0.9508067926161644,0.1437586545944214,-0.005027318974199701,1.049190362991299,-0.14268818497657776,-16.24843617357498,-97.67369137589604,-98.29937269383258,83.4324610907884,0.029613505459848075,0.12484040787629429,-0.09522690241644621,-0.09873197303396564,looking_up
0.08058007334989988,0.0,-0.4040680229663849,0.20148430301504183,-0.018601048995399376,-0.4015388786792755,0.12279450223241144,-0.036941033191219094,-0.0769665390253067,0.23221010091264233,0.281743364550646,-0.5217270255088806,0.09413424708748155,0.23095740246544946,0.23708324134349823,0.050863343083274656,1.0485439941181403,-0.2115263044834137,-0.050863343083274656,0.9514532913231163,0.21493403613567352,161.19623500917763,-90.20826722424074,-77.62421855610008,-159.80587002441203,-0.08259210065016205,-0.245764274650224,0.16317217400006193,0.05078596208519656,slouching
0.060236663018917086,0.0,-0.14388999342918396,-0.0014058804920057389,-0.02654460514668854,0.02961823157966137,-0.060621382997673806,-0.024633617556323848,-0.24003466963768005,-0.011277691386109042,0.28668915090305486,0.23528623580932617,-0.12197838306470309,0.32326577003195484,-0.41242483258247375,0.02698682962587381,0.9606538373619627,0.17996852099895477,-0.02698682962587381,1.0393431612289774,-0.17958354949951172,15.664968408389553,-83.85081651771142,-95.47591341617962,161.71592666796684,0.12686470024432317,0.19349273746972923,-0.06662803722540607,-0.03657661912889998,slouching
-0.2058258268761984,0.0,-0.10940729826688766,-0.28460927509822054,-0.013716069585126002,0.011907770298421383,-0.30606323000266217,0.005694417473069817,-0.18653912842273712,-0.2412883639002085,0.29147186345877707,0.1583837866783142,-0.25285912472951877,0.32156682800125397,-0.2923040986061096,0.010001080890964213,0.971530113205508,0.13255491852760315,-0.010001080890964213,1.028465036242505,-0.13213925063610077,2.5656205845376574,-98.83421473339035,-109.6100633902104,111.03050267648808,0.04124791743866521,0.2883216617535288,-0.24707374431486362,-0.0300949645424769,slouching
0.048705803473531324,0.0,-0.4079284965991974,0.1916499386475433,-0.00558402983626849,-0.40238168835639954,0.10285731440622632,-0.022416843307621108,-0.19960452616214752,0.1901196306458043,0.3842862800687499,-0.4846743047237396,0.06799576626749343,0.24904089357903866,0.008158251643180847,0.027245582213177116,1.092618080426137,-0.15311592817306519,-0.027245582213177116,0.9073787064698154,0.15414851903915405,171.91424445689591,-86.85027885915432,-79.30483754997394,-132.08140168333787,-0.08035189498311754,-0.2094095934397664,0.12905769845664886,0.1352453864897112,good_posture
0.516557779908968,0.0,-0.2243480533361435,0.40715559000547685,-0.05218179614830499,0.009024359285831451,0.3268393288997546,-0.06696532466609864,-0.3301558196544647,0.23640917762030025,0.174893612749466,0.23721660673618317,-0.00343630064284697,0.20519977922217222,-0.48953303694725037,0.08604908567332935,0.943562142683479,0.2461579293012619,-0.08604908567332935,1.0564328622717378,-0.24551190435886383,21.718610667732744,-44.89795280000461,-81.81588823005218,172.79843959219164,0.40007134142024137,0.2835849029315147,0.11648643848872665,-0.03030616647270623,leaning_sideways
0.8251514236784068,0.0,-0.020466657355427742,0.7301819310034188,-0.1642893048065872,0.11498702317476273,0.7276674695699062,-0.1281090741077676,-0.20589932799339294,0.4805952316969771,0.046568487806581016,0.30942508578300476,0.533341979878017,0.18432260958823252,-0.3640909492969513,0.023598505263128112,0.8938470053502322,0.20904551446437836,-0.023598505263128112,1.1061488500643581,-0.20862755179405212,56.647520399105595,-49.691693643586476,-60.18143541313517,69.04790485457656,0.31818281789090963,-0.1887857878965875,0.5069686057874971,-0.1377541217816515,leaning_forward
0.07410768256605359,0.0,-0.5253430604934692,0.21127252628296012,0.045852840781086666,-0.5572815537452698,0.1551726657507072,-0.018984427663734996,-0.3307775855064392,0.17134857836855621,0.46014827416584675,-0.6134788393974304,0.08646231365181634,0.2135248466703088,-0.11751291900873184,0.02650074493147021,1.0851831401213194,-0.14519114792346954,-0.02650074493147021,0.914813923745607,0.1481473743915558,-172.9810781363475,-80.46585324623274,-79.00001523694696,-108.99314752004189,-0.05479776344413269,-0.18370320945431895,0.12890544601018628,0.24662342749553795,looking_up
0.24323098025684758,0.0,-0.11584490537643433,0.1051889727118712,-0.03435565608993064,0.07312788814306259,0.06315841068220927,-0.03128727383981117,-0.2893645763397217,0.01057149848287176,0.2594319053367934,0.32428422570228577,-0.08480659083415445,0.2742218172780785,-0.49921998381614685,0.04420871970169256,0.9616943850428331,0.2271188497543335,-0.04420871970169256,1.0383012331205717,-0.22644557058811188,11.659334013218345,-67.9629498601841,-92.89818445072872,171.18556653897156,0.2803485264324889,0.31746607260813026,-0.03711754617564134,-0.014789911941285094,good_posture
0.062052555743291805,0.0,-0.29305553436279297,0.19948934284715358,0.035198069545662666,-0.35934481024742126,0.1543916191831073,-0.008901128000376145,-0.12568797171115875,0.17804916889890796,0.43451488402493094,-0.4705568552017212,0.09404666635284664,0.272869547289227,0.054085202515125275,0.018023200565664,1.0768963255907134,-0.16592107713222504,-0.018023200565664,0.9231004684982037,0.16696442663669586,-173.47112953900768,-83.15269634207979,-78.11274616463199,-117.4596218896706,-0.07399536188258549,-0.21004327950846277,0.13604791762587728,0.16164533673570392,looking_up
0.45944877528247063,0.0,-0.02195057086646557,0.353687819760453,-0.09796902904452111,0.12076994776725769,0.34023527628894396,-0.08445928740852528,-0.16219493746757507,0.20539893146079663,0.15600031126573638,0.3000815212726593,0.1538348507337044,0.16981767056965497,-0.32219284772872925,0.04176789441363989,0.9635800981729937,0.17733456194400787,-0.04176789441363989,1.036415569429894,-0.1767873913049698,39.03806302212088,-56.63437848833034,-77.889491394948,164.99916490736908,0.2798318841852201,0.10021499308796958,0.17961689109725051,-0.013817359303918586,leaning_forward
-0.29028425772732697,0.0,-0.16473521292209625,-0.38514388338452493,0.020807967107570765,-0.06167202442884445,-0.39669109250611095,0.05284051076183105,-0.23124940693378448,-0.3488113326793019,0.293867951504625,0.07050278037786484,-0.3008197004839806,0.33245944374663483,-0.2955634593963623,-0.00560209138205085,0.9615760922408949,0.10756751894950867,0.00560209138205085,1.038418984724637,-0.10697346180677414,-20.098848278514982,-103.45269365451931,-115.31027098049137,38.803791647759226,0.034531258854314295,0.35934677543595556,-0.32481551658164126,-0.038591492242009806,slouching
0.05396845743034866,0.0,-0.2044566124677658,-0.008514104419935236,-0.026850399658598235,0.013480531051754951,-0.058041830159099125,-0.017225588589369168,-0.30045363306999207,-0.019237063124932632,0.27284339110828043,0.24530130624771118,-0.11704591004744459,0.3233099474037514,-0.474577933549881,0.025318356344755124,0.9540410329370558,0.20927181839942932,-0.025318356344755124,1.0459561693164523,-0.20831793546676636,14.176084111136625,-83.7844443968856,-95.54480997987751,152.70756533590423,0.12210994401653727,0.19025143060272587,-0.06814148658618861,-0.05046655629547098,slouching
0.2842189492369671,0.0,-0.594720721244812,0.45846180041333584,0.05211440756934413,-0.628779411315918,0.38596149599748036,-0.02434865795080207,-0.3922182619571686,0.3908450546945115,0.5359005437729032,-0.7034892439842224,0.2596274814411927,0.20879223790889972,-0.16707004606723785,0.0174103013592533,1.1383686858656663,-0.16225068271160126,-0.0174103013592533,0.8616278098993091,0.16328604519367218,-174.25503913289714,-74.86208870105408,-62.60773928495409,-111.85789856447495,-0.041017318830885,-0.3662535868987371,0.3252362680678521,0.32710830586400347,slouching
0.02576278869988612,0.0,-0.4728294014930725,0.18038983719829021,0.0005098122848360988,-0.4742383360862732,0.10037937916664297,-0.0338017354786356,-0.27629947662353516,0.1831021536757227,0.439228044563069,-0.5399056077003479,0.060150059019972564,0.24456033722877382,-0.06433519721031189,0.03086984343565907,1.1135893154075531,-0.1495935171842575,-0.03086984343565907,0.8864073545434601,0.15073858201503754,171.73698323876118,-87.0050664587325,-79.52914993424436,-122.27650041563021,-0.09586331764796151,-0.21748942399580912,0.12162610634784762,0.1946677073342952,good_posture
0.7835838928632497,0.0,-0.23349079489707947,0.7484853596259128,-0.07725544317766407,-0.02683996595442295,0.602903801039881,-0.09001570722802714,-0.20963673293590546,0.5063718002877825,0.16826419439410847,0.16229483485221863,0.23946906478266294,0.1539191604689017,-0.33557242155075073,0.0890099915351123,0.9583887275395091,0.17880995571613312,-0.0890099915351123,1.041604902545182,-0.17846499383449554,37.78276985321587,-38.94802634513888,-66.03330759239417,-176.92352399143658,0.410663460328027,0.03774302779280425,0.3729204325352227,0.01434503392520678,leaning_sideways
-0.22882856284988443,0.0,-0.05633840337395668,-0.14436037109188377,0.038767835916002566,-0.12673352658748627,-0.16111226872066572,0.02221026024592292,0.007925516925752163,-0.14107747306015977,0.33572345858566366,-0.2230502814054489,-0.11830643595071526,0.3099967105209815,0.13642853498458862,-0.015340810907215533,1.0135628285645446,-0.09778134524822235,0.015340810907215533,0.9864326590735528,0.09813516587018967,-158.16474637869854,-94.50667365155807,-100.84253341342577,-48.487593406072314,-0.0991366083444469,0.03055534616099062,-0.12969195450543752,0.02572674806468217,looking_up
-0.34781533562900563,0.0,-0.48151522874832153,-0.48832909690580306,-0.035266653030158385,-0.25346240401268005,-0.5988744992334861,0.006472324230933591,-0.5278999209403992,-0.4036162263178584,0.2030921205967753,0.016297733411192894,-0.5921170876340396,0.3830074790991338,-0.6173683404922485,0.032106808550952805,0.9055416780460865,0.19918841123580933,-0.032106808550952805,1.0944526783287096,-0.1992700845003128,4.205677465834838,-98.46114758024208,-125.15506562979499,136.3349685258314,0.15005132134694332,0.6479179783228923,-0.49786665697594895,-0.17991535850235849,slouching
0.0145546454392734,0.0,-0.21080978214740753,0.229042375172901,0.0001120241906697921,-0.33666494488716125,0.17216111702532066,-0.01989885420200376,-0.07081995159387589,0.20776822896342684,0.3413377786376418,-0.47259199619293213,0.1579741728785567,0.24846240955993368,0.15490245819091797,0.019402757024292575,1.0586915109366093,-0.20136575400829315,-0.019402757024292575,0.9413038138045747,0.20218980312347412,176.9560529761002,-86.67072371002646,-75.46035769957203,-118.19747007735323,-0.16831655548171837,-0.35118775640271016,0.18287120092099177,0.09287536907770813,slouching
-0.642235326790547,0.0,-0.08259638398885727,-0.5250508996961767,-0.15797033348385955,-0.22497542202472687,-0.5587501829567902,-0.13781176188108046,0.08092588931322098,-0.2814730228137717,0.05317222453059453,-0.35567227005958557,-0.3884902344536457,0.11465825300278773,0.2643672823905945,0.05053556972187863,1.0231213034612188,-0.18385639786720276,-0.05053556972187863,0.976874335223828,0.1844271570444107,124.15442749872051,-131.75328676215327,-110.08582373122067,150.12076459174256,-0.30725369815683823,0.0277279304768705,-0.33498162863370873,-0.0614860284721932,leaning_forward
0.4688969153103354,0.0,-0.12238729745149612,0.412421589818429,-0.14462694950670127,0.009532946161925793,0.38753565461425343,-0.1449972487161553,-0.20051798224449158,0.23495797909868005,0.12285217884756301,0.17266345024108887,0.18145581689079696,0.14427537188392747,-0.3075259029865265,0.03354607785882276,0.9462343233553375,0.14224214851856232,-0.03354607785882276,1.0537614746900994,-0.1418991982936859,64.54950859274257,-55.43724122427719,-76.48784156062179,158.17798024747668,0.2606900173155969,0.05248311932085836,0.20820689799473852,-0.02142319303636446,looking_down
0.9491234789641704,0.0,-0.20699097216129303,0.8594286508730614,-0.0040713174292058086,-0.2495487481355667,0.8355528694395095,0.02485364296254866,-0.21527187526226044,0.6011308893428207,0.22669536172140872,-0.20475563406944275,0.5309729028381523,0.24244417136439822,-0.1425001174211502,0.006854516310876923,0.9906995735222373,-0.01920674555003643,-0.006854516310876923,1.0092913650062962,0.0193430557847023,-5.8377669091303295,-38.538884746051906,-53.51612655277305,167.34817622730503,0.3830715828736838,-0.18298031321680275,0.5660518960904866,-0.015748809642989497,looking_down
-0.007478590990020399,0.0,-0.29957398772239685,-0.07186171096273086,-0.05081063620099962,-0.13256272673606873,-0.11884833650622247,-0.011787992542864244,-0.3159793019294739,-0.08968846459772907,0.23561957525924593,0.03807876631617546,-0.09560863959457731,0.3436047999725655,-0.3930232524871826,0.005704490546213719,0.9494294335844679,0.13465352356433868,-0.005704490546213719,1.0505671813971822,-0.13327227532863617,19.60458509887739,-90.48320401384055,-97.43057470862863,93.13803867438767,0.08516996110613279,0.17781851320228598,-0.09264855209615319,-0.10798522471331956,slouching
-0.4512542440142237,0.0,-0.013334600254893303,-0.35188024936047335,-0.07197651765445118,-0.18556003272533417,-0.35483306414855537,-0.06504812867701558,0.1142285168170929,-0.20585418727289717,0.22857995139603043,-0.3489435017108917,-0.21321300891292824,0.20805286885124186,0.3043985366821289,0.02117737460471655,1.0184259897791827,-0.19118687510490417,-0.02117737460471655,0.9815700908385897,0.19163842499256134,145.01426023398605,-116.63032491409467,-105.00565120370932,-109.72241676596443,-0.24172064592131098,-0.03218704782839826,-0.20953359809291272,0.020527082544788577,leaning_forward
0.09861701746226362,0.0,-0.5411959886550903,-0.0008854336905550569,-0.048274048792046886,-0.2676515281200409,-0.15969497560126042,0.0017114044165616631,-0.5317656397819519,-0.02605225143378543,0.22942492337324244,0.013683709315955639,-0.17450157450178874,0.3903490888970052,-0.6328233480453491,0.04141832819493035,0.9240964203006296,0.21187499165534973,-0.04141832819493035,1.0758992749615055,-0.21134987473487854,7.4142761544309,-86.5669507693854,-98.26753088779218,132.6909177942861,0.1988939304300507,0.2991708433978378,-0.10027691296778708,-0.16092416552376276,good_posture
0.16471462728750808,0.0,0.04613135755062103,0.4138039129347072,-0.08483848879831593,-0.0545966736972332,0.29087776685958455,-0.07242539275093261,0.22636036574840546,0.6888397672461851,0.23507145075634514,-0.19790275394916534,0.35976643282434445,0.21214353448590656,0.4218916594982147,0.0828405994404125,1.041533901742116,-0.19322143495082855,-0.0828405994404125,0.9584590503389835,0.19312413036823273,157.2620149811257,-119.6381609359833,-55.96845697402684,-176.01440429752662,-0.35958847274775674,-0.8838915727830216,0.5243031000352648,0.02292791627043858,slouching
0.02526312835624447,0.0,-0.2503509819507599,0.15448571648732173,0.007044116003047167,-0.34631097316741943,0.11379410521237286,-0.019264227661096523,-0.079766646027565,0.1521259954119369,0.3805160167706954,-0.47497957944869995,0.07467990085840673,0.26417459857694875,0.10299746692180634,0.01901241383287197,1.0689794862548436,-0.17257510125637054,-0.01901241383287197,0.931017360957852,0.17336216568946838,176.7879874033597,-86.38743739193193,-80.49977730273375,-123.65089155892798,-0.08813981977892733,-0.20154276791409914,0.11340294813517181,0.11634141819374666,looking_up
0.00014281327490606115,0.0,-0.48977431654930115,0.1543854541351616,-0.001257343723042815,-0.4852428734302521,0.06728011634673804,-0.03234583732386074,-0.2842012643814087,0.16292128619552299,0.4487710062040139,-0.5498210191726685,0.04440455986075759,0.24162015531814904,-0.07968755811452866,0.03134164480318565,1.1192982595377616,-0.1473773568868637,-0.03134164480318565,0.8806984582579084,0.14851830899715424,171.36897858935058,-88.865325004558,-81.00406729974894,-119.77506628533108,-0.10352010975323422,-0.2071830327813745,0.10366292302814029,0.20715085088586485,good_posture
0.46609409610163594,0.0,-0.19321487843990326,0.39215774225440764,-0.07657407073147338,0.03119789808988571,0.3450044779382767,-0.09912348423918149,-0.30676621198654175,0.24142047167573252,0.22531379611929975,0.2609513998031616,0.09220091100890188,0.22727070408881567,-0.49304139614105225,0.04493539765695608,0.9676211852098685,0.22487492859363556,-0.04493539765695608,1.0323757846592874,-0.22359539568424225,42.015471537922494,-57.28767196055767,-77.8332916911912,179.24864984235316,0.29928340475931875,0.13247271341700156,0.16681069134231719,-0.0019569079695159197,looking_down
0.16755622148208363,0.0,-0.02556132897734642,0.09033166767761533,0.008741019540757978,0.061296895146369934,0.09734629648429154,0.0157428117132779,-0.17657561600208282,0.014043778486741956,0.29429322090661786,0.2151332050561905,0.07837420640110304,0.3303144095484132,-0.30822494626045227,-0.00760802725653883,0.9784755339210047,0.15989269316196442,0.00760802725653883,1.0215214112848965,-0.15900294482707977,-9.428824776499614,-80.98046958197183,-86.15584281540539,29.24621521821325,0.12134722903816114,0.07513823659423866,0.04620899244392249,-0.03602118864179532,looking_up
0.04415789782671918,0.0,-0.34350287914276123,0.017016823057375077,-0.06791545551150038,-0.17851170897483826,-0.06328671002615015,-0.045700133278676836,-0.37663474678993225,-0.031895409716345795,0.2646656210948531,-0.015690051019191742,-0.09833362049230517,0.34945999699715663,-0.43528494238853455,0.022826329080808127,0.9445922220011748,0.11973017454147339,-0.022826329080808127,1.0554042691869592,-0.11917833983898163,40.17064849220846,-83.41890969888877,-95.36826857592234,128.07946021016642,0.10927241293104466,0.17438692803537015,-0.06511451510432548,-0.08479437590230354,good_posture
0.30043449802490635,0.0,-0.2128429114818573,0.1586310470686451,-0.04322348484698006,0.029151758179068565,0.0956365335188669,-0.03487555723209638,-0.26636168360710144,0.05843768248798521,0.25557941149331104,0.2503153681755066,-0.10487602872769274,0.2596152467996531,-0.43472588062286377,0.06627226149630643,0.9751099665665339,0.18315179646015167,-0.06627226149630643,1.0248860084022917,-0.18140359222888947,12.698275728694275,-63.122212059674,-91.79138728880591,178.58438538894666,0.3236536711447601,0.3468728442646139,-0.023219173119853765,-0.0040358353063420505,good_posture
-0.4894702138384174,0.0,-0.0346967838704586,-0.3752994211999765,-0.08647500880154432,-0.16831673681735992,-0.4101717184368992,-0.06940101599211178,0.07649819552898407,-0.21311833318092316,0.208928278253435,-0.30805841088294983,-0.269289332015298,0.2142407814204906,0.2583061456680298,0.028828388362540175,1.0452327014705864,-0.18695028126239777,-0.028828388362540175,0.9547638735202625,0.187459796667099,141.14199851905929,-117.62688262317069,-107.01073649422689,174.5971889821713,-0.2482663812403068,-0.0070625486421962425,-0.24120383259811057,-0.0053125031670556155,leaning_forward
0.9941444325901884,0.0,-0.3870372772216797,0.9183596080436757,-0.19281771666192293,-0.1905788630247116,0.8529691832546404,-0.2512880506893846,-0.47558167576789856,0.6550510355537922,0.1275209842466955,0.03905583173036575,0.5038660845508345,0.08365694169746497,-0.5983272194862366,0.065568615098475,0.9696171325610962,0.18752244114875793,-0.065568615098475,1.0303781752084773,-0.18664222955703735,63.96299033864223,-46.93694018875514,-57.06209876378922,-163.82070747768014,0.41468587253787503,-0.1647726875144383,0.5794585600523133,0.04386404254923053,leaning_forward
0.19868475177687211,0.0,-0.1623702198266983,0.11688832558540777,-0.01672268198134911,-0.010656113736331463,0.07286454107523169,-0.0006626535214195765,-0.254895955324173,0.08272956586690419,0.25673511977854097,0.17839376628398895,-0.0013297581160308881,0.3217871093684316,-0.3998941481113434,0.03141570240647442,0.9532498466737536,0.17249590158462524,-0.03141570240647442,1.046746419495428,-0.17203280329704285,4.786648502172783,-79.69457378922395,-86.72257290997621,142.2643606399944,0.15798484790143547,0.11728494402599882,0.04069990387543665,-0.06505198958989061,good_posture
-0.4932723190427377,0.0,-0.38958048820495605,-0.2676318112173383,-0.08429061569294741,-0.5183420777320862,-0.3258104371068762,-0.1087347536269518,-0.29906314611434937,-0.06359430473787482,0.34694593524936507,-0.5528741478919983,-0.09238167649129508,0.11101390397849092,-0.11086909472942352,0.010666855127352173,1.088049272639587,-0.15901893377304077,-0.010666855127352173,0.9119442639057572,0.16048304736614227,153.84754116860566,-123.90135582981745,-95.77579670266405,-96.95658814256942,-0.41528432842815277,-0.3372963378135678,-0.07798799061458495,0.23593203127087414,slouching
-0.45185436089434455,0.0,0.06175174191594124,-0.38021361252115715,-0.07729838739840258,-0.08190541714429855,-0.36040262251766214,-0.05899856422585845,0.16332434117794037,-0.2672591579420734,0.14678803639129548,-0.21817921102046967,-0.21015919263114638,0.1551795717131282,0.2904070019721985,-0.002591561945806556,1.013208388550641,-0.15451133251190186,0.002591561945806556,0.9867870951861955,0.15462516248226166,140.11437983339073,-120.98673974305669,-105.70388514364114,8.36046594077364,-0.21314518560773466,0.025563989678875243,-0.2387091752866099,-0.008391535321832733,leaning_forward
-7.152699777605827,-0.0,-0.03042159602046013,-7.065899273208354,1.1797675033083161,0.06921273469924927,-6.961647277115557,1.3903679454206508,-0.06750426441431046,-5.08012777856388,0.4195759278250454,0.17889678478240967,-5.220142662541714,1.365287397667612,-0.17870722711086273,-0.022488025708559695,0.778906614442895,0.11675263196229935,0.022488025708559695,1.2211398486921832,-0.1168646439909935,-96.17018664032946,168.10276928148033,-178.8032069122894,98.42160264891474,-2.00256455705303,3.147570663499767,-5.150135220552797,-0.9457114698425667,looking_up
0.8404442539411916,0.0,-0.14486846327781677,0.7193542687225231,-0.17390863363863243,-0.01826694793999195,0.6537516450296728,-0.20623783953247396,-0.24603280425071716,0.43615741499997707,0.02924626786468621,0.13373051583766937,0.06576952872194579,0.0566732598662342,-0.37105610966682434,0.09776481409761688,0.9066430301436568,0.16153129935264587,-0.09776481409761688,1.0933495570125986,-0.1610122174024582,51.0049113333013,-28.146027101205853,-75.30618184077254,175.76501255443395,0.5894807820802301,0.33851731021926873,0.2509634718609614,-0.027426992001547988,looking_down
0.8549914125399545,0.0,-0.09513246268033981,0.759608477288572,-0.084560374827078,0.0801084041595459,0.7109320964377778,-0.11456283174347297,-0.21404646337032318,0.5166469679500084,0.19759317356841427,0.28363531827926636,0.3992280699338267,0.1049169288851654,-0.36314770579338074,0.07179428451940668,0.9739710520657535,0.2020585536956787,-0.07179428451940668,1.0260242482465565,-0.2019692212343216,39.747339013308185,-42.12583833254007,-61.65100066180761,-141.7167168729796,0.3970538935980369,-0.0608836253438807,0.4579375189419176,0.09267624468324887,leaning_sideways
0.5154831243704321,0.0,-0.17186574637889862,0.43038576198409195,-0.07866462414404918,0.03144419565796852,0.3948373176660394,-0.10028299849729622,-0.2904975116252899,0.28438188339481035,0.2281240912561951,0.24511472880840302,0.1333706554642974,0.22868847255519814,-0.46595221757888794,0.05071071241507762,0.9699607212197896,0.2002439647912979,-0.05071071241507762,1.0300360603074163,-0.19917459785938263,41.015511624982594,-57.34343354066259,-74.85261468593418,179.7858668103262,0.3066068549408782,0.0977305855113243,0.2088762694295539,-0.0005643812990030472,looking_down
0.37688771439058827,0.0,-0.07828113436698914,0.3287091735265074,-0.13507853643692805,0.0314970538020134,0.3204618709729194,-0.14205943588689057,-0.1867351233959198,0.16361752944986419,0.10837112321024214,0.18482011556625366,0.12445050893838404,0.12094874113208792,-0.2880908250808716,0.024885609469540524,0.9334485439835641,0.1376233547925949,-0.024885609469540524,1.0665475509080569,-0.13744860887527466,69.321228920283,-54.51123807650804,-80.759611266483,162.1967332688498,0.23285369519646418,0.08881967600234009,0.1440340191941241,-0.01257761792184578,looking_down
0.2473419047372551,0.0,-0.2371896505355835,0.12039055811871688,-0.09042997440944592,-0.11017962545156479,0.09593932020852841,-0.07220365600866033,-0.3117313086986542,0.12737378041556643,0.2621557991138442,0.05368838086724281,0.09009232247911861,0.34861067825613007,-0.40731915831565857,0.020507005947657784,0.9524130538227602,0.14256316423416138,-0.020507005947657784,1.04758282027821,-0.14227265119552612,30.29642867137298,-90.08417483370026,-81.1032774483401,113.32688683681286,0.13860885328991257,0.02987580184257005,0.10873305144734252,-0.08645487914228589,looking_up
0.6913393256484637,0.0,-0.28274378180503845,0.6116984885017718,-0.10816560326762656,-0.08269045501947403,0.5708592732521872,-0.12785837185560295,-0.37940773367881775,0.45033257139141336,0.13662230792612257,0.1403227299451828,0.32508975743817686,0.13154017287133354,-0.5389673113822937,0.05210575163531636,0.9827888684550627,0.21168988943099976,-0.05210575163531636,1.0172075659497566,-0.21062316000461578,49.70593063047732,-51.07879032308935,-65.87972541988245,-177.676311982353,0.30362816123366854,-0.0840830031811266,0.38771116441479514,0.005082135054789022,leaning_forward
0.1868285854060934,0.0,-0.3961643576622009,0.1131986226053235,-0.03664336610532719,-0.16312114894390106,0.055934099255046395,-0.030982793552223144,-0.4277370870113373,0.08372010968791382,0.25311608172663536,0.056966207921504974,-0.06393167083734118,0.33162901195626127,-0.5429438352584839,0.048720877875760606,0.953867437049112,0.18768350780010223,-0.048720877875760606,1.0461296980485257,-0.18659858405590057,18.296506342304227,-77.10573142776978,-89.19892703368848,151.99846142966356,0.17693436598080708,0.16704014655552077,0.009894219425286324,-0.07851293022962591,good_posture
0.08871830230092258,0.0,-0.05167427286505699,0.019172035473606543,0.011682841030660373,0.05136008560657501,0.008510762116441537,0.02210568240740035,-0.11237165331840515,-0.006097279220987023,0.266467550651867,0.1773378551006317,0.008427985171590437,0.3137651055208155,-0.23212313652038574,0.0027184802242990066,0.9788822733552857,0.11989209055900574,-0.0027184802242990066,1.0211137487952804,-0.11945901811122894,-12.71458003596543,-87.34368637278791,-89.9059424285081,72.92807273606961,0.08755294932562087,0.08638759635031916,0.0011653529753017072,-0.04729755486894849,looking_up
1.1736078650074333,0.0,-0.15639950335025787,1.1006292295762325,-0.26095234688839947,-0.03169829398393631,1.0619195852718013,-0.2877373612999727,-0.23254448175430298,0.7067789278813361,-0.12981458909699423,0.11786853522062302,0.6501031429034149,-0.04576298996902465,-0.3205762505531311,0.06938716062237597,0.9682194812510381,0.12760178744792938,-0.06938716062237597,1.0317725684984507,-0.12727707624435425,71.39883433174607,-24.84931482446562,-58.04860259499589,123.99169028332555,0.49516682961505787,-0.18327420577731757,0.6784410353923754,-0.08405159912796958,leaning_forward
-0.005837791616419682,0.0,-0.2925214469432831,0.10232405790431032,-0.03719629176879775,-0.3542207181453705,0.046019209023942555,-0.037977288647974124,0.07611904293298721,0.14879046546163222,0.23764528914534805,-0.5415579676628113,0.040369657303587436,0.24301262819900749,0.39811310172080994,0.04758039330658902,1.0391664248549108,-0.26028886437416077,-0.04758039330658902,0.9608311059180398,0.2642023265361786,154.83682276193113,-94.19991204449443,-82.9031056078208,177.1659035792384,-0.10041785299902951,-0.19499791438163933,0.09458006138260983,-0.005367339053659437,slouching
0.3938396870131049,0.0,-0.32589003443717957,0.320875767364531,-0.056758172513794315,-0.06243351846933365,0.26185670978155684,-0.06621585006698189,-0.3254992961883545,0.24161819854015443,0.2624539795053283,0.16100986301898956,0.06538560586932454,0.2795715942503537,-0.5013264417648315,0.06278594190814131,0.9629650460875226,0.19608326256275177,-0.06278594190814131,1.0370319667798285,-0.1944793313741684,30.964966135343644,-67.47964519320057,-78.10899200365225,174.4522174175748,0.2403377848083654,0.0868358826036259,0.1535019022047395,-0.017117614745025433,looking_up
0.11508233669707872,0.0,-0.5367611050605774,0.10813825017724196,-0.01762684557868263,-0.24438734352588654,0.00043909505524954915,-0.01878355085179818,-0.491449236869812,0.08266306736549306,0.28073107679375986,-0.005040393210947514,-0.08368240234286022,0.34413925377764043,-0.5847159028053284,0.04865767506341291,0.9583709154932735,0.17920459806919098,-0.04865767506341291,1.0416263897494933,-0.17744383215904236,16.670792306701816,-80.58968090927561,-90.04247140990748,159.13397030559992,0.11559200418576229,0.11610167167444586,-0.0005096674886835759,-0.06340817698388057,good_posture
-0.2063125569438734,0.0,-0.022014619782567024,-0.12114958703776951,-0.026817211398149136,-0.1266348659992218,-0.1297024695996905,-0.03300378572841263,0.04990869015455246,-0.0882671139663405,0.2531279216745688,-0.22690992057323456,-0.03026308473792552,0.2435038254623019,0.17297083139419556,-0.0339317873436147,1.0155413481277071,-0.11996276676654816,0.0339317873436147,0.9844545003401162,0.12028761208057404,159.70644107535722,-103.37623446048015,-94.50806311064102,-9.42075763028076,-0.1470474575917404,-0.0877823582396074,-0.05926509935213301,0.009624096212266925,good_posture
0.9732543016326984,0.0,0.00026752310805022717,0.8801492973025775,-0.17736797157717807,0.11274268478155136,0.8776921526399295,-0.15953719683810774,-0.17724205553531647,0.5720660069741628,0.03156141595638533,0.26928839087486267,0.5926757467107379,0.12870683753776502,-0.3349491059780121,0.037423359326073234,0.943401382564682,0.17941322922706604,-0.037423359326073234,1.0565937891328179,-0.1789989471435547,60.75114013073464,-39.9718525694745,-57.66186263820919,78.02209808826537,0.3908834247902482,-0.19148745205220208,0.5823708768424503,-0.09714542158137969,leaning_forward
0.035468907718064636,0.0,-0.1859065741300583,-0.01531652018499931,-0.040405195893736603,-0.02393311634659767,-0.048171114350966965,-0.04586871397552483,-0.24914582073688507,-0.048308956535297494,0.23613386010596377,0.13308171927928925,-0.10299734969999476,0.2599483180570442,-0.36560124158859253,0.0215437218005591,0.9627635888962467,0.141914501786232,-0.0215437218005591,1.0372336514282157,-0.14102673530578613,32.69224376704437,-81.42447192227732,-95.74509780981347,156.4689329932077,0.11112206083571077,0.1867752139533569,-0.07565315311764613,-0.023814457951080448,good_posture
0.19122794021030018,0.0,-0.04879030957818031,0.11277925107427852,0.016074524886311337,0.008412772789597511,0.117059169696102,0.03479603015491857,-0.2100500911474228,0.027772733610761092,0.2939421495309669,0.13053883612155914,0.12650775515359877,0.3523143291155784,-0.3274766504764557,-0.016982206969744184,0.9618208530954179,0.13879063725471497,0.016982206969744184,1.0381757358160482,-0.1383456289768219,-18.434296204586463,-82.7674941260963,-83.49827501504421,30.59159441169735,0.11408769582812024,0.036947451445940305,0.07714024438217994,-0.058372179584611494,looking_up
-0.14410348173925291,0.0,-0.21387979388237,-0.027669552729612815,-0.03170660894361726,-0.361618310213089,-0.06292237191832234,-0.04168818214259713,-0.027247093617916107,0.029059530063983922,0.2737737397950487,-0.516495943069458,-0.010556849036235567,0.24079499705101215,0.20836614072322845,0.018149617749887534,1.018304981386451,-0.20831643044948578,-0.018149617749887534,0.9816924051483495,0.21065756678581238,159.62485923323288,-100.51149404577787,-89.28635366634927,-140.2242356901447,-0.1533548222531271,-0.1626061627670013,0.009251340513874178,0.03297874274403656,looking_down
-0.27733388361385325,0.0,-0.16264596581459045,-0.15622154933128496,-0.09770583053449255,-0.24863800406455994,-0.21783367254635977,-0.06604714953646353,0.017156148329377174,0.011050239210405701,0.1948374099493026,-0.3778408169746399,-0.12870679588033507,0.19328331549013356,0.19196340441703796,0.0458617064320291,1.0391424031929617,-0.18276192247867584,-0.0458617064320291,0.9608539690803798,0.18334558606147766,137.8028684004347,-114.91942227998213,-94.17481939143777,-179.36289873694818,-0.21850560527888857,-0.1596773269439239,-0.05882827833496469,0.001554094459169042,leaning_forward
-0.2685372841441363,0.0,-0.008521506562829018,-0.17225247412253766,-0.08503168934965193,-0.15250180661678314,-0.20276426312505705,-0.07105849279505727,0.14884918928146362,-0.02510990337035116,0.21675371521377715,-0.33867132663726807,-0.09625487358763474,0.22907111902371285,0.32828041911125183,0.03311439088544715,1.0337629183212271,-0.20725344121456146,-0.03311439088544715,0.966233693820298,0.2076302468776703,136.07459732224277,-112.85095964282169,-94.46514765134697,170.17768801844372,-0.20785489566514337,-0.14717250718615044,-0.060682388478992946,-0.012317403809935706,leaning_forward
0.14501826150557517,0.0,-0.3683740496635437,0.08617567470202561,-0.025956850009080074,-0.12319526821374893,0.029061431279814795,-0.02880622430112297,-0.4076366126537323,0.0631140264215188,0.2591634931949012,0.10267984867095947,-0.07994470653229346,0.29378489467965424,-0.5448322296142578,0.04232210263783886,0.9654458138921621,0.1929483860731125,-0.04232210263783886,1.0345515302985067,-0.19098445773124695,17.395301240553152,-77.7391336073694,-90.66637928935111,166.3955159173794,0.1534336015609625,0.16184894161634983,-0.008415340055387332,-0.03462140148475307,good_posture
0.5414183532751865,0.0,-0.6190372705459595,0.5150545355868763,-0.06408014731145789,-0.30059152841567993,0.39367912390068105,-0.12134303980071336,-0.5471453666687012,0.412904059972596,0.1980247142951862,-0.06782890856266022,0.11888134509418528,0.1256848914138622,-0.6595184803009033,0.10596039328605793,0.9516363175119613,0.15830327570438385,-0.10596039328605793,1.0483599878614056,-0.15663780272006989,46.803434569879656,-53.484746105398855,-72.39888383650444,-166.17777981525228,0.27552565074179586,0.009632948208405212,0.26589270253339065,0.07233982288132401,leaning_sideways
0.5230551914737014,0.0,-0.2932336628437042,0.4632594016025065,-0.10493716493721883,-0.07722121477127075,0.38832802848690207,-0.1180986165590198,-0.3154276907444,0.32945760512446015,0.16904415512746204,0.09455759823322296,0.156177728286355,0.16205041922949331,-0.44934216141700745,0.06854152759963585,0.9627551788334182,0.15370599925518036,-0.06854152759963585,1.0372406929810347,-0.1528356671333313,48.906355072848406,-56.558909994651955,-73.77547712475396,-177.68874388194766,0.2802375247682938,0.0374198580628862,0.24281766670540758,0.006993735897968728,leaning_sideways
0.34547983874118054,0.0,-0.315203994512558,0.3054817701793932,-0.1659842019679438,-0.18343497812747955,0.22157948978181255,-0.16260137147215067,-0.3009728789329529,0.25275928213331317,0.009199147974372247,-0.061995796859264374,0.011857065708248007,0.13413535326026732,-0.3646150529384613,0.07983833200812503,0.908928818838053,0.08692612498998642,-0.07983833200812503,1.0910663630900495,-0.08617676049470901,63.48998845584892,-60.920622179865845,-81.88867579263882,152.58793645382488,0.21317166482039995,0.08086349089961936,0.1323081739207806,-0.12493620528589508,leaning_sideways
-0.2584262158571768,0.0,-0.05593438073992729,-0.1709575956189664,0.01206021710890092,-0.1664794236421585,-0.17248829462431592,-0.0006363635529929631,0.005896485410630703,-0.13375614960973647,0.2919472175754622,-0.25832486152648926,-0.08073842549724045,0.26428272029301586,0.14382469654083252,-0.024336622804272817,1.0376116648114726,-0.11817296594381332,0.024336622804272817,0.9623841994500875,0.1186487004160881,-176.2308564716852,-103.31639471033677,-98.45039638143392,-27.55542445425349,-0.15117892830368834,-0.04393164075019988,-0.10724728755348846,0.027664497282446354,looking_up
-0.28631449858961877,0.0,-0.03411944583058357,-0.20002661402798447,-0.020238089956724332,-0.1509888470172882,-0.19844943981483149,-0.032029486807735846,0.0006324296118691564,-0.14860150218688653,0.24494262428520125,-0.23380793631076813,-0.08484206589217316,0.23347378115080716,0.11651107668876648,-0.02543201523073918,1.038834459010419,-0.11532363295555115,0.02543201523073918,0.9611611899918924,0.11574035882949829,163.29420811796763,-107.27468644243625,-98.72241444340716,-10.19713605822257,-0.16959271455008892,-0.05287093051055908,-0.11672178403952985,0.011468843134394086,looking_up
0.23512532842779818,0.0,-0.11770325154066086,0.45964257856219,0.024633341477072974,-0.10470104217529297,0.36038156034442054,-0.0184026810294775,0.02553965337574482,0.492763863187348,0.24367999471176738,-0.17548155784606934,0.269267366993829,0.2584826274440936,0.1585075408220291,0.06429929543069668,1.0570369217989706,-0.09706825017929077,-0.06429929543069668,0.9429563649868592,0.0968082845211029,-178.97947439438602,-83.33028159196863,-63.03498348588903,176.21071698161217,-0.14589028666279033,-0.5269059017533788,0.3810156150905885,-0.014802632732326237,slouching
0.5664900553611127,0.0,-0.30561184883117676,0.5609554767789533,-0.10260219844754075,-0.10606490820646286,0.45395652223267036,-0.17915432234234702,-0.27889928221702576,0.4336702273002187,0.13846777123238196,0.049151260405778885,0.2257246234932563,0.06264339685914408,-0.36778196692466736,0.085845931924669,0.9798380179118147,0.12668448686599731,-0.085845931924669,1.0201562619612623,-0.12631842494010925,67.26421782198061,-53.63719455080254,-69.86918910636419,-159.96634299458515,0.23679262996437522,-0.0929047954323623,0.3296974253967375,0.07582437437323788,leaning_sideways
-0.642593148113751,0.0,-0.02577250264585018,-0.5234003186734718,-0.09722425193254045,-0.1625535935163498,-0.545404655549954,-0.08213291401075788,0.10355143994092941,-0.3281923012917415,0.17537284270783457,-0.30907419323921204,-0.346155221535678,0.2020109194855228,0.30538541078567505,0.026725789479691058,1.031202146461344,-0.20351137220859528,-0.026725789479691058,0.9687941444650644,0.2039104551076889,140.34487033000312,-125.31801740636995,-112.56746203831611,123.99306698249958,-0.30541938670004126,0.03175437471366849,-0.33717376141370975,-0.02663807677768823,leaning_forward
0.5156044057425682,0.0,-0.07093203067779541,0.42022153732835427,-0.07490635992394792,0.05027079954743385,0.4115437532581258,-0.06038214133251986,-0.23513458669185638,0.24969661937880022,0.17312969805041417,0.22179387509822845,0.2812350660691429,0.2422370687966732,-0.3585858643054962,0.010748496635361083,0.953752443676541,0.16815130412578583,-0.010748496635361083,1.0462441178751813,-0.16771894693374634,34.15021753284303,-61.35136811409477,-71.47652695797493,65.46952421619561,0.2501385630185966,-0.015327279705374952,0.26546584272397156,-0.06910737074625903,leaning_forward
0.14553975644716977,0.0,0.02941775880753994,0.24834449874096948,-0.02083342247013152,-0.0635368674993515,0.22922296493553707,-0.017070533637569035,0.11287859827280045,0.28242328349734885,0.2503858122960182,-0.1780247539281845,0.21790852084011142,0.31474823095171606,0.22846846282482147,0.04228622777784146,0.9942945406673076,-0.11350199580192566,-0.04228622777784146,1.0057000869559818,0.11352759599685669,168.51104798664676,-92.16185650420906,-70.77648188158626,135.06772854719375,-0.10462614572156037,-0.3547920478902905,0.25016590216873014,-0.06436241865569786,slouching
0.5653426627012608,0.0,-0.3173391819000244,0.4921762848822764,-0.08772812065773694,-0.08373770117759705,0.44537368462943205,-0.0905828156806651,-0.33963245153427124,0.33245464836177613,0.14999771394614295,0.10893043875694275,0.18660679912665049,0.2203681085236367,-0.48501959443092346,0.06461465580296362,0.9608905482246595,0.16338281333446503,-0.06461465580296362,1.0391060374937497,-0.16158170998096466,42.71453866205667,-52.666391749168476,-72.33255513045408,154.243070848521,0.3058119389570475,0.04628121521283424,0.25953072374421327,-0.07037039457749375,looking_down
-0.011927762478106757,0.0,-0.16513857245445251,-0.08084904723298326,0.010165944560839154,-0.04584353417158127,-0.09750173059755866,0.028485677640587802,-0.20130901038646698,-0.0732122308555078,0.2709277695464635,0.0898517295718193,-0.07764766338090974,0.3176465743305252,-0.28898152709007263,0.003872350741969738,0.9715598274534836,0.11741213500499725,-0.003872350741969738,1.0284363286139773,-0.11709769815206528,-14.04594957909153,-92.86185934005766,-96.10089968135885,95.42334373534378,0.06350218464010202,0.1389321317583108,-0.07542994711820877,-0.04671880478406165,looking_up
-0.11798352931396618,0.0,-0.46042436361312866,-0.002069270031616721,-0.030948069416877683,-0.37923920154571533,-0.08537387912083863,-0.04613210200493966,-0.06546532362699509,0.06116295700244152,0.2661859462427428,-0.49594882130622864,-0.09978880804631357,0.2192945445684675,0.2431579828262329,0.06159801900696633,1.0167835127364535,-0.19592386484146118,-0.06159801900696633,0.9832138555241473,0.20010928809642792,152.57182330895455,-94.95952904533982,-91.46094020813602,-163.75713974325865,-0.09867060379203015,-0.07935767827009411,-0.019312925521936027,0.046891401674275274,good_posture
0.2147853207270085,0.0,-0.20802471041679382,0.06327920367224249,0.0008363484132839738,-0.03143756091594696,0.015283484672236999,0.028563710503038724,-0.2902843654155731,0.049657662249440945,0.27996834947952964,0.19333283603191376,-0.11596392422984238,0.3865926446605259,-0.4414878189563751,0.0574410424542292,0.9384578264713564,0.19419825077056885,-0.0574410424542292,1.0615372306495663,-0.19374598562717438,-4.787858909715831,-77.19063382045869,-92.84674167954381,147.22727026874506,0.24793845171720924,0.28109158270740997,-0.033153130990200716,-0.10662429518099625,slouching
0.5400450392657811,0.0,-0.09993276000022888,0.4642283100986601,-0.17367232478491987,0.02034112438559532,0.4559792376392487,-0.16147877529825103,-0.1911250501871109,0.26285393807709284,0.07275443368072054,0.1707160770893097,0.24447114184522942,0.14896418581686288,-0.3014357089996338,0.022640850363007784,0.9590683128806134,0.14443330466747284,-0.022640850363007784,1.0409271341546056,-0.14415636658668518,64.49670547100142,-53.445483710543265,-74.07706728285773,103.56143922873937,0.28638249930461995,0.03271995934345884,0.2536625399611611,-0.07620975213614234,looking_down
0.016492047508457817,0.0,-0.4139852225780487,-0.1214175298079015,-0.045751486345966964,-0.14354638755321503,-0.23724980161356668,-0.01129535648609048,-0.42015692591667175,-0.07123809046496632,0.19970647885062776,0.11258867383003235,-0.42787976541050404,0.33937881004476506,-0.5493553876876831,0.06979728535907895,0.9055082665790278,0.20546042919158936,-0.06979728535907895,1.0944864676114798,-0.2052154392004013,8.287262130625482,-76.7427114562341,-108.86266725715474,158.61309387629817,0.266050975446193,0.5156099033839282,-0.24955892793773518,-0.1396723311941373,good_posture
0.269903625107833,0.0,-0.6199466586112976,0.4461654932389266,0.0570426030568932,-0.6449480056762695,0.3804071812069307,-0.019398246437593317,-0.4058893918991089,0.3733217928835535,0.5582295719193545,-0.7165316939353943,0.25616619981915234,0.22889512632063555,-0.17353443801403046,0.019104283178371942,1.1452394575806946,-0.16396476328372955,-0.019104283178371942,0.8547570520547646,0.1649680882692337,-172.52141367396723,-75.26694667372985,-62.570407459275906,-109.58222256550476,-0.044840371243519916,-0.35958436759487283,0.3147439963513529,0.32933444559871894,slouching
-0.2973247472834827,0.0,-0.649681806564331,-0.40706022238900985,-0.04615309598153248,-0.42583075165748596,-0.5890089285341567,0.020687140411689335,-0.6206760406494141,-0.2834837418461024,0.2136769649648283,-0.2010495662689209,-0.6714849627602748,0.4908178543894047,-0.6351704001426697,0.08764871795063137,0.8906527234927725,0.1359962671995163,-0.08764871795063137,1.1093399667527881,-0.1360362470149994,3.6299644160935185,-93.2226365978707,-126.39556719731806,144.46259988708732,0.18015960501970596,0.6576439573228946,-0.47748435230318864,-0.2771408894245764,slouching
0.027979840243147338,0.0,-0.3795197904109955,0.16477065444948472,-0.010480253663351067,-0.40929365158081055,0.09774785131698405,-0.030041518936410664,-0.188576802611351,0.17627078029333573,0.4171002420176991,-0.4975886046886444,0.06034124903027872,0.24408668530889535,0.011084556579589844,0.02316894304215217,1.0940920192994585,-0.15386655926704407,-0.02316894304215217,0.9059046579282596,0.15473850071430206,168.90092357169112,-87.88564981319794,-79.97743296641637,-123.82447322819297,-0.09032617441865988,-0.2086321890804671,0.11830601466180722,0.17301355670880372,good_posture
-0.4201952441160197,0.0,-0.036873817443847656,-0.3170751519586319,-0.11975497826817345,-0.2123088836669922,-0.3335496573129183,-0.10770748444432414,0.08941956609487534,-0.15233646922570146,0.12443553634441726,-0.37163788080215454,-0.169387795894088,0.12952838518463533,0.2703340947628021,0.020155839883478313,1.0197403605331066,-0.19500985741615295,-0.020155839883478313,0.9802557171015959,0.1955156773328781,129.83731354630314,-124.34008107043788,-100.44022898939402,163.37029441036236,-0.259333111556125,-0.09847097899623025,-0.16086213255989473,-0.005092848840218073,leaning_forward
0.292217612442586,0.0,-0.2739102244377136,0.1478723353627887,-0.0437249842612033,-0.08924541622400284,0.07600520108637752,-0.029399403783057367,-0.3793182075023651,0.09182635536224192,0.25529670085704936,0.09934113174676895,-0.10263262833180316,0.2997719470543174,-0.524322509765625,0.054295281972984985,0.955251421477621,0.19351685047149658,-0.054295281972984985,1.0447442075503997,-0.19327111542224884,11.464608930263958,-69.51504084870992,-90.4284938259195,167.11730434769876,0.2976207489273666,0.30302388541214725,-0.00540313648478062,-0.04447524619726806,good_posture
0.0752152598755247,0.0,-0.3656824231147766,0.01865649146166591,-0.04312258676767896,-0.3495315909385681,0.01762589743427381,0.017891376693212113,-0.42458322644233704,-0.021926297430812026,0.24665221513294647,-0.27513134479522705,0.03158044134267433,0.4863271104171845,-0.39811596274375916,-0.009148904744887713,0.939792936658971,0.055632710456848145,0.009148904744887713,1.0602038491949919,-0.05495346337556839,12.464198425388563,-87.98860714407685,-89.56343853664941,77.41524356413717,0.07038818791959355,0.06556111596366239,0.004827071955931152,-0.23967489528423805,looking_up
-0.23856803472981863,0.0,-0.41885772347450256,-0.09005646412512569,-0.0032923216103148173,-0.4933954179286957,-0.13294166345242928,-0.05521902860972433,-0.2550395727157593,-0.04184863293489292,0.4170056097413715,-0.5469098091125488,-0.07797998781674897,0.12704588855172957,-0.07351385056972504,0.013125993905649997,1.1160824035686523,-0.167559415102005,-0.013125993905649997,0.8839140918319695,0.17069587111473083,167.03446928099766,-99.7158485803663,-94.70500929430199,-97.10291137134845,-0.17865372435399768,-0.11873941397817672,-0.05991431037582095,0.289959721189642,looking_down
-0.2584262158571768,0.0,-0.05593438073992729,-0.1709575956189664,0.01206021710890092,-0.1664794236421585,-0.17248829462431592,-0.0006363635529929631,0.005896485410630703,-0.13375614960973647,0.2919472175754622,-0.25832486152648926,-0.08073842549724045,0.26428272029301586,0.14382469654083252,-0.024336622804272817,1.0376116648114726,-0.11817296594381332,0.024336622804272817,0.9623841994500875,0.1186487004160881,-176.2308564716852,-103.31639471033677,-98.45039638143392,-27.55542445425349,-0.15117892830368834,-0.04393164075019988,-0.10724728755348846,0.027664497282446354,looking_up
0.7977743949671885,0.0,-0.11490681767463684,0.6018870019336081,-0.06694540136094693,-0.03132205829024315,0.5693251939993405,-0.026076670708055187,-0.27780595421791077,0.2837723301993731,0.14763976563107323,0.13424384593963623,0.2770650746632148,0.3835484791737359,-0.3671858012676239,0.01749287888485352,0.9026875844468388,0.15209652483463287,-0.01749287888485352,1.0973060806158668,-0.1512574851512909,12.364655695150292,-45.642065134220736,-69.10152671087346,91.62857034515766,0.5173556925358945,0.23693699010460056,0.28041870243129396,-0.23590871354266268,looking_down
0.06630502574589972,0.0,-0.4271898567676544,0.20625571307816185,-0.0030185711936726355,-0.435272753238678,0.11760641508191706,-0.02468417331939416,-0.21874818205833435,0.19687787345079383,0.39725344956046715,-0.5193677544593811,0.0844635211180276,0.2553342035590607,-0.004864788148552179,0.02220449971571062,1.1040478799174658,-0.16379469633102417,-0.02220449971571062,0.8959489165388124,0.16486310958862305,171.75806519838355,-86.42344886272363,-78.20599127433772,-128.3827739021824,-0.07436567153851098,-0.21503636882292168,0.1406706972844107,0.14191924600140643,good_posture
0.5554493166529011,0.0,-0.6550285816192627,0.5554886715282795,-0.07262090175120302,-0.3536965548992157,0.4066896041345835,-0.1437447244268747,-0.5607131719589233,0.4762218224733009,0.18536759307512785,-0.15558584034442902,0.09736298087928283,0.1259717684639332,-0.6299388408660889,0.12341590837977942,0.9547909609715075,0.13020256161689758,-0.12341590837977942,1.0452049252263438,-0.12885358929634094,55.497053603037244,-53.632665931255865,-71.23895209482076,-171.0899458911378,0.2686569149766092,-0.01813548669968268,0.2867924016762919,0.059395824611194636,leaning_sideways
0.21342111307635078,0.0,-0.24559448659420013,0.0667962272165139,-0.031517499550914485,-0.05138873681426048,-0.0022272110139594905,-0.007681121042685675,-0.2983912527561188,0.06810845313364518,0.24358567869018063,0.17705588042736053,-0.15443932084464465,0.3588221730889266,-0.448660284280777,0.055572852479271496,0.9356995753569313,0.18940411508083344,-0.055572852479271496,1.0642952457445385,-0.18903246521949768,6.17548230037835,-76.76509404493676,-93.53474775518956,152.62462378161922,0.2565865469318505,0.29975198078735027,-0.04316543385549974,-0.11523649439874598,slouching
0.5775519171870775,0.0,-0.56662517786026,0.5682993917874771,-0.06526791877822147,-0.21953853964805603,0.43442308138915003,-0.13368462714969132,-0.45077773928642273,0.46189654344895903,0.18306460814292994,0.01053741667419672,0.16256427797625697,0.11081986250978082,-0.5631640553474426,0.09200540129470676,0.9680132527086472,0.1621006429195404,-0.09200540129470676,1.0319829324499932,-0.16037501394748688,52.55084166845236,-52.493085159936776,-69.8966654025831,-166.43098912915832,0.26532150647446956,-0.04690890423813843,0.312230410712608,0.07224474563314912,leaning_sideways
0.6308270872702686,0.0,-0.28913170099258423,0.5785396989132457,-0.030843736308643482,-0.027498707175254822,0.4404211455239121,-0.06959808610066612,-0.21122288703918457,0.42570412752470455,0.24074853456760975,0.16529937088489532,0.08282305872062566,0.1695442342452056,-0.33279678225517273,0.12421582724896554,0.9459122002777369,0.1820531040430069,-0.12421582724896554,1.054082134848826,-0.18198387324810028,22.48286021767254,-45.016884771008975,-72.26112569531517,-168.26843127837572,0.3765634941476035,0.12229990102493837,0.2542635931226651,0.07120430032240416,leaning_sideways
0.48310451224948464,0.0,-0.1199810802936554,0.3263024454331268,-0.04958918777740841,0.05469702184200287,0.27450197797674925,-0.05061186170207074,-0.25125861167907715,0.15801674088256557,0.22925051047034425,0.2791324257850647,0.03558987989593215,0.2870342018498398,-0.4161023199558258,0.055796333816824605,0.9512693842169487,0.20278456807136536,-0.055796333816824605,1.048725378014195,-0.2022353857755661,15.334665172749542,-56.55465846715429,-82.5655839092036,154.73337345016793,0.38630120186023575,0.2894978914709869,0.09680331038924886,-0.057783691379495544,good_posture
0.5662176917332062,0.0,-0.34842124581336975,0.5366629530374936,-0.14352727058946083,-0.14957885444164276,0.40475045319970543,-0.18635141615552295,-0.3820442855358124,0.40235485278265215,-0.008070572089055804,0.0125770578160882,0.16267610486773249,0.07978251942690506,-0.4810071289539337,0.082932739845038,0.9497293666425904,0.1468731164932251,-0.082932739845038,1.050265999128861,-0.14593198895454407,59.92626871290889,-46.855870744860184,-73.66821377835787,159.86983220542285,0.28370221290801395,0.001186734082821661,0.2825154788251923,-0.08785309151596087,leaning_sideways
-0.059074101128841906,0.0,-0.24691170454025269,-0.09834438898966695,-0.02136971446393264,-0.17006677389144897,-0.12678924028255273,-0.028201637402149135,-0.35484614968299866,-0.12666816358122993,0.2544281125849839,-0.043380435556173325,-0.13404885030822325,0.3872176720834226,-0.40962421894073486,-0.0025864528573966675,0.9394164593838715,0.11056585609912872,0.0025864528573966675,1.0605800689990026,-0.11034583300352097,24.86049548901142,-87.05305394181393,-100.86501337461188,93.18133090263676,0.07128440581588469,0.20164291276061128,-0.1303585069447266,-0.13278955949843874,slouching
0.48340981350569756,0.0,-0.10193447768688202,0.417833372823474,-0.13961111003507243,0.016448190435767174,0.40214030917730376,-0.14534392467701754,-0.19318915903568268,0.2288388332826082,0.12080748298719038,0.16702695190906525,0.21990473669519037,0.15591742605936862,-0.3018915355205536,0.02825739529338713,0.9745292099217109,0.14028559625148773,-0.02825739529338713,1.025466614482668,-0.14007414877414703,62.73657987331705,-56.53815968100128,-75.40419970470771,104.27652877185513,0.25903802851679825,0.03466624352789896,0.2243717849888993,-0.03510994307217824,looking_down
0.8031109710020414,0.0,-0.1280408799648285,0.6796149208338567,-0.1229458592715259,0.020343361422419548,0.6499795071412838,-0.11988694161634124,-0.2606586217880249,0.4422306937212889,0.1393204675570385,0.19524027407169342,0.32737515590981336,0.17377070331336691,-0.4195558428764343,0.06724033442080812,0.9688163471210245,0.17824165523052216,-0.06724033442080812,1.0311789246569167,-0.17773522436618805,41.27773377241325,-44.791306430930774,-65.4763982117631,163.3036965538699,0.4183080461864903,0.033505121370939195,0.3848029248155511,-0.03445023575632841,leaning_sideways
0.5853796872137929,0.0,-0.12293572723865509,0.4947832359865875,-0.13765487156945921,0.021280206739902496,0.4701846738992888,-0.1161356240078605,-0.2565901577472687,0.2706554542144779,0.07076527783018484,0.2052028775215149,0.22932598289959336,0.20526248603740938,-0.3771558105945587,0.061432636201338306,0.9232273018126992,0.16957858204841614,-0.061432636201338306,1.076767948502192,-0.1691294014453888,50.96239125887098,-48.72871394626227,-73.82689474027349,107.08160118803815,0.3353889686567572,0.08539825009972157,0.24999071855703564,-0.13449720820722455,leaning_forward
0.12432960549556471,0.0,-0.4503476023674011,0.2515530455058855,-0.010999525075070847,-0.39253222942352295,0.1606067088554389,-0.04197253284792547,-0.10943762212991714,0.2680090304367239,0.28250001532790014,-0.4745192527770996,0.14175161047580315,0.22556044979824888,0.20854893326759338,0.04647178611833322,1.0448765670585705,-0.18369510769844055,-0.04647178611833322,0.9551207322037142,0.18845762312412262,162.0483474359327,-89.75499060806793,-74.64238725541766,-155.7255796957008,-0.08055071496069882,-0.28543103541696235,0.20488032045626353,0.056939565529651265,slouching
9.47683809651339,0.0,-0.0897112488746643,9.315436881596153,-1.453304627671998,0.034128617495298386,9.114617337235265,-1.9924942852955796,-0.1734251081943512,6.260029448371843,-2.5172404564104065,0.18173034489154816,6.537437257781106,-1.8164521914338956,-0.285819411277771,0.20389604646574033,0.8970226650454752,0.14221535623073578,-0.20389604646574033,1.1029142550396607,-0.14202389121055603,81.35946397876826,8.958114163121222,-26.33139509658623,68.40380922099352,3.0781047434369153,-3.3206286096395594,6.398733353076475,-0.7007882649765109,looking_up
0.05850367630100625,0.0,-0.4399833679199219,0.17770318653260567,-0.023232510077263797,-0.42984500527381897,0.09975868808830037,-0.042039383491666873,-0.11866973340511322,0.18791814784284772,0.2843350286551104,-0.5250610113143921,0.09661262667123005,0.24490232343554957,0.20264440774917603,0.03945687742408915,1.0239530396236611,-0.19118167459964752,-0.03945687742408915,0.9760442202256864,0.19448009133338928,157.86381645968197,-90.68123254124022,-79.05091030589715,-156.64162090607456,-0.08376171095603263,-0.22602709821307151,0.14226538725703888,0.039432705219560826,slouching
-0.04772573747402237,0.0,-0.35053592920303345,-0.09103270345853395,0.0046388547964369845,-0.18400536477565765,-0.1425596115659606,0.05051386811659752,-0.3940168619155884,-0.09067800124718231,0.3207521009825443,-0.005355496890842915,-0.10644730585237908,0.40617489362585774,-0.45721232891082764,0.0037291951407340137,0.9654982553870476,0.14401564002037048,-0.0037291951407340137,1.0344989550122887,-0.14255133271217346,-21.764352544916235,-93.10722959719874,-98.8019174283594,100.45922342135941,0.050836916075758326,0.14939956962553902,-0.0985626535497807,-0.08542279264331343,looking_up
0.6645613921888303,0.0,-0.2452884465456009,0.5557042329942938,-0.0634936407525539,0.0010413243435323238,0.453869306510027,-0.07574091922889306,-0.2927592396736145,0.35495157145848144,0.19366186847133704,0.23233206570148468,0.09148263077602953,0.195998640497537,-0.45131200551986694,0.09343791170037963,0.9519241326993897,0.22594502568244934,-0.09343791170037963,1.04807053588985,-0.22537146508693695,23.543804872714098,-43.20389422288902,-74.50498850170254,179.4918427047916,0.4413442910715748,0.21812718995431932,0.22321710111725548,-0.0023367720261999736,leaning_sideways
-0.29857920336277377,0.0,-0.08525881916284561,-0.197555182221979,-0.03174527576865648,-0.17540961503982544,-0.21303949244092948,-0.04565621183325869,0.01917867176234722,-0.17694700270881433,0.26497093320520165,-0.2781568467617035,-0.15644335151635735,0.22075365773940953,0.164249986410141,0.0027103054151257533,1.0219681899123685,-0.12729224562644958,-0.0027103054151257533,0.9780276544141372,0.1278281956911087,157.46743481700747,-97.80655578612934,-102.4164653048525,-65.12273791251664,-0.13188402625018794,0.03481115086239789,-0.16669517711258583,0.04421727546579213,slouching
-0.16935770517381957,0.0,-0.6108402013778687,-0.30940515891973297,-0.10477324516339463,-0.4232963025569916,-0.4915284666108808,-0.07230527980599885,-0.6440890431404114,-0.2304144497974694,0.08772004366940359,-0.21282653510570526,-0.7368404145528633,0.37884516707574833,-0.6862874031066895,0.08761389068082916,0.8724447828059015,0.14963828027248383,-0.08761389068082916,1.1275469815796784,-0.14964258670806885,20.96213105361088,-75.51137720192953,-122.24291092517889,150.10703385739723,0.3142697270013468,0.7978971591765132,-0.48362743217516635,-0.2911251234063448,slouching
-0.2375263360381675,0.0,-0.07629361748695374,-0.11936048605360738,-0.060263504999435655,-0.21177373826503754,-0.15745515264505505,-0.044209001837629366,0.07941298186779022,0.014290596586146063,0.2543933777630392,-0.3724059760570526,-0.07369332282481085,0.20120069201549504,0.2366916686296463,0.03562619991346709,1.0439954967464344,-0.19014815986156464,-0.03562619991346709,0.9560010352890587,0.19068843126296997,152.21040973186757,-111.2157737005632,-92.20269564491255,-148.8439828372715,-0.20782497291883512,-0.17812360979950273,-0.029701363119332393,0.05319268574754418,leaning_forward
0.11178840496238623,0.0,-0.07889187335968018,0.03818459623905398,-0.013684773716502209,0.031313780695199966,0.024089917233249547,-0.0045386761666121956,-0.12652696669101715,-0.008361584536960669,0.24249624545195905,0.16199755668640137,0.007038597164150902,0.2901943263297936,-0.24037839472293854,-0.004887206060653487,0.9779683184664678,0.11784207075834274,0.004887206060653487,1.0220276768344039,-0.11761870235204697,6.445773929730142,-83.41492517089085,-90.05166039125518,72.10639467686987,0.11244989864879111,0.11311139233519599,-0.000661493686404883,-0.04769808087783453,looking_up
0.1373043580817855,0.0,-0.40249505639076233,0.0767427081167991,-0.04212288246115861,-0.29979264736175537,0.030561369017415897,0.03488867371895557,-0.43964138627052307,0.00048055880229801824,0.24748780593828798,-0.17804373800754547,0.026158131519661034,0.44645421377294425,-0.4575989544391632,0.011953897362812133,0.9323629901342939,0.10201584547758102,-0.011953897362812133,1.0676339557669978,-0.10011028498411179,2.475912207555471,-83.43737447260924,-88.83154000648366,82.64634945914351,0.12398501292080598,0.11066566775982645,0.013319345160979526,-0.19896640783465627,looking_up
0.1454028001483422,0.0,-0.3798597753047943,0.077901063054071,-0.039787725910007406,-0.14081452786922455,0.020627927666064395,-0.04206569518304164,-0.42060333490371704,0.048203967184281465,0.2402545262334654,0.07594779878854752,-0.10476830298663942,0.3074730753701746,-0.5301200151443481,0.056155692382247296,0.961811937805038,0.18057748675346375,-0.056155692382247296,1.0381853461134798,-0.17837129533290863,23.059774452407265,-76.16109242547778,-92.23048129982845,156.2785179796637,0.1736849680495212,0.20196713595070018,-0.02828216790117898,-0.06721854913670919,good_posture
0.017890595376630153,0.0,-0.18300288915634155,-0.05188289772859034,-0.009313982459436692,-0.024056151509284973,-0.07670562818866673,0.017723281059177007,-0.18420849740505219,-0.029854795551797614,0.2519179743574179,0.129159078001976,-0.034408477463784067,0.31747558020827177,-0.29161250591278076,0.008548518030952182,0.9564268819710307,0.12759184837341309,-0.008548518030952182,1.043569289773335,-0.1271076500415802,-2.9287487496702536,-96.54125143699775,-92.5720215342823,93.97342694912744,0.050022231884420995,0.08215386839221184,-0.03213163650779084,-0.06555760585085385,looking_up
-0.2761371492788917,0.0,-0.4766651690006256,-0.4160180994351494,-0.0389118246642193,-0.2714987099170685,-0.5475778064875435,0.005037818291684119,-0.49514660239219666,-0.24550907796290727,0.21317342241032172,-0.07698780298233032,-0.7016909375034184,0.4554373066395297,-0.5572547912597656,0.09539840197345167,0.8926777848584451,0.14849700033664703,-0.09539840197345167,1.1073151080937815,-0.14854246377944946,4.707916198702345,-91.33703232413438,-125.42961111848462,152.02862977937804,0.19746285845427114,0.671062866187434,-0.47360000773316285,-0.24226388422920797,slouching
0.3784024689409346,0.0,-0.32468119263648987,0.35975533242498003,-0.13865677868721946,-0.1761522740125656,0.2655003032599036,-0.16976374141304598,-0.26799118518829346,0.31775507825221444,0.0347854566191781,-0.03195158764719963,0.07609924945182074,0.08808874890301377,-0.3326426148414612,0.07828284640961065,0.9251360584251933,0.08295287936925888,-0.07828284640961065,1.0748593889865357,-0.08181790262460709,66.90050262536442,-61.78523631873378,-78.15019392762302,167.56114804350264,0.181475305088917,-0.015451858763100623,0.1969271638520176,-0.05330329228383567,leaning_sideways
0.11964160475391622,0.0,-0.10810188949108124,0.057590638891180206,-0.04355911394906216,0.05032452568411827,0.01392475195842988,-0.02958157112024741,-0.16236861050128937,0.06379055670560844,0.22386614365759655,0.20791643857955933,-0.04220398108386196,0.2432401423008608,-0.28488659858703613,0.04824345728627728,0.9505457662684139,0.1492149382829666,-0.04824345728627728,1.0494500262074282,-0.14875240623950958,23.555455795184876,-84.71980887640501,-89.19319825492505,169.64165208319628,0.10884831694304298,0.09805502913216974,0.010793287810873244,-0.01937399864326425,good_posture
0.5101792795056307,0.0,-0.10776347666978836,0.4417626056244905,-0.08421248434218587,0.09919469058513641,0.3994909605543154,-0.12101623793394828,-0.16214103996753693,0.31166196567455057,0.17386185405259438,0.26732000708580017,0.16579374801863964,0.0927842593986477,-0.3218359053134918,0.061561966177273525,0.9863243333048358,0.1859421730041504,-0.061561966177273525,1.0136719443609388,-0.18532977998256683,48.888497551748266,-52.36912057038068,-74.59964564494567,-150.9334824604144,0.27145142265903555,0.03272356581244043,0.23872785684659512,0.08107759465394668,leaning_sideways
-0.2027587551174838,0.0,-0.09694941341876984,-0.12873961369156228,0.04470851638478787,-0.1804002821445465,-0.13186704249093315,0.018789393659712276,-0.04594358801841736,-0.13815388573849843,0.31799831395268807,-0.26620426774024963,-0.07412130358826392,0.272152195981842,0.08855564892292023,-0.028881569547814623,1.0292847451691498,-0.11078150570392609,0.028881569547814623,0.9707109617897366,0.11131054908037186,-156.3376393891032,-95.24340741456137,-98.56249616053891,-35.60194725791659,-0.09662116045410263,0.009516434209278557,-0.10613759466338119,0.04584611797084609,looking_up
0.6347957152969119,0.0,-0.005396903958171606,0.5630489081820921,-0.12267041614896582,0.0847729817032814,0.5524163378974647,-0.09844199023233303,-0.19298027455806732,0.345722151404321,0.07118970902208936,0.2535654306411743,0.4121707940255616,0.2232601506797664,-0.33155879378318787,0.007871604217487765,0.9010678263967504,0.17577864229679108,-0.007871604217487765,1.0989284203435226,-0.17534935474395752,55.12161311700286,-55.25645046222312,-66.04109262321698,66.39661470715295,0.2558492425819706,-0.12309723013297069,0.3789464727149413,-0.15207044165767702,leaning_forward
0.7686565884976042,0.0,-0.21994979679584503,0.6721520667986447,-0.11955880829467798,-0.034359320998191833,0.6247819622691089,-0.11526672024544736,-0.28751200437545776,0.4254822280200163,0.08849523171940249,0.15848827362060547,0.3560443465914834,0.22764574691880912,-0.4387245774269104,0.05877884040713236,0.9579330294265274,0.1744476854801178,-0.05877884040713236,1.042062452485363,-0.17355932295322418,44.33042648315863,-46.909863773660035,-65.10259410423718,116.51978116036076,0.3778933011918544,-0.012869986113895449,0.39076328730574983,-0.13915051519940663,leaning_sideways
-0.33801437845662713,0.0,-0.12414487451314926,-0.21201616787338398,-0.10601361835648834,-0.19748841226100922,-0.2811167874510448,-0.05149585610017037,0.036691341549158096,-0.020123404511034594,0.2006944956538736,-0.31725335121154785,-0.18038642223738952,0.21955732310894766,0.1647401750087738,0.0658552753406536,1.0301252839561557,-0.15649418532848358,-0.0658552753406536,0.9698709261599112,0.15693075954914093,139.26503910873467,-116.86119059163315,-97.2336155147383,173.28721706159857,-0.23775946508241508,-0.13750455170820303,-0.10025491337421205,-0.01886282745507406,leaning_forward
0.641999683717251,0.0,-0.17645105719566345,0.5732026627051822,-0.1777612647235355,-0.038213104009628296,0.5268682245163722,-0.18550688364643245,-0.23559647798538208,0.35125049682242937,0.02693780742134694,0.10623762011528015,0.3134045804495496,0.19414642601171148,-0.33159902691841125,0.042193800261895786,0.941638661529396,0.13699249923229218,-0.042193800261895786,1.058356253263626,-0.13642312586307526,63.14617616063714,-53.309268665229666,-69.51278428115081,102.75341247144365,0.3096721450812615,-0.02265539355472801,0.3323275386359895,-0.16720861859036454,looking_down
0.4512056503369382,0.0,-0.19669507443904877,0.36948786647354337,-0.08014335519777736,0.025780223309993744,0.3327525622175005,-0.09749176251538583,-0.29004448652267456,0.2355442617984618,0.2191461748049409,0.24193799495697021,0.07830218088829068,0.21357076146699427,-0.4643760621547699,0.06358993812788824,0.965903304623806,0.21187245845794678,-0.06358993812788824,1.0340935375376692,-0.21143196523189545,41.58640801271404,-57.52960058702507,-78.67634291192047,-177.96928482039752,0.29428242899356194,0.1373592076501857,0.15692322134337625,0.005575413337946616,looking_down
0.19670363636039614,0.0,-0.053061336278915405,0.1287401955987273,-0.009944638012450924,0.032156623899936676,0.13470108371711148,-0.0019273029979720755,-0.20071007311344147,0.03138099099402007,0.27174242408483107,0.16948644816875458,0.12062681620213135,0.31851966424642747,-0.3195112645626068,-0.018781464976571623,0.9647155182589786,0.1506100594997406,0.018781464976571623,1.035281361978496,-0.14998924732208252,5.219285243625263,-79.51522342318525,-83.84573221506662,27.660797933096692,0.12069973276232043,0.04469582916424472,0.07600390359807571,-0.0467772401615964,looking_up
0.45493873242198846,0.0,-0.5531330108642578,0.44956183209985967,-0.04881425859718922,-0.18437246978282928,0.32790614482854197,-0.11383807401932947,-0.4375281035900116,0.36393057506281945,0.20143619283128286,0.07871634513139725,0.1001040756307465,0.09557941047739091,-0.5464810132980347,0.08849770568272182,0.9947910953812223,0.1648816615343094,-0.08849770568272182,1.0052057012730826,-0.16213132441043854,50.85218838131096,-55.711134527632744,-74.75787055809533,-158.13754950292727,0.2229214070752055,-0.009095918271577463,0.23201732534678296,0.10585678235389195,leaning_sideways
0.5868460394017221,0.0,-0.3580229878425598,0.5283967976117742,-0.08753435626634866,-0.17689307034015656,0.4227362897042303,-0.13840720035354184,-0.34591981768608093,0.4254228868841198,0.1543210617414219,-0.04435785487294197,0.15408104068757678,0.14363686621967942,-0.42716145515441895,0.09184881384726605,0.949823454984039,0.125748410820961,-0.09184881384726605,1.0501715465550583,-0.12497603893280029,45.43211325455049,-54.64993910010513,-71.19748879920034,-177.74512024264018,0.2970940756158738,0.007342111830025533,0.2897519637858483,0.01068419552174249,leaning_sideways
0.7396558937830036,0.0,-0.1511242538690567,0.6634095301336929,-0.1436760084343466,-0.02312828227877617,0.6389538186173891,-0.1516886747973446,-0.22472968697547913,0.40680760643680786,0.07724785282762535,0.12787681818008423,0.3773150008465926,0.0997371452363953,-0.3077067732810974,0.03162513085124873,0.9733147971821712,0.12772297859191895,-0.03162513085124873,1.026679588516512,-0.12737694382667542,59.0748233434801,-42.347556178501726,-66.72623267760804,142.67302915146016,0.34759459014130334,-0.04446671350039688,0.3920613036417002,-0.022489292408769956,leaning_forward
0.02167580872328061,0.0,-0.442516952753067,0.16096773680856225,-0.014256999296542035,-0.4569483995437622,0.07731324564107185,-0.029898568030443887,-0.22936592996120453,0.21561521345336532,0.41161477658091755,-0.5530335307121277,0.04666552910245796,0.26568726656662356,-0.030613357201218605,0.04518432068606835,1.0931911303436364,-0.15520888566970825,-0.04518432068606835,0.906805574264036,0.15613317489624023,167.2367035708759,-91.90527905619216,-78.7841551154904,-139.18172694314237,-0.10946456255463104,-0.24060493383254267,0.13114037127791164,0.145927510014294,good_posture
0.35021409636037265,0.0,-0.07312073558568954,0.22364665967651456,-0.07100230634633355,0.10105334967374802,0.1943870169790629,-0.07436643620962383,-0.27129846811294556,-0.02929874180850518,0.1745571233815355,0.31707680225372314,-0.10608720549127203,0.18781621240278482,-0.4823624789714813,0.04321298736287014,0.9750008421772411,0.23156654834747314,-0.04321298736287014,1.0249942579218698,-0.23026907444000244,27.238133895327863,-42.535233339247114,-94.72602605672961,170.20331966973956,0.4179070700102613,0.48560004366014986,-0.0676929736498886,-0.01325908902124931,looking_down
0.06798344184149152,0.0,-0.34570592641830444,0.20884558588348123,0.006346065317640262,-0.40524834394454956,0.14590608730395588,-0.019269055781680502,-0.15664932131767273,0.2179211673470326,0.42569525211718723,-0.5293537378311157,0.09676409456628902,0.26043750211020866,0.05010119453072548,0.033046304055783585,1.0899971326783628,-0.18118859827518463,-0.033046304055783585,0.9099996610424873,0.1821688562631607,176.61963015391322,-86.71967866088679,-76.5307460306369,-126.24663504178568,-0.0893591891151693,-0.2467018200718301,0.15734263095666082,0.16525775000697857,good_posture
-0.32099664689844154,0.0,-0.09335032105445862,-0.22949292836649543,-0.0028297436627607296,-0.18244029581546783,-0.23489460366687445,-0.013713968193937184,-0.02580702118575573,-0.19283805009460944,0.26933810738049435,-0.247697651386261,-0.1276841832954822,0.2294341365353391,0.09708347916603088,-0.021941308297977587,1.03521373616647,-0.09302137047052383,0.021941308297977587,0.9647815443921409,0.09350832551717758,174.67833951423063,-105.59860738536126,-102.05211417173417,-31.485696314009694,-0.1607355302033957,-0.00047441350834986906,-0.16026111669504584,0.03990397084515526,looking_up
0.4490172409382201,0.0,-0.588954508304596,0.4381509632084227,-0.049636461928201356,-0.25386157631874084,0.31650170454762583,-0.11511170947908109,-0.46804267168045044,0.36038496153642785,0.22585299409055062,-0.016404932364821434,0.08386098335817964,0.11733669606165835,-0.5679855942726135,0.09486279876966423,0.9898424338033787,0.14553335309028625,-0.09486279876966423,1.0101542586403132,-0.14270223677158356,48.966655884826096,-58.57041369615524,-74.99013216450322,-158.57346930007907,0.22689426849091637,0.0047712960436126495,0.22212297244730372,0.10851629802889227,leaning_sideways
-0.21025247380038667,0.0,-0.021516624838113785,-0.11650239932525254,-0.06680726720314381,-0.14772890508174896,-0.14568433610817288,-0.058484300722448784,0.13318999111652374,0.013553089698535544,0.21680503017985953,-0.3202255964279175,-0.05683678472209634,0.25105512773797484,0.31901755928993225,0.030762794942407776,1.027864812362898,-0.20319347083568573,-0.030762794942407776,0.9721318089875723,0.20362697541713715,141.64223423176418,-110.25661590584932,-91.6182067794866,154.0535087119777,-0.18861062628860628,-0.1669687787768259,-0.021641847511780398,-0.03425009755811531,leaning_forward
-0.17156858365123756,0.0,-0.06716744601726532,-0.07766079432886168,0.022502184953453443,-0.17298218607902527,-0.09341300917364165,0.0043744521700458516,0.0017064870335161686,-0.054333788873085605,0.3035190534738493,-0.26847749948501587,-0.016832431875205063,0.27659431532090495,0.14197859168052673,-0.012272927817268426,1.0313488767902792,-0.1311854124069214,0.012272927817268426,0.9686469418555197,0.1315789669752121,-171.12202696286207,-100.23656968242376,-92.86933245760481,-35.677100803676666,-0.13598547327709223,-0.1004023629029469,-0.035583110374145334,0.026924738152944327,looking_up
1.1372474259391263,0.0,-0.13106824457645416,1.064162353694814,-0.25505242655025684,-0.01912008225917816,1.037579316251934,-0.2599310301934444,-0.23490451276302338,0.7129193956122678,-0.07281722239433504,0.13507112860679626,0.6154124227548445,-0.06405382171863702,-0.3291475772857666,0.06398969592015082,0.9850786253216908,0.13635505735874176,-0.06398969592015082,1.0149136831510717,-0.13589820265769958,71.45577396909593,-26.053550894534705,-58.13380268456009,174.86436239529354,0.4730815167555702,-0.19108439242798592,0.6641659091835561,-0.008763400675698016,leaning_forward
-0.1358884217456807,0.0,-0.5196962952613831,-0.15918609920191096,-0.028985102124290764,-0.41939061880111694,-0.24249740819937285,0.08961520074778692,-0.5113940834999084,-0.14000307707784992,0.25164005303591425,-0.28636813163757324,-0.15591357482698198,0.469576478746529,-0.4615824222564697,-0.0006361230790742329,0.9150582528954714,0.046277280896902084,0.0006361230790742329,1.0849368885718707,-0.045407332479953766,-25.019424621473366,-99.0964526199202,-103.0292348084214,94.17548366416518,0.01206990420673526,0.1600282301591512,-0.14795832595241595,-0.21793642571061478,slouching
0.15254721305213065,0.0,-0.07422434538602829,0.06546819015355201,-0.07984003297820684,0.04788153991103172,0.033728003579614134,-0.07412837898494015,-0.14004898071289062,0.04770764137676149,0.18409856016837972,0.19120913743972778,-0.0322411546194981,0.22026625253466314,-0.2532825171947479,0.03594075925985121,0.9553590599310423,0.13105736672878265,-0.03594075925985121,1.044636478600384,-0.1309073567390442,36.788731939086084,-81.47126939723935,-89.44464803215482,155.65868406276672,0.14481396967349894,0.13708072629486723,0.007733243378631697,-0.03616769236628342,good_posture
0.19097250483865652,0.0,-0.2269204705953598,0.12168097212567923,-0.060795082451266864,-0.052689239382743835,0.07181511627289722,-0.06340280827812958,-0.3362392485141754,0.05995468084415269,0.24800082109122565,0.13303382694721222,-0.07417327651750338,0.33828719025199894,-0.47137799859046936,0.04245358302050863,0.9568734447079142,0.18071609735488892,-0.04245358302050863,1.04312354332145,-0.18002793192863464,33.387012833681915,-73.70341245708302,-90.57624169347642,146.05407986972378,0.19808180267533188,0.20519110051200723,-0.007109297836675347,-0.09028636916077329,good_posture
-0.16268093391777846,0.0,-0.503050684928894,-0.036256616810586506,-0.033397049950295736,-0.5019720792770386,-0.10873995962933175,-0.04862854884456441,-0.18168891966342926,0.027117926951346898,0.2760627498572826,-0.6129885911941528,-0.08976606781654489,0.2380678338343497,0.12003618478775024,0.05466000519482596,1.0277218438483549,-0.201912522315979,-0.05466000519482596,0.9722754527314363,0.20550912618637085,155.54515323045857,-97.86463039530112,-92.41431435724643,-161.99246103986073,-0.13135686348517947,-0.10003279305258048,-0.031324070432598994,0.03799491602293287,good_posture
0.8491148799090351,0.0,-0.18595871329307556,0.7199625598455424,-0.13269990351419966,-0.02833171933889389,0.6626953942953406,-0.14843235043720818,-0.2688238024711609,0.4879560190320842,0.13990325378289084,0.12781710922718048,0.2821886383718871,0.13305292292321028,-0.40048670768737793,0.09937144344512579,0.9602075603118607,0.15617983043193817,-0.09937144344512579,1.0397872760587783,-0.15579134225845337,41.696764114013554,-42.13295144710254,-65.9662993694003,-178.09323452227392,0.46404255120704946,0.0789702225050638,0.38507232870198566,0.0068503308596805645,leaning_sideways
-0.31900747295696114,0.0,-0.5265859961509705,-0.1657198976972721,-0.01582603434892538,-0.6210149526596069,-0.22230396362156168,-0.06786052128020671,-0.3659549355506897,-0.06047062344184195,0.3743133980799314,-0.6482597589492798,-0.11283737125637057,0.10881557321804475,-0.16514535248279572,0.029805478338335946,1.098784865534992,-0.1630171239376068,-0.029805478338335946,0.9012115386497479,0.16690491139888763,161.49160968309064,-110.74723083807005,-96.5180014792274,-101.15778893330355,-0.23235347560785488,-0.14569947825874863,-0.08665399734910625,0.26549782486188667,looking_down
-0.19700876056878353,0.0,-0.28673774003982544,-0.07684109126722834,-0.046178514165476726,-0.41608482599258423,-0.12270957279537441,-0.0502750767650668,-0.005947983358055353,0.00023962134205961254,0.25466840306263827,-0.6014454364776611,-0.10205019279207943,0.2473643551580468,0.30669891834259033,0.04105431821849284,1.022609436452601,-0.24785980582237244,-0.04105431821849284,0.9773880700265344,0.25195369124412537,153.61905437878406,-99.27521604677092,-93.888181478138,-175.9157025418303,-0.14610347484377362,-0.09519818911876371,-0.05090528572500991,0.007304047904591465,good_posture
